{"type":"FeatureCollection","features":[{"type":"Feature","properties":{"STATEFP":"21","STUSPS":"KY","NAME":"Kentucky"},"geometry":{"type":"MultiPolygon","coordinates":[[[[-89.4173,36.499],[-89.3655,36.6251],[-89.3267,36.6322],[-89.2717,36.5714],[-89.2365,36.5668],[-89.1591,36.6664],[-89.1998,36.7342],[-89.1691,36.7595],[-89.1192,36.7598],[-89.1235,36.7853],[-89.1711,36.7981],[-89.1789,36.8314],[-89.138,36.8473],[-89.099,36.9614],[-89.1711,37.0081],[-89.1814,37.0463],[-89.0865,37.1656],[-89.001,37.2244],[-88.9341,37.2277],[-88.8057,37.1886],[-88.7321,37.144],[-88.6259,37.1195],[-88.5668,37.0755],[-88.4606,37.0743],[-88.4244,37.1524],[-88.5159,37.284],[-88.4766,37.3869],[-88.4131,37.4245],[-88.3655,37.4017],[-88.2817,37.4526],[-88.0852,37.4715],[-88.0678,37.4859],[-88.069,37.5253],[-88.1408,37.5852],[-88.1594,37.6618],[-88.1224,37.7097],[-88.0596,37.7426],[-88.028,37.7992],[-87.9526,37.7717],[-87.9068,37.8076],[-87.9103,37.8434],[-87.941,37.8792],[-87.9048,37.9249],[-87.8725,37.921],[-87.8298,37.8764],[-87.6791,37.903],[-87.6643,37.8891],[-87.6792,37.8363],[-87.6459,37.8259],[-87.6124,37.8338],[-87.5839,37.8725],[-87.6279,37.9223],[-87.5962,37.9749],[-87.5757,37.9678],[-87.5566,37.9286],[-87.5115,37.9064],[-87.4505,37.9415],[-87.4133,37.9447],[-87.2203,37.8491],[-87.1623,37.8402],[-87.1296,37.7866],[-87.111,37.7824],[-87.0697,37.8015],[-87.0342,37.9063],[-86.9179,37.9372],[-86.8201,37.9994],[-86.7955,37.9895],[-86.7315,37.8943],[-86.6809,37.915],[-86.6471,37.9086],[-86.6616,37.8497],[-86.6383,37.8427],[-86.5981,37.8674],[-86.5886,37.9212],[-86.5342,37.917],[-86.5066,37.9307],[-86.5252,37.9682],[-86.5218,38.0383],[-86.4522,38.0505],[-86.4301,38.0786],[-86.4639,38.1012],[-86.4632,38.1193],[-86.4295,38.1253],[-86.4019,38.1043],[-86.3798,38.1293],[-86.3238,38.1384],[-86.3239,38.1524],[-86.3774,38.1714],[-86.3577,38.1988],[-86.2728,38.1408],[-86.2672,38.0568],[-86.1766,38.0102],[-86.1042,38.0126],[-86.0382,37.9596],[-86.0295,37.9926],[-85.9471,38.0051],[-85.9257,38.0218],[-85.9053,38.0889],[-85.9039,38.1741],[-85.8444,38.231],[-85.8292,38.2765],[-85.781,38.2885],[-85.7451,38.2672],[-85.6836,38.2955],[-85.6514,38.3307],[-85.6045,38.4408],[-85.4989,38.4682],[-85.4669,38.5108],[-85.4224,38.5329],[-85.4158,38.5636],[-85.4565,38.6851],[-85.4363,38.7285],[-85.2685,38.7402],[-85.2133,38.6954],[-85.173,38.688],[-84.9919,38.7785],[-84.9436,38.7754],[-84.8873,38.7948],[-84.8129,38.7861],[-84.83,38.8306],[-84.7852,38.8804],[-84.877,38.909],[-84.8299,38.9694],[-84.8969,39.0575],[-84.7507,39.1474],[-84.6201,39.0735],[-84.4498,39.1178],[-84.4257,39.0531],[-84.346,39.037],[-84.3047,39.0065],[-84.2882,38.9558],[-84.2345,38.8932],[-84.2313,38.8306],[-84.2129,38.8057],[-84.0715,38.7705],[-83.9621,38.7874],[-83.8732,38.7624],[-83.8367,38.7179],[-83.7871,38.6995],[-83.7693,38.6552],[-83.6714,38.6274],[-83.6483,38.6319],[-83.6269,38.6794],[-83.521,38.703],[-83.4681,38.6755],[-83.3564,38.654],[-83.2942,38.5966],[-83.2457,38.6286],[-83.1538,38.6188],[-83.1124,38.6717],[-83.0531,38.6958],[-83.0279,38.7271],[-82.8795,38.7515],[-82.8776,38.6902],[-82.8443,38.5909],[-82.8001,38.5632],[-82.7,38.5443],[-82.6041,38.4598],[-82.598,38.3449],[-82.5718,38.3172],[-82.5831,38.2968],[-82.5747,38.2639],[-82.6123,38.2361],[-82.5984,38.2174],[-82.6113,38.1715],[-82.6447,38.1655],[-82.6204,38.1215],[-82.5513,38.0708],[-82.5192,38.0011],[-82.4643,37.9834],[-82.5022,37.9331],[-82.4803,37.9258],[-82.4744,37.9],[-82.4629,37.9148],[-82.4199,37.8849],[-82.4075,37.8673],[-82.4247,37.8619],[-82.4017,37.8101],[-82.3866,37.8182],[-82.3237,37.775],[-82.334,37.7651],[-82.3124,37.7648],[-82.334,37.7432],[-82.2966,37.7024],[-82.304,37.6758],[-82.2404,37.6616],[-82.2134,37.6252],[-82.1873,37.6269],[-82.1908,37.6451],[-82.1753,37.648],[-82.1814,37.6218],[-82.1642,37.6202],[-82.1567,37.5928],[-82.1273,37.5867],[-82.1446,37.5683],[-82.1332,37.5528],[-82.075,37.5558],[-82.0467,37.5282],[-82.0428,37.5484],[-82.014,37.5336],[-81.965,37.543],[-82.3509,37.2671],[-82.4989,37.227],[-82.7221,37.1202],[-82.7225,37.0451],[-82.8675,36.9775],[-82.858,36.9295],[-82.8786,36.8896],[-83.0092,36.8473],[-83.0726,36.8546],[-83.1332,36.7846],[-83.1364,36.7431],[-83.3114,36.7103],[-83.4237,36.6674],[-83.5296,36.6662],[-83.6483,36.6227],[-83.6907,36.5826],[-84.5431,36.5963],[-85.1954,36.6255],[-85.6778,36.6182],[-86.5078,36.6524],[-86.5641,36.6335],[-86.5899,36.6525],[-87.8532,36.6332],[-87.8496,36.6637],[-88.0705,36.6781],[-88.0325,36.5407],[-88.0532,36.4971],[-89.4173,36.499]]],[[[-89.5715,36.5526],[-89.5461,36.58],[-89.5001,36.5763],[-89.4791,36.5682],[-89.4659,36.5299],[-89.4854,36.4975],[-89.5392,36.4979],[-89.5715,36.5526]]]]}},{"type":"Feature","properties":{"STATEFP":"32","STUSPS":"NV","NAME":"Nevada"},"geometry":{"type":"Polygon","coordinates":[[[-120.001,38.9996],[-119.9992,41.9949],[-114.0415,41.9939],[-114.0439,36.1934],[-114.0682,36.1777],[-114.097,36.1208],[-114.1213,36.1095],[-114.1119,36.0958],[-114.1514,36.0231],[-114.2334,36.0128],[-114.2614,36.0255],[-114.2709,36.0455],[-114.3136,36.059],[-114.3069,36.0825],[-114.3745,36.1437],[-114.4988,36.1266],[-114.5081,36.1497],[-114.5711,36.1511],[-114.6155,36.1297],[-114.6305,36.1422],[-114.6643,36.1163],[-114.7532,36.0895],[-114.7421,36.0398],[-114.7221,36.029],[-114.7428,36.01],[-114.7406,35.9757],[-114.7085,35.9123],[-114.6616,35.8711],[-114.7065,35.849],[-114.6952,35.8323],[-114.7121,35.8062],[-114.6957,35.756],[-114.7054,35.7083],[-114.6806,35.684],[-114.689,35.6503],[-114.6534,35.6108],[-114.6758,35.5795],[-114.6572,35.5323],[-114.6787,35.4988],[-114.6635,35.4478],[-114.6268,35.4096],[-114.6057,35.3585],[-114.5692,35.1835],[-114.5783,35.1288],[-114.6468,35.1019],[-114.6029,35.0686],[-114.6369,35.0284],[-114.6335,35.0019],[-115.8529,35.9697],[-117.5001,37.2204],[-118.7143,38.1022],[-120.001,38.9996]]]}},{"type":"Feature","properties":{"STATEFP":"08","STUSPS":"CO","NAME":"Colorado"},"geometry":{"type":"Polygon","coordinates":[[[-109.0601,38.2755],[-109.0501,41.0007],[-102.0516,41.0024],[-102.0421,36.993],[-109.0452,36.9991],[-109.0418,38.1647],[-109.0601,38.2755]]]}},{"type":"Feature","properties":{"STATEFP":"04","STUSPS":"AZ","NAME":"Arizona"},"geometry":{"type":"Polygon","coordinates":[[[-114.8136,32.4943],[-114.8028,32.5117],[-114.8133,32.5245],[-114.7916,32.557],[-114.7928,32.5693],[-114.8136,32.5613],[-114.7997,32.5922],[-114.8074,32.6213],[-114.7644,32.6427],[-114.7019,32.7455],[-114.6184,32.7282],[-114.5392,32.7498],[-114.5269,32.7571],[-114.5288,32.7963],[-114.469,32.8452],[-114.4629,32.9079],[-114.4809,32.9353],[-114.4677,32.9669],[-114.4929,32.9718],[-114.5113,33.0235],[-114.5717,33.0366],[-114.6188,33.0272],[-114.646,33.0489],[-114.6623,33.0327],[-114.689,33.084],[-114.7065,33.0882],[-114.6754,33.1855],[-114.6736,33.2231],[-114.6895,33.2464],[-114.6721,33.2585],[-114.7312,33.3024],[-114.698,33.3524],[-114.7253,33.405],[-114.6433,33.4167],[-114.5916,33.4994],[-114.5246,33.5522],[-114.5406,33.5914],[-114.5221,33.6113],[-114.5332,33.6517],[-114.5141,33.6602],[-114.5315,33.6751],[-114.4942,33.7079],[-114.528,33.815],[-114.5306,33.8554],[-114.503,33.868],[-114.5259,33.901],[-114.5079,33.9038],[-114.5355,33.9347],[-114.4383,34.0226],[-114.4342,34.0874],[-114.4159,34.1076],[-114.2297,34.1869],[-114.1646,34.259],[-114.1312,34.2627],[-114.1383,34.3032],[-114.1769,34.3493],[-114.2261,34.3659],[-114.3354,34.45],[-114.3867,34.4579],[-114.3808,34.5297],[-114.4365,34.5954],[-114.4242,34.6105],[-114.4582,34.6579],[-114.4705,34.7114],[-114.5527,34.7669],[-114.5868,34.8357],[-114.6352,34.875],[-114.6369,35.0284],[-114.6029,35.0686],[-114.6468,35.1019],[-114.5783,35.1288],[-114.5692,35.1835],[-114.6057,35.3585],[-114.6268,35.4096],[-114.6635,35.4478],[-114.6787,35.4988],[-114.6572,35.5323],[-114.6758,35.5795],[-114.6534,35.6108],[-114.689,35.6503],[-114.6806,35.684],[-114.7054,35.7083],[-114.6957,35.756],[-114.7121,35.8062],[-114.6952,35.8323],[-114.7065,35.849],[-114.6616,35.8711],[-114.7085,35.9123],[-114.7406,35.9757],[-114.7428,36.01],[-114.7221,36.029],[-114.7421,36.0398],[-114.7363,36.0585],[-114.7548,36.0847],[-114.7362,36.1044],[-114.6798,36.1099],[-114.6305,36.1422],[-114.6155,36.1297],[-114.5711,36.1511],[-114.5143,36.1508],[-114.5002,36.1432],[-114.5047,36.1272],[-114.4636,36.1397],[-114.4437,36.1256],[-114.4091,36.147],[-114.3702,36.1426],[-114.3069,36.0825],[-114.3136,36.059],[-114.2709,36.0455],[-114.2421,36.0152],[-114.1459,36.0272],[-114.1119,36.0958],[-114.1213,36.1095],[-114.097,36.1208],[-114.0682,36.1777],[-114.0439,36.1934],[-114.0506,37.0004],[-109.0452,36.9991],[-109.05,31.3325],[-111.0748,31.3322],[-114.8136,32.4943]]]}},{"type":"Feature","properties":{"STATEFP":"56","STUSPS":"WY","NAME":"Wyoming"},"geometry":{"type":"Polygon","coordinates":[[[-111.0546,45.001],[-104.0579,44.9976],[-104.0532,41.0014],[-111.0467,40.998],[-111.0546,45.001]]]}},{"type":"Feature","properties":{"STATEFP":"37","STUSPS":"NC","NAME":"North Carolina"},"geometry":{"type":"MultiPolygon","coordinates":[[[[-75.7268,35.9358],[-75.6911,35.9369],[-75.6451,35.9058],[-75.6168,35.8563],[-75.6205,35.8093],[-75.6751,35.8302],[-75.6601,35.8386],[-75.6634,35.8698],[-75.7268,35.9358]]],[[[-75.7325,35.2004],[-75.681,35.2333],[-75.6772,35.2194],[-75.6413,35.2287],[-75.5955,35.2693],[-75.5218,35.2718],[-75.4687,35.574],[-75.4714,35.6217],[-75.5234,35.7736],[-75.4859,35.6985],[-75.4606,35.577],[-75.5278,35.2277],[-75.6022,35.2326],[-75.7325,35.2004]]],[[[-76.0153,35.0707],[-75.9822,35.1204],[-75.9582,35.1154],[-75.7736,35.1873],[-76.0153,35.0707]]],[[[-76.2712,35.3103],[-76.2742,35.3302],[-76.2624,35.3139],[-76.2712,35.3103]]],[[[-76.3301,34.8479],[-76.1518,34.9868],[-76.0759,35.0699],[-76.0378,35.0619],[-76.3301,34.8479]]],[[[-76.544,34.7012],[-76.5383,34.712],[-76.5195,34.7071],[-76.544,34.7012]]],[[[-76.5536,34.6232],[-76.5322,34.6105],[-76.502,34.6747],[-76.4415,34.7338],[-76.4381,34.7613],[-76.4136,34.7651],[-76.4026,34.7914],[-76.3375,34.8388],[-76.4881,34.671],[-76.5355,34.5916],[-76.5536,34.6232]]],[[[-76.5863,34.7139],[-76.5606,34.71],[-76.5257,34.6852],[-76.5816,34.6991],[-76.5863,34.7139]]],[[[-76.6655,34.6897],[-76.5893,34.672],[-76.5302,34.6436],[-76.5288,34.6315],[-76.6655,34.6897]]],[[[-77.0985,34.6469],[-77.0146,34.676],[-76.8222,34.7047],[-76.7667,34.7],[-76.7421,34.7124],[-76.7026,34.6998],[-76.6989,34.7123],[-76.6757,34.6957],[-76.8474,34.6908],[-77.0985,34.6469]]],[[[-77.1692,34.6224],[-77.1212,34.648],[-77.1104,34.6451],[-77.1692,34.6224]]],[[[-77.2269,34.5967],[-77.2024,34.6128],[-77.1795,34.6204],[-77.2269,34.5967]]],[[[-84.3219,34.9884],[-84.2902,35.2256],[-84.2237,35.2691],[-84.1884,35.24],[-84.0981,35.2472],[-84.0526,35.27],[-84.0214,35.3014],[-84.0383,35.3478],[-84.0076,35.3717],[-84.023,35.4117],[-83.9611,35.4641],[-83.9118,35.476],[-83.8801,35.5187],[-83.8256,35.5238],[-83.7717,35.5621],[-83.6089,35.5795],[-83.5856,35.5629],[-83.4983,35.563],[-83.4458,35.6118],[-83.3966,35.6227],[-83.3516,35.6599],[-83.2972,35.6578],[-83.2581,35.6919],[-83.2512,35.7199],[-83.1857,35.7299],[-83.1592,35.7649],[-83.074,35.79],[-82.9921,35.7739],[-82.9166,35.8414],[-82.9206,35.8685],[-82.8973,35.8779],[-82.92,35.9284],[-82.8742,35.9527],[-82.8219,35.9218],[-82.805,35.9272],[-82.7749,35.972],[-82.7856,35.9778],[-82.776,36.0001],[-82.6372,36.0658],[-82.591,36.0336],[-82.6144,36.0035],[-82.6109,35.9674],[-82.5579,35.9539],[-82.4607,36.0078],[-82.4095,36.0834],[-82.3552,36.1156],[-82.2895,36.1357],[-82.2475,36.1309],[-82.2139,36.1591],[-82.1768,36.1422],[-82.1479,36.1495],[-82.1271,36.1044],[-82.0331,36.1204],[-81.9081,36.302],[-81.7936,36.3622],[-81.7649,36.3387],[-81.7074,36.3352],[-81.742,36.411],[-81.6953,36.4679],[-81.708,36.5362],[-81.6775,36.5881],[-80.1222,36.5426],[-75.8676,36.5504],[-75.7725,36.2294],[-75.5363,35.7926],[-75.5705,35.8088],[-75.5714,35.8311],[-75.6229,35.8923],[-75.6154,35.9264],[-75.6445,35.9644],[-75.6823,35.9958],[-75.7298,36.0073],[-75.7064,36.0392],[-75.7371,36.0408],[-75.7459,36.1441],[-75.7673,36.205],[-75.8119,36.2477],[-75.8068,36.2849],[-75.8508,36.3197],[-75.8459,36.3326],[-75.8221,36.328],[-75.8289,36.3657],[-75.8486,36.3802],[-75.8433,36.42],[-75.8883,36.4416],[-75.8999,36.4821],[-75.9891,36.4951],[-75.981,36.5113],[-76.0026,36.5371],[-76.0307,36.5388],[-76.0264,36.5165],[-76.0426,36.5106],[-76.0319,36.4825],[-76.0123,36.4475],[-75.972,36.4372],[-75.9482,36.3959],[-75.9245,36.4254],[-75.9233,36.3619],[-75.8834,36.2847],[-75.8568,36.2807],[-75.8723,36.2548],[-75.8301,36.1965],[-75.8452,36.1918],[-75.7994,36.1177],[-75.7965,36.0728],[-75.8667,36.1275],[-75.8629,36.1596],[-75.9233,36.2459],[-75.9689,36.2642],[-75.9479,36.2244],[-75.96,36.1989],[-75.9126,36.1678],[-75.9246,36.1645],[-76.017,36.1864],[-76.054,36.2348],[-76.0796,36.2382],[-76.131,36.291],[-76.2148,36.3006],[-76.1739,36.2636],[-76.1443,36.2589],[-76.1172,36.2135],[-76.0801,36.1994],[-76.0642,36.1438],[-76.1875,36.1254],[-76.2491,36.1849],[-76.2771,36.1909],[-76.2275,36.1253],[-76.1917,36.1072],[-76.2337,36.0979],[-76.3233,36.1348],[-76.3736,36.1382],[-76.3903,36.1625],[-76.4547,36.1928],[-76.382,36.1229],[-76.3464,36.121],[-76.304,36.0945],[-76.4112,36.0807],[-76.4081,36.068],[-76.4603,36.0241],[-76.5141,36.0065],[-76.5804,36.0106],[-76.6068,36.0542],[-76.6522,36.0353],[-76.6919,36.0663],[-76.6886,36.107],[-76.705,36.1099],[-76.7214,36.1478],[-76.7189,36.201],[-76.6722,36.272],[-76.7,36.2854],[-76.725,36.2311],[-76.7413,36.2292],[-76.7535,36.1767],[-76.7273,36.0632],[-76.6819,35.9896],[-76.7192,35.9651],[-76.7283,35.9336],[-76.7067,35.9449],[-76.6624,35.9321],[-76.5538,35.9402],[-76.3996,35.9821],[-76.3672,35.9344],[-76.1705,35.9945],[-76.0625,35.9907],[-76.0114,35.9542],[-76.0128,35.9219],[-76.0654,35.8339],[-76.0505,35.8067],[-76.0601,35.7087],[-76.0364,35.6884],[-76.038,35.6458],[-76.0128,35.6608],[-75.9829,35.7726],[-75.9941,35.8125],[-75.976,35.8385],[-75.9861,35.889],[-75.9216,35.9359],[-75.9473,35.9598],[-75.8976,35.9761],[-75.8363,35.9705],[-75.7825,35.9334],[-75.728,35.8245],[-75.7424,35.7749],[-75.7172,35.6937],[-75.7381,35.682],[-75.7426,35.6996],[-75.7673,35.7056],[-75.7808,35.6884],[-75.7361,35.6255],[-75.7851,35.5955],[-75.778,35.5798],[-75.8334,35.5715],[-75.8158,35.5947],[-75.8528,35.5847],[-75.8688,35.6299],[-75.8896,35.6406],[-75.8974,35.5981],[-75.8824,35.5761],[-75.9784,35.513],[-75.9631,35.4939],[-75.9888,35.4849],[-76.0227,35.4122],[-76.0587,35.4346],[-76.0539,35.4212],[-76.0834,35.391],[-76.0618,35.3832],[-76.0708,35.3706],[-76.1369,35.358],[-76.1519,35.3314],[-76.1742,35.347],[-76.2211,35.3404],[-76.2498,35.3677],[-76.2576,35.3444],[-76.2788,35.3429],[-76.3449,35.3925],[-76.3575,35.3836],[-76.3416,35.3423],[-76.376,35.3356],[-76.3893,35.3604],[-76.4119,35.3464],[-76.42,35.3749],[-76.3682,35.3611],[-76.3615,35.3737],[-76.396,35.4011],[-76.3853,35.415],[-76.3955,35.4317],[-76.4176,35.4251],[-76.4383,35.3883],[-76.4808,35.4045],[-76.4723,35.3714],[-76.5322,35.4013],[-76.5331,35.4323],[-76.5655,35.4495],[-76.5457,35.4609],[-76.5871,35.5089],[-76.4854,35.5066],[-76.4523,35.5532],[-76.4654,35.5584],[-76.5199,35.5307],[-76.5992,35.5399],[-76.6379,35.513],[-76.5974,35.4819],[-76.607,35.4555],[-76.5776,35.3876],[-76.6479,35.4034],[-76.6629,35.4255],[-76.7592,35.4189],[-76.8172,35.452],[-76.906,35.4594],[-76.9792,35.4834],[-77.0532,35.5352],[-77.0213,35.4985],[-77.0451,35.5033],[-76.9864,35.4725],[-76.9662,35.434],[-76.925,35.4488],[-76.6589,35.3416],[-76.4842,35.3136],[-76.4989,35.3059],[-76.4982,35.2796],[-76.4697,35.2809],[-76.4674,35.2613],[-76.4907,35.2627],[-76.4792,35.2473],[-76.5034,35.2407],[-76.496,35.217],[-76.5655,35.2292],[-76.521,35.2061],[-76.5267,35.1848],[-76.5864,35.202],[-76.6341,35.1743],[-76.6337,35.1607],[-76.5866,35.1544],[-76.588,35.1688],[-76.5693,35.1735],[-76.5395,35.1546],[-76.5695,35.0985],[-76.7116,35.0045],[-76.8036,34.9638],[-76.9876,35.0656],[-77.0304,35.1331],[-77.0596,35.1469],[-76.9774,35.0049],[-76.9358,34.9731],[-76.7608,34.9159],[-76.7266,34.9279],[-76.7076,34.9542],[-76.6798,34.9538],[-76.6574,34.9825],[-76.5785,34.9762],[-76.5647,34.9983],[-76.5116,35.0051],[-76.4842,34.9881],[-76.4975,35.0082],[-76.4858,35.0406],[-76.4647,35.0467],[-76.4775,35.0584],[-76.4635,35.0764],[-76.4226,35.0267],[-76.4404,35.0146],[-76.4255,35.0015],[-76.4228,34.9507],[-76.4031,34.9634],[-76.3984,34.9455],[-76.3874,34.9511],[-76.3815,34.9792],[-76.3195,34.9659],[-76.3641,35.0366],[-76.2493,35.0007],[-76.247,34.9873],[-76.2624,34.9753],[-76.2881,34.9963],[-76.3057,34.9914],[-76.2779,34.9607],[-76.2795,34.9414],[-76.2976,34.9237],[-76.3408,34.9334],[-76.3368,34.9098],[-76.3141,34.9063],[-76.3822,34.857],[-76.4024,34.8866],[-76.4121,34.8322],[-76.4495,34.8148],[-76.4854,34.7549],[-76.5141,34.7543],[-76.4984,34.7321],[-76.5127,34.7203],[-76.5757,34.7217],[-76.5859,34.7567],[-76.5757,34.7684],[-76.6044,34.7899],[-76.6173,34.7879],[-76.6194,34.7042],[-76.8419,34.7294],[-76.9027,34.7265],[-77.0833,34.6732],[-77.1259,34.6852],[-77.307,34.5451],[-77.5827,34.4007],[-77.7401,34.2725],[-77.8294,34.1633],[-77.8795,34.0806],[-77.9628,33.8423],[-78.0083,33.8642],[-77.9898,33.888],[-77.9959,33.9056],[-78.0207,33.8883],[-78.2392,33.9175],[-78.3871,33.902],[-78.5419,33.853],[-79.6753,34.8047],[-80.7975,34.8198],[-80.782,34.9358],[-80.935,35.1074],[-81.0415,35.0447],[-81.058,35.0732],[-81.0328,35.108],[-81.051,35.1317],[-81.0436,35.1499],[-82.2749,35.2001],[-82.3713,35.1814],[-82.3929,35.2154],[-82.4396,35.1659],[-82.4571,35.1639],[-82.4601,35.1781],[-82.53,35.1556],[-82.5464,35.1637],[-82.6624,35.1181],[-82.6814,35.1279],[-82.6977,35.0957],[-82.727,35.0941],[-82.7577,35.068],[-82.7774,35.0641],[-82.7879,35.085],[-83.1096,35.0012],[-84.3219,34.9884]]]]}},{"type":"Feature","properties":{"STATEFP":"05","STUSPS":"AR","NAME":"Arkansas"},"geometry":{"type":"Polygon","coordinates":[[[-94.6179,36.4994],[-90.1525,36.498],[-90.1385,36.414],[-90.0804,36.4008],[-90.0645,36.3821],[-90.082,36.3221],[-90.064,36.303],[-90.0837,36.2723],[-90.1149,36.2656],[-90.1264,36.2294],[-90.2204,36.1848],[-90.2356,36.1395],[-90.3192,36.09],[-90.3779,35.9957],[-89.7331,36.0008],[-89.7185,35.9631],[-89.6443,35.9209],[-89.642,35.8956],[-89.6691,35.8745],[-89.7431,35.9112],[-89.7739,35.8677],[-89.6974,35.8367],[-89.6965,35.8206],[-89.7282,35.8027],[-89.7817,35.8052],[-89.7996,35.7883],[-89.799,35.7594],[-89.8255,35.7452],[-89.912,35.7583],[-89.9583,35.7266],[-89.9557,35.6901],[-89.9274,35.6595],[-89.8989,35.6509],[-89.8622,35.6704],[-89.8512,35.6574],[-89.8566,35.6344],[-89.9566,35.5906],[-89.942,35.5569],[-89.9107,35.5475],[-89.9089,35.5142],[-89.9587,35.5238],[-89.9585,35.5417],[-89.9894,35.56],[-90.0283,35.5553],[-90.0477,35.5026],[-90.0033,35.4296],[-90.0481,35.4117],[-90.0568,35.4039],[-90.0416,35.3966],[-90.0543,35.3893],[-90.0741,35.434],[-90.0678,35.4662],[-90.1005,35.4781],[-90.1689,35.4219],[-90.1793,35.3852],[-90.1653,35.374],[-90.1355,35.3767],[-90.1462,35.3995],[-90.1293,35.4138],[-90.0786,35.3806],[-90.11,35.305],[-90.1573,35.3015],[-90.1688,35.2791],[-90.1521,35.256],[-90.0926,35.2468],[-90.0755,35.214],[-90.1167,35.1869],[-90.0652,35.1394],[-90.0897,35.1181],[-90.1418,35.133],[-90.1674,35.1236],[-90.1812,35.0539],[-90.2073,35.0258],[-90.297,35.0382],[-90.3073,34.9919],[-90.2459,34.9487],[-90.2413,34.919],[-90.2579,34.8934],[-90.3177,34.8711],[-90.3074,34.8462],[-90.3384,34.8585],[-90.3894,34.8307],[-90.4387,34.8252],[-90.4497,34.8399],[-90.4294,34.8666],[-90.4366,34.8827],[-90.4813,34.8811],[-90.4554,34.8208],[-90.4765,34.7936],[-90.4484,34.7391],[-90.4917,34.7214],[-90.5242,34.7314],[-90.4928,34.7725],[-90.5141,34.8001],[-90.5442,34.7917],[-90.5394,34.7553],[-90.5719,34.7128],[-90.5324,34.6962],[-90.4742,34.7053],[-90.4628,34.6841],[-90.5321,34.6273],[-90.5551,34.6462],[-90.5415,34.6831],[-90.5701,34.6934],[-90.5911,34.6192],[-90.5396,34.5539],[-90.5927,34.4906],[-90.5777,34.431],[-90.5862,34.4092],[-90.6585,34.3757],[-90.6575,34.3222],[-90.6693,34.313],[-90.6931,34.3226],[-90.6762,34.3711],[-90.7644,34.3637],[-90.738,34.2893],[-90.7656,34.2695],[-90.8318,34.2769],[-90.8471,34.2061],[-90.8966,34.2258],[-90.9063,34.2444],[-90.9355,34.2378],[-90.9144,34.1957],[-90.8166,34.183],[-90.8076,34.1618],[-90.8472,34.1369],[-90.91,34.1655],[-90.9586,34.1355],[-90.9477,34.1096],[-90.9173,34.0926],[-90.8826,34.0966],[-90.8711,34.0812],[-90.8963,34.0252],[-90.9882,34.0192],[-90.9615,33.9799],[-90.9662,33.9647],[-91.0001,33.9664],[-91.0189,34.0032],[-91.0487,33.9927],[-91.0862,34.0064],[-91.0878,33.9593],[-91.0102,33.9316],[-91.0698,33.8727],[-91.0702,33.8453],[-91.0491,33.816],[-90.9885,33.7845],[-91.0184,33.7641],[-91.1341,33.7829],[-91.1488,33.7314],[-91.1174,33.7053],[-91.0605,33.7151],[-91.031,33.6794],[-91.0914,33.6578],[-91.1604,33.7066],[-91.2179,33.698],[-91.2306,33.6771],[-91.2189,33.6601],[-91.16,33.6429],[-91.1287,33.6085],[-91.1649,33.5702],[-91.2334,33.5627],[-91.1826,33.4992],[-91.2352,33.439],[-91.1765,33.4446],[-91.168,33.4983],[-91.1178,33.4581],[-91.1319,33.4301],[-91.1994,33.4183],[-91.2081,33.402],[-91.1419,33.3801],[-91.0995,33.4072],[-91.087,33.4513],[-91.0581,33.4465],[-91.0644,33.4185],[-91.1422,33.349],[-91.1416,33.2995],[-91.1061,33.2418],[-91.0785,33.2833],[-91.0436,33.2746],[-91.0707,33.2273],[-91.1003,33.2194],[-91.0808,33.1822],[-91.0857,33.1372],[-91.1281,33.1289],[-91.1837,33.1417],[-91.202,33.1231],[-91.2002,33.1069],[-91.1212,33.0592],[-91.1283,33.0343],[-91.1661,33.0043],[-94.043,33.0192],[-94.0435,33.5523],[-94.0722,33.5539],[-94.0561,33.5673],[-94.0826,33.5755],[-94.1199,33.567],[-94.1287,33.551],[-94.1351,33.571],[-94.1515,33.5684],[-94.1422,33.5814],[-94.1839,33.5947],[-94.2172,33.5807],[-94.1944,33.5737],[-94.1964,33.5551],[-94.2056,33.5672],[-94.2502,33.5568],[-94.2428,33.5897],[-94.2756,33.558],[-94.2909,33.5589],[-94.2891,33.5821],[-94.3096,33.5517],[-94.344,33.5678],[-94.3559,33.5432],[-94.3817,33.544],[-94.4016,33.5594],[-94.3801,33.5689],[-94.3829,33.5833],[-94.4122,33.5687],[-94.43,33.5911],[-94.472,33.6027],[-94.4486,33.6428],[-94.4859,33.6379],[-94.4307,35.3925],[-94.6179,36.4994]]]}},{"type":"Feature","properties":{"STATEFP":"34","STUSPS":"NJ","NAME":"New Jersey"},"geometry":{"type":"MultiPolygon","coordinates":[[[[-74.0422,40.7],[-74.039,40.6976],[-74.0417,40.6964],[-74.0422,40.7]]],[[[-75.5589,39.6288],[-75.4776,39.715],[-75.4507,39.7751],[-75.3544,39.8399],[-75.1437,39.885],[-75.1269,39.9611],[-75.0756,39.978],[-75.0471,40.0099],[-74.9326,40.0688],[-74.8621,40.0833],[-74.8225,40.1268],[-74.7821,40.1208],[-74.7222,40.1499],[-74.7717,40.2153],[-74.8423,40.2505],[-74.8682,40.2952],[-74.9397,40.338],[-74.9681,40.3991],[-75.0588,40.4181],[-75.0686,40.5422],[-75.1173,40.5732],[-75.1832,40.5674],[-75.2018,40.6172],[-75.1886,40.6246],[-75.2005,40.6492],[-75.1768,40.6757],[-75.2039,40.6915],[-75.1821,40.7315],[-75.1965,40.7516],[-75.1716,40.7777],[-75.1344,40.7738],[-75.1085,40.7911],[-75.0839,40.8245],[-75.0958,40.8471],[-75.066,40.8476],[-75.051,40.8657],[-75.1338,40.971],[-75.1306,40.9911],[-75.0271,41.0395],[-75.0131,41.0665],[-74.9684,41.0878],[-74.9917,41.0923],[-74.8821,41.1808],[-74.8572,41.249],[-74.795,41.3204],[-74.6949,41.3574],[-73.8936,40.9972],[-73.9298,40.8887],[-74.014,40.7576],[-74.0232,40.7199],[-74.0701,40.6907],[-74.0702,40.6608],[-74.1439,40.6436],[-74.1025,40.7019],[-74.1206,40.7171],[-74.1493,40.66],[-74.2027,40.6338],[-74.2145,40.565],[-74.2523,40.5527],[-74.2492,40.5233],[-74.2727,40.4884],[-74.2619,40.4647],[-74.2059,40.4393],[-74.181,40.4575],[-74.1353,40.4554],[-74.0064,40.4111],[-73.9917,40.4429],[-74.0195,40.4747],[-74.0025,40.4763],[-73.9861,40.4544],[-73.9774,40.2994],[-74.0642,39.9789],[-74.0991,39.7568],[-74.2406,39.5558],[-74.2895,39.5093],[-74.3264,39.5063],[-74.3119,39.4799],[-74.334,39.4351],[-74.4127,39.3608],[-74.5526,39.3001],[-74.6193,39.2404],[-74.7143,39.1198],[-74.7059,39.1029],[-74.7712,39.0325],[-74.7985,39.0262],[-74.7937,38.9941],[-74.8645,38.9404],[-74.9673,38.9334],[-74.9554,39.0013],[-74.8978,39.0988],[-74.8872,39.1588],[-74.9541,39.1902],[-75.0289,39.1946],[-75.0298,39.2255],[-75.1074,39.2184],[-75.1369,39.1821],[-75.1514,39.19],[-75.1719,39.2378],[-75.2416,39.2741],[-75.2517,39.3003],[-75.283,39.3055],[-75.2883,39.2916],[-75.3337,39.3453],[-75.3644,39.3416],[-75.3982,39.379],[-75.4278,39.3878],[-75.4652,39.4389],[-75.5364,39.4606],[-75.534,39.5407],[-75.5115,39.5772],[-75.5535,39.602],[-75.5589,39.6288]]]]}},{"type":"Feature","properties":{"STATEFP":"39","STUSPS":"OH","NAME":"Ohio"},"geometry":{"type":"MultiPolygon","coordinates":[[[[-82.7345,41.6035],[-82.718,41.6194],[-82.697,41.6108],[-82.6736,41.6232],[-82.6887,41.5865],[-82.7345,41.6035]]],[[[-82.7348,41.4906],[-82.7322,41.5029],[-82.7273,41.5021],[-82.7348,41.4906]]],[[[-82.7855,41.677],[-82.7855,41.679],[-82.7839,41.6786],[-82.7855,41.677]]],[[[-82.8006,41.6944],[-82.784,41.6973],[-82.7804,41.6968],[-82.7898,41.6931],[-82.8006,41.6944]]],[[[-82.8223,41.6572],[-82.8215,41.6593],[-82.8195,41.6585],[-82.8223,41.6572]]],[[[-82.8253,41.685],[-82.8033,41.6892],[-82.8055,41.6723],[-82.8137,41.6713],[-82.8253,41.685]]],[[[-82.8297,41.6909],[-82.8261,41.6935],[-82.8228,41.6919],[-82.8297,41.6909]]],[[[-82.8341,41.5902],[-82.8309,41.5921],[-82.8303,41.5912],[-82.8341,41.5902]]],[[[-82.8355,41.7112],[-82.8204,41.7245],[-82.8093,41.7088],[-82.8232,41.7078],[-82.8355,41.7112]]],[[[-82.835,41.6298],[-82.8341,41.6571],[-82.8144,41.6542],[-82.7937,41.6648],[-82.835,41.6298]]],[[[-82.8488,41.6771],[-82.8547,41.6822],[-82.8445,41.6788],[-82.8488,41.6771]]],[[[-82.8681,41.645],[-82.8636,41.6469],[-82.8628,41.6455],[-82.8681,41.645]]],[[[-83.1061,41.7369],[-83.1056,41.7425],[-83.1021,41.7418],[-83.1061,41.7369]]],[[[-83.4384,41.6943],[-83.4276,41.7117],[-83.4213,41.7034],[-83.4384,41.6943]]],[[[-83.4608,41.7013],[-83.4493,41.7105],[-83.4469,41.707],[-83.4608,41.7013]]],[[[-84.8201,39.112],[-84.806,41.6961],[-83.4554,41.7328],[-83.4802,41.6821],[-83.4557,41.6981],[-83.4232,41.6894],[-83.3517,41.687],[-83.3359,41.7055],[-83.3062,41.6766],[-83.2082,41.6352],[-83.086,41.6064],[-83.0386,41.5622],[-82.957,41.5203],[-82.8772,41.5276],[-82.8551,41.5476],[-82.8595,41.5764],[-82.8396,41.5867],[-82.7855,41.5407],[-82.7116,41.5363],[-82.7155,41.4988],[-82.7236,41.5143],[-82.806,41.5066],[-82.8241,41.4903],[-82.8442,41.5021],[-82.9535,41.4894],[-82.9931,41.4605],[-83.0398,41.4641],[-83.0094,41.4285],[-82.9766,41.4536],[-82.9571,41.4255],[-82.9228,41.4188],[-82.8378,41.4498],[-82.83,41.4728],[-82.8117,41.4753],[-82.7663,41.4458],[-82.7311,41.4612],[-82.7343,41.4505],[-82.7016,41.463],[-82.6738,41.4535],[-82.6869,41.4914],[-82.6203,41.4329],[-82.6255,41.4231],[-82.4812,41.3813],[-82.3635,41.427],[-82.2547,41.4343],[-82.1873,41.4711],[-82.0124,41.5155],[-81.877,41.4832],[-81.7981,41.4973],[-81.7388,41.4885],[-81.2838,41.7621],[-81.2411,41.7624],[-81.112,41.8171],[-80.9006,41.8686],[-80.7971,41.9109],[-80.5194,41.9772],[-80.519,40.6388],[-80.5767,40.6142],[-80.6272,40.6199],[-80.668,40.5825],[-80.5955,40.4753],[-80.6122,40.4027],[-80.6336,40.3905],[-80.6097,40.375],[-80.5999,40.3177],[-80.6193,40.2652],[-80.6521,40.245],[-80.7046,40.1548],[-80.7091,40.1015],[-80.7386,40.0757],[-80.7401,39.9708],[-80.7645,39.9502],[-80.7564,39.9139],[-80.806,39.9171],[-80.7908,39.8673],[-80.8261,39.8442],[-80.8261,39.7986],[-80.8691,39.7664],[-80.8319,39.7057],[-80.8637,39.6917],[-80.8804,39.6207],[-80.9258,39.6174],[-80.9704,39.5901],[-81.0706,39.516],[-81.1325,39.4463],[-81.1859,39.4307],[-81.2173,39.3876],[-81.2707,39.3859],[-81.376,39.3417],[-81.4127,39.3946],[-81.4561,39.4093],[-81.5575,39.3388],[-81.5702,39.2677],[-81.6561,39.2774],[-81.6895,39.266],[-81.6924,39.2264],[-81.727,39.2151],[-81.7558,39.181],[-81.7455,39.0981],[-81.7756,39.0784],[-81.8139,39.0793],[-81.8034,39.0477],[-81.7643,39.0153],[-81.7818,38.9649],[-81.757,38.9372],[-81.7627,38.9241],[-81.8274,38.9459],[-81.856,38.8927],[-81.8985,38.8746],[-81.928,38.8935],[-81.8985,38.9296],[-81.9332,38.9877],[-81.9794,38.9932],[-82.006,39.0294],[-82.0377,39.0239],[-82.1432,38.8981],[-82.1449,38.8405],[-82.2216,38.7872],[-82.1825,38.7088],[-82.1773,38.6038],[-82.2052,38.5917],[-82.2621,38.5982],[-82.2913,38.579],[-82.3042,38.4963],[-82.3303,38.4445],[-82.579,38.4078],[-82.6105,38.4715],[-82.6966,38.5421],[-82.8001,38.5632],[-82.8443,38.5909],[-82.8776,38.6902],[-82.8713,38.7394],[-82.8892,38.7561],[-82.9794,38.726],[-83.0307,38.7257],[-83.0531,38.6958],[-83.1124,38.6717],[-83.1538,38.6188],[-83.2457,38.6286],[-83.302,38.5982],[-83.3564,38.654],[-83.4681,38.6755],[-83.521,38.703],[-83.6269,38.6794],[-83.6483,38.6319],[-83.6714,38.6274],[-83.7693,38.6552],[-83.7871,38.6995],[-83.8367,38.7179],[-83.8732,38.7624],[-83.9621,38.7874],[-84.0715,38.7705],[-84.2129,38.8057],[-84.2313,38.8306],[-84.2345,38.8932],[-84.2882,38.9558],[-84.3047,39.0065],[-84.346,39.037],[-84.4257,39.0531],[-84.4355,39.1023],[-84.4553,39.1204],[-84.6079,39.0732],[-84.6848,39.1005],[-84.7441,39.1475],[-84.7877,39.1153],[-84.8201,39.112]]]]}},{"type":"Feature","properties":{"STATEFP":"17","STUSPS":"IL","NAME":"Illinois"},"geometry":{"type":"Polygon","coordinates":[[[-91.513,40.1811],[-91.5058,40.2388],[-91.4621,40.3424],[-91.3729,40.3991],[-91.3818,40.4426],[-91.3642,40.5],[-91.4052,40.5546],[-91.3397,40.6135],[-91.2531,40.638],[-91.187,40.6373],[-91.1239,40.6692],[-91.093,40.8211],[-91.0095,40.9006],[-90.9629,40.925],[-90.9423,41.0347],[-90.9466,41.0966],[-90.995,41.1606],[-91.0415,41.1661],[-91.1136,41.2414],[-91.0748,41.3056],[-91.0459,41.4141],[-90.9798,41.4343],[-90.93,41.4214],[-90.8466,41.4551],[-90.6558,41.4621],[-90.5562,41.5242],[-90.4614,41.5235],[-90.4128,41.5653],[-90.3432,41.5878],[-90.3435,41.647],[-90.3134,41.6981],[-90.3107,41.7422],[-90.181,41.8094],[-90.1819,41.8432],[-90.1536,41.9066],[-90.1641,41.9562],[-90.1401,42.0033],[-90.1645,42.0421],[-90.1629,42.1167],[-90.2014,42.1309],[-90.2161,42.1567],[-90.3911,42.2255],[-90.4309,42.2782],[-90.419,42.3285],[-90.4773,42.3838],[-90.6467,42.4719],[-90.6565,42.4892],[-90.6428,42.5085],[-87.8021,42.4926],[-87.8033,42.3905],[-87.832,42.3283],[-87.8286,42.2699],[-87.7362,42.1208],[-87.6815,42.0784],[-87.6499,41.9785],[-87.6315,41.9635],[-87.6407,41.9539],[-87.6241,41.9042],[-87.6024,41.8963],[-87.6165,41.8824],[-87.6094,41.8452],[-87.5246,41.7235],[-87.5316,39.3481],[-87.5849,39.3373],[-87.6205,39.3071],[-87.5973,39.297],[-87.6049,39.2602],[-87.5713,39.2514],[-87.5746,39.2184],[-87.6587,39.136],[-87.6351,39.1223],[-87.6528,39.1068],[-87.6149,39.1027],[-87.616,39.0826],[-87.5726,39.0573],[-87.5787,38.9995],[-87.5604,38.9924],[-87.5765,38.9867],[-87.5122,38.9544],[-87.5277,38.9184],[-87.5167,38.9041],[-87.5357,38.8872],[-87.5441,38.8951],[-87.5349,38.8789],[-87.5534,38.8624],[-87.5259,38.8488],[-87.5273,38.8181],[-87.4959,38.7854],[-87.5145,38.7718],[-87.4982,38.7683],[-87.4961,38.7421],[-87.5312,38.684],[-87.5972,38.6653],[-87.6201,38.6395],[-87.6273,38.6054],[-87.612,38.5892],[-87.6376,38.5927],[-87.6701,38.5452],[-87.6501,38.5046],[-87.6724,38.5074],[-87.7554,38.464],[-87.7304,38.4479],[-87.7453,38.409],[-87.8234,38.346],[-87.839,38.2823],[-87.8597,38.2767],[-87.8705,38.3122],[-87.9111,38.268],[-87.9095,38.2961],[-87.9336,38.2959],[-87.9602,38.2371],[-87.9876,38.2574],[-87.9758,38.1978],[-87.9343,38.1565],[-87.9229,38.1733],[-87.9114,38.1617],[-87.9455,38.1266],[-87.9658,38.1326],[-87.9753,38.1101],[-88.0131,38.1035],[-88.0047,38.084],[-87.9605,38.0991],[-87.9672,38.0671],[-88.0421,38.0463],[-88.0076,38.0291],[-88.0258,38.0072],[-88.0129,37.9665],[-88.0368,37.9568],[-88.0353,37.9255],[-88.0696,37.9268],[-88.0225,37.9148],[-88.0134,37.8949],[-88.0979,37.9015],[-88.065,37.8532],[-88.0259,37.8327],[-88.0438,37.8215],[-88.0809,37.8309],[-88.09,37.8168],[-88.028,37.7992],[-88.0596,37.7426],[-88.1224,37.7097],[-88.1602,37.6576],[-88.1365,37.5773],[-88.0633,37.5158],[-88.0678,37.4859],[-88.0852,37.4715],[-88.2817,37.4526],[-88.3655,37.4017],[-88.4088,37.4252],[-88.4702,37.3963],[-88.5159,37.284],[-88.4244,37.1524],[-88.4606,37.0743],[-88.5668,37.0755],[-88.6114,37.1127],[-88.7321,37.144],[-88.8057,37.1886],[-88.9747,37.2297],[-89.0762,37.1751],[-89.1107,37.122],[-89.1681,37.0742],[-89.179,37.0209],[-89.1327,36.9822],[-89.1855,36.9735],[-89.2008,37.0162],[-89.2549,37.072],[-89.3083,37.0684],[-89.3048,37.0476],[-89.26,37.0233],[-89.2786,36.9887],[-89.3783,37.0396],[-89.3787,37.0946],[-89.4619,37.1995],[-89.4588,37.2487],[-89.4899,37.2513],[-89.5183,37.2855],[-89.489,37.3334],[-89.4328,37.3471],[-89.4211,37.3877],[-89.4398,37.4372],[-89.5171,37.5373],[-89.5198,37.5827],[-89.4759,37.593],[-89.5177,37.6412],[-89.5143,37.6899],[-89.5833,37.7133],[-89.6173,37.7497],[-89.6634,37.7501],[-89.6696,37.7999],[-89.7399,37.8469],[-89.7864,37.8517],[-89.7993,37.8815],[-89.8426,37.9052],[-89.9018,37.8698],[-89.9506,37.8815],[-89.9749,37.9267],[-89.9251,37.96],[-89.9408,37.971],[-89.9971,37.9632],[-90.0594,38.0155],[-90.1105,38.0265],[-90.1308,38.0623],[-90.2187,38.0944],[-90.3596,38.2245],[-90.3682,38.3403],[-90.3409,38.3888],[-90.2928,38.4287],[-90.2603,38.5284],[-90.1845,38.6116],[-90.1811,38.6596],[-90.2099,38.7261],[-90.1231,38.798],[-90.1094,38.8435],[-90.2502,38.9193],[-90.4401,38.9674],[-90.4721,38.9588],[-90.5001,38.9104],[-90.5459,38.874],[-90.5834,38.869],[-90.6285,38.8916],[-90.6635,38.9274],[-90.6782,38.9919],[-90.7136,39.054],[-90.6811,39.1006],[-90.7079,39.1509],[-90.73,39.2559],[-90.9408,39.404],[-91.0383,39.4484],[-91.1003,39.5387],[-91.1536,39.5482],[-91.1819,39.6027],[-91.2293,39.6209],[-91.3678,39.729],[-91.3634,39.7928],[-91.4329,39.8406],[-91.4464,39.8704],[-91.4194,39.9277],[-91.4949,40.0365],[-91.513,40.1811]]]}},{"type":"Feature","properties":{"STATEFP":"01","STUSPS":"AL","NAME":"Alabama"},"geometry":{"type":"MultiPolygon","coordinates":[[[[-88.0534,30.507],[-88.0292,30.5196],[-88.0243,30.4908],[-88.045,30.5012],[-88.0534,30.507]]],[[[-88.2254,30.3199],[-88.2207,30.3221],[-88.2196,30.3214],[-88.2254,30.3199]]],[[[-88.2562,30.3251],[-88.2577,30.3409],[-88.2595,30.3668],[-88.2562,30.3251]]],[[[-88.3273,30.2299],[-88.2015,30.2512],[-88.1411,30.255],[-88.1177,30.2791],[-88.0749,30.2491],[-88.3273,30.2299]]],[[[-88.4732,31.8939],[-88.0979,34.8922],[-88.1546,34.9224],[-88.203,35.008],[-85.6052,34.9847],[-85.1844,32.8613],[-85.1559,32.8499],[-85.1679,32.8116],[-85.1222,32.7734],[-85.1426,32.7607],[-85.1133,32.7358],[-85.117,32.692],[-85.0885,32.6578],[-85.1053,32.6448],[-85.0824,32.6338],[-85.0675,32.5795],[-85.0071,32.5239],[-84.9953,32.4532],[-84.963,32.4242],[-84.9811,32.4028],[-84.9687,32.3915],[-84.9886,32.3841],[-84.972,32.3777],[-85.0071,32.3284],[-84.9338,32.2983],[-84.8891,32.2609],[-84.9244,32.2498],[-84.9127,32.2433],[-84.9282,32.2199],[-84.9721,32.2183],[-84.9802,32.2078],[-84.9646,32.1952],[-85.0113,32.1805],[-85.0611,32.1341],[-85.0455,32.0869],[-85.0588,32.0467],[-85.0493,32.0227],[-85.0678,31.9674],[-85.0867,31.9592],[-85.0789,31.9402],[-85.1131,31.9119],[-85.112,31.8948],[-85.1341,31.8922],[-85.1407,31.8575],[-85.1313,31.8176],[-85.1419,31.782],[-85.1189,31.7327],[-85.1255,31.695],[-85.0582,31.6202],[-85.058,31.5708],[-85.0413,31.541],[-85.0922,31.3646],[-85.0898,31.295],[-85.1146,31.2773],[-85.0968,31.2257],[-85.1075,31.1865],[-85.0356,31.1082],[-85.0025,31.0007],[-87.5989,30.9975],[-87.5921,30.9515],[-87.6349,30.8659],[-87.545,30.7787],[-87.5326,30.7435],[-87.407,30.6752],[-87.395,30.6153],[-87.4477,30.5105],[-87.4251,30.4656],[-87.3708,30.4469],[-87.3682,30.4334],[-87.4296,30.4065],[-87.46,30.3363],[-87.5047,30.324],[-87.5028,30.3073],[-87.4501,30.3111],[-87.4524,30.3002],[-87.8006,30.2294],[-88.0277,30.2236],[-87.9668,30.2356],[-87.936,30.2615],[-87.8932,30.2392],[-87.7878,30.2542],[-87.7472,30.2878],[-87.8093,30.3327],[-87.8374,30.3763],[-87.9063,30.4094],[-87.9213,30.4738],[-87.937,30.4831],[-87.9017,30.5509],[-87.9125,30.6158],[-87.9317,30.6544],[-87.9856,30.6775],[-88.0114,30.6851],[-88.0384,30.6479],[-88.0619,30.6436],[-88.054,30.6125],[-88.0856,30.5699],[-88.0828,30.5287],[-88.1038,30.5009],[-88.1073,30.3772],[-88.1383,30.3133],[-88.1463,30.331],[-88.1957,30.3212],[-88.1871,30.3627],[-88.2881,30.3873],[-88.3115,30.3702],[-88.3151,30.3916],[-88.338,30.4048],[-88.3574,30.4066],[-88.395,30.3694],[-88.4732,31.8939]]]]}},{"type":"Feature","properties":{"STATEFP":"19","STUSPS":"IA","NAME":"Iowa"},"geometry":{"type":"Polygon","coordinates":[[[-96.6384,42.7355],[-96.6195,42.7548],[-96.6349,42.7707],[-96.597,42.7919],[-96.5816,42.8375],[-96.5513,42.8366],[-96.5497,42.8703],[-96.5264,42.8919],[-96.5417,42.9226],[-96.5003,42.9594],[-96.5208,42.9804],[-96.4917,43.0097],[-96.5184,43.0421],[-96.4608,43.064],[-96.4629,43.0914],[-96.4366,43.1208],[-96.4665,43.1503],[-96.4756,43.2211],[-96.5604,43.2242],[-96.5712,43.239],[-96.5532,43.2591],[-96.5852,43.2689],[-96.5885,43.2963],[-96.5304,43.3],[-96.5216,43.3856],[-96.5943,43.4342],[-96.6026,43.4496],[-96.581,43.4814],[-96.5989,43.5005],[-91.2177,43.5005],[-91.2334,43.4552],[-91.2004,43.4127],[-91.2066,43.3525],[-91.1072,43.3136],[-91.0579,43.2554],[-91.1753,43.1347],[-91.1795,43.0674],[-91.1454,42.9582],[-91.1456,42.908],[-91.1006,42.8831],[-91.0647,42.7509],[-90.9492,42.6856],[-90.7063,42.6342],[-90.636,42.5187],[-90.654,42.4785],[-90.568,42.4404],[-90.555,42.4161],[-90.4439,42.3552],[-90.4159,42.3227],[-90.4309,42.2782],[-90.3911,42.2255],[-90.2349,42.1654],[-90.1973,42.1282],[-90.1675,42.1225],[-90.1645,42.0421],[-90.1406,41.996],[-90.1641,41.9562],[-90.1536,41.9066],[-90.182,41.8071],[-90.3107,41.7422],[-90.3134,41.6981],[-90.3435,41.647],[-90.3432,41.5878],[-90.4128,41.5653],[-90.4614,41.5235],[-90.591,41.5128],[-90.6558,41.4621],[-90.8466,41.4551],[-90.93,41.4214],[-90.9798,41.4343],[-91.0459,41.4141],[-91.0748,41.3056],[-91.1136,41.2414],[-91.0415,41.1661],[-90.995,41.1606],[-90.9466,41.0966],[-90.9522,40.954],[-90.9653,40.9216],[-91.0095,40.9006],[-91.093,40.8211],[-91.1239,40.6692],[-91.187,40.6373],[-91.2531,40.638],[-91.3397,40.6135],[-91.4052,40.5546],[-91.3642,40.5],[-91.3818,40.4426],[-91.3729,40.3991],[-91.3884,40.3849],[-91.4823,40.3821],[-91.4878,40.4039],[-91.5264,40.4134],[-91.5251,40.4578],[-91.5747,40.4657],[-91.6214,40.5101],[-91.6201,40.5408],[-91.6887,40.5574],[-91.6864,40.5809],[-91.7291,40.6136],[-94.2948,40.5713],[-95.7656,40.5852],[-95.7486,40.6034],[-95.7763,40.6475],[-95.8428,40.6775],[-95.8889,40.7319],[-95.8352,40.7792],[-95.8486,40.8611],[-95.8095,40.8912],[-95.8397,40.9328],[-95.8291,40.9757],[-95.8673,41.0016],[-95.8597,41.0357],[-95.8824,41.0604],[-95.8626,41.0884],[-95.8835,41.1549],[-95.8413,41.175],[-95.926,41.1957],[-95.9109,41.234],[-95.9275,41.2984],[-95.9043,41.2996],[-95.9025,41.2734],[-95.8715,41.2958],[-95.8831,41.3167],[-95.9257,41.3222],[-95.9567,41.3455],[-95.9288,41.3701],[-95.9375,41.3931],[-95.9225,41.4558],[-96.0118,41.4762],[-96.0192,41.4893],[-95.9926,41.5142],[-96.0051,41.5433],[-96.0267,41.5404],[-96.0407,41.5071],[-96.0966,41.5454],[-96.0812,41.5773],[-96.1176,41.61],[-96.095,41.6474],[-96.1214,41.6885],[-96.0731,41.705],[-96.1064,41.7379],[-96.0645,41.793],[-96.1076,41.8207],[-96.1102,41.8488],[-96.1618,41.9018],[-96.1367,41.9208],[-96.1446,41.9415],[-96.1295,41.9717],[-96.1863,41.9774],[-96.1946,42.0087],[-96.2365,41.9964],[-96.2238,42.0333],[-96.2714,42.045],[-96.2689,42.1136],[-96.3497,42.172],[-96.3599,42.2105],[-96.3237,42.2299],[-96.3289,42.2547],[-96.4178,42.3514],[-96.4136,42.4079],[-96.3807,42.4464],[-96.386,42.4745],[-96.4772,42.491],[-96.493,42.5173],[-96.477,42.5561],[-96.4985,42.5581],[-96.4858,42.575],[-96.5095,42.6127],[-96.5316,42.6151],[-96.5163,42.6304],[-96.5753,42.6828],[-96.6306,42.7059],[-96.6247,42.7255],[-96.6384,42.7355]]]}},{"type":"Feature","properties":{"STATEFP":"29","STUSPS":"MO","NAME":"Missouri"},"geometry":{"type":"Polygon","coordinates":[[[-95.7735,40.5782],[-94.0892,40.5728],[-91.7291,40.6136],[-91.6864,40.5809],[-91.6887,40.5574],[-91.6201,40.5408],[-91.6214,40.5101],[-91.5747,40.4657],[-91.5251,40.4578],[-91.5246,40.4108],[-91.4885,40.4043],[-91.4845,40.3839],[-91.4639,40.3757],[-91.4194,40.3783],[-91.4621,40.3424],[-91.4927,40.2782],[-91.5103,40.128],[-91.4949,40.0365],[-91.4194,39.9277],[-91.4469,39.883],[-91.4361,39.8455],[-91.3616,39.7875],[-91.37,39.7325],[-91.2293,39.6209],[-91.1819,39.6027],[-91.1536,39.5482],[-91.1003,39.5387],[-91.0383,39.4484],[-90.9408,39.404],[-90.73,39.2559],[-90.7079,39.1509],[-90.6811,39.1006],[-90.7136,39.054],[-90.6782,38.9919],[-90.6635,38.9274],[-90.6251,38.8887],[-90.5666,38.8688],[-90.5075,38.9028],[-90.4678,38.9618],[-90.4064,38.9626],[-90.3095,38.9241],[-90.2502,38.9193],[-90.1094,38.8435],[-90.1231,38.798],[-90.2099,38.7261],[-90.1811,38.6596],[-90.1845,38.6116],[-90.2603,38.5284],[-90.2928,38.4287],[-90.3409,38.3888],[-90.3682,38.3403],[-90.3596,38.2245],[-90.2187,38.0944],[-90.1308,38.0623],[-90.1105,38.0265],[-90.0594,38.0155],[-89.9971,37.9632],[-89.9408,37.971],[-89.9251,37.96],[-89.9749,37.9267],[-89.9506,37.8815],[-89.9018,37.8698],[-89.8426,37.9052],[-89.7993,37.8815],[-89.7864,37.8517],[-89.7399,37.8469],[-89.6696,37.7999],[-89.6634,37.7501],[-89.6173,37.7497],[-89.5833,37.7133],[-89.5143,37.6899],[-89.5177,37.6412],[-89.4759,37.593],[-89.5198,37.5827],[-89.5171,37.5373],[-89.4398,37.4372],[-89.4211,37.3877],[-89.4328,37.3471],[-89.489,37.3334],[-89.5183,37.2855],[-89.4899,37.2513],[-89.4588,37.2487],[-89.4676,37.2182],[-89.4561,37.1881],[-89.3787,37.0946],[-89.3839,37.0464],[-89.2786,36.9887],[-89.26,37.0233],[-89.3048,37.0476],[-89.3083,37.0684],[-89.2549,37.072],[-89.2008,37.0162],[-89.1855,36.9735],[-89.1251,36.9835],[-89.0996,36.9645],[-89.1319,36.8574],[-89.1789,36.8314],[-89.1711,36.7981],[-89.1235,36.7853],[-89.1192,36.7598],[-89.1691,36.7595],[-89.1998,36.7342],[-89.1591,36.6664],[-89.2365,36.5668],[-89.2717,36.5714],[-89.3267,36.6322],[-89.3655,36.6251],[-89.4198,36.4939],[-89.4642,36.4572],[-89.4941,36.4732],[-89.4659,36.5299],[-89.4791,36.5682],[-89.5276,36.5811],[-89.5632,36.5687],[-89.5701,36.5444],[-89.5195,36.4754],[-89.5453,36.4271],[-89.5097,36.3736],[-89.5318,36.3392],[-89.6057,36.3422],[-89.6203,36.323],[-89.5395,36.2774],[-89.5347,36.2526],[-89.6024,36.2381],[-89.7035,36.2434],[-89.607,36.1712],[-89.5916,36.1441],[-89.6019,36.1195],[-89.6788,36.0846],[-89.7069,36.001],[-90.3779,35.9957],[-90.3192,36.09],[-90.2356,36.1395],[-90.2204,36.1848],[-90.1264,36.2294],[-90.1149,36.2656],[-90.0837,36.2723],[-90.064,36.303],[-90.082,36.3221],[-90.0645,36.3821],[-90.0804,36.4008],[-90.1385,36.414],[-90.1525,36.498],[-94.6179,36.4994],[-94.6083,39.1179],[-94.5884,39.1499],[-94.6558,39.1557],[-94.6803,39.1843],[-94.7419,39.1702],[-94.7815,39.2061],[-94.8238,39.2099],[-94.8315,39.2563],[-94.9053,39.312],[-94.91,39.3525],[-94.8814,39.3704],[-94.885,39.3898],[-94.942,39.3895],[-94.9821,39.4406],[-95.0375,39.4637],[-95.0522,39.5],[-95.1093,39.5423],[-95.1032,39.5778],[-95.0493,39.5896],[-95.0549,39.625],[-95.0276,39.6655],[-94.9713,39.6864],[-94.9653,39.7391],[-94.9487,39.7456],[-94.8993,39.724],[-94.8629,39.743],[-94.8696,39.7729],[-94.9123,39.7593],[-94.9353,39.7756],[-94.8841,39.7942],[-94.8759,39.8133],[-94.8869,39.8331],[-94.9398,39.8519],[-94.9296,39.8888],[-95.0084,39.9006],[-95.0378,39.8655],[-95.1282,39.8742],[-95.1497,39.9059],[-95.2019,39.9041],[-95.2044,39.9389],[-95.2503,39.9486],[-95.3025,39.9844],[-95.3153,40.0121],[-95.4073,40.0331],[-95.4216,40.059],[-95.3933,40.1192],[-95.4792,40.1857],[-95.4775,40.2427],[-95.5525,40.2619],[-95.5622,40.2974],[-95.6573,40.3109],[-95.6237,40.3466],[-95.6591,40.4087],[-95.6582,40.4419],[-95.6947,40.4715],[-95.7,40.5053],[-95.6617,40.5173],[-95.6558,40.5466],[-95.6787,40.5626],[-95.7086,40.5216],[-95.7571,40.526],[-95.7735,40.5782]]]}},{"type":"Feature","properties":{"STATEFP":"38","STUSPS":"ND","NAME":"North Dakota"},"geometry":{"type":"Polygon","coordinates":[[[-104.0454,45.9453],[-104.0487,48.9999],[-97.2287,49.0006],[-97.2341,48.9476],[-97.1898,48.8945],[-97.1995,48.8813],[-97.1778,48.8753],[-97.1904,48.8653],[-97.1738,48.8383],[-97.1903,48.8157],[-97.1588,48.8109],[-97.1812,48.7979],[-97.1626,48.8001],[-97.1736,48.7933],[-97.1473,48.7811],[-97.159,48.7757],[-97.1459,48.7656],[-97.153,48.7528],[-97.11,48.7078],[-97.1201,48.7014],[-97.0903,48.6845],[-97.1093,48.6641],[-97.0987,48.6613],[-97.1157,48.6445],[-97.1093,48.6326],[-97.1308,48.6321],[-97.1204,48.618],[-97.1498,48.6127],[-97.1345,48.6078],[-97.154,48.5951],[-97.1437,48.5824],[-97.1606,48.5809],[-97.1492,48.57],[-97.1753,48.5625],[-97.1383,48.5544],[-97.166,48.5492],[-97.141,48.5342],[-97.1541,48.5219],[-97.1269,48.5198],[-97.1499,48.512],[-97.1322,48.4884],[-97.1627,48.4778],[-97.1281,48.4736],[-97.1461,48.4741],[-97.1293,48.454],[-97.1505,48.4412],[-97.1266,48.4431],[-97.1458,48.4303],[-97.1225,48.4183],[-97.1404,48.4216],[-97.1548,48.4175],[-97.1315,48.4066],[-97.1633,48.392],[-97.1334,48.382],[-97.1563,48.3662],[-97.1259,48.3406],[-97.1417,48.3257],[-97.1156,48.3239],[-97.138,48.3101],[-97.1122,48.2965],[-97.1381,48.2908],[-97.1166,48.2797],[-97.1451,48.2677],[-97.123,48.2617],[-97.1444,48.2332],[-97.1207,48.2258],[-97.1372,48.227],[-97.1517,48.2189],[-97.1351,48.2206],[-97.1178,48.2098],[-97.139,48.2171],[-97.1292,48.2096],[-97.1463,48.1686],[-97.121,48.1591],[-97.1467,48.1432],[-97.1223,48.1386],[-97.1335,48.1371],[-97.1232,48.1066],[-97.1022,48.0967],[-97.1045,48.0724],[-97.0723,48.0481],[-97.0546,47.9463],[-97.0178,47.9198],[-97.0232,47.874],[-97.0025,47.8687],[-96.9983,47.8417],[-96.9742,47.823],[-96.991,47.8077],[-96.9352,47.7675],[-96.9186,47.7239],[-96.9309,47.7154],[-96.8851,47.6738],[-96.8886,47.6384],[-96.8511,47.5979],[-96.8517,47.5685],[-96.8684,47.5658],[-96.8475,47.5662],[-96.8617,47.5595],[-96.8454,47.5396],[-96.871,47.5279],[-96.8423,47.5086],[-96.8651,47.4915],[-96.8522,47.4858],[-96.8684,47.479],[-96.8519,47.4787],[-96.8636,47.4573],[-96.8528,47.4323],[-96.8717,47.4194],[-96.8423,47.4119],[-96.8527,47.4059],[-96.8374,47.3893],[-96.8546,47.3738],[-96.8378,47.3708],[-96.8582,47.3676],[-96.8306,47.3386],[-96.846,47.3284],[-96.8288,47.3281],[-96.847,47.3158],[-96.8307,47.3054],[-96.8475,47.2718],[-96.8346,47.267],[-96.8473,47.2628],[-96.8289,47.2342],[-96.8456,47.2211],[-96.8272,47.2017],[-96.8357,47.2019],[-96.8447,47.1929],[-96.8216,47.1843],[-96.8334,47.1763],[-96.8227,47.1562],[-96.8411,47.1514],[-96.82,47.1309],[-96.8376,47.122],[-96.8168,47.1091],[-96.8304,47.0608],[-96.8127,47.0383],[-96.8395,47.0067],[-96.8213,47.0036],[-96.8219,46.9694],[-96.795,46.9654],[-96.8047,46.9475],[-96.7918,46.9285],[-96.7533,46.9246],[-96.7766,46.8957],[-96.7685,46.8796],[-96.7814,46.8794],[-96.7754,46.8389],[-96.7939,46.8331],[-96.7803,46.8258],[-96.8025,46.8115],[-96.7876,46.7862],[-96.7967,46.7775],[-96.7757,46.766],[-96.7895,46.766],[-96.7779,46.7616],[-96.7894,46.7575],[-96.7793,46.7274],[-96.7911,46.7178],[-96.7843,46.6851],[-96.8013,46.6685],[-96.7859,46.6402],[-96.7911,46.6383],[-96.7979,46.6291],[-96.7784,46.627],[-96.787,46.6192],[-96.7755,46.6212],[-96.7419,46.5642],[-96.7544,46.5567],[-96.7381,46.5346],[-96.7381,46.4778],[-96.7142,46.471],[-96.7219,46.4401],[-96.7046,46.4382],[-96.7047,46.4182],[-96.6851,46.4139],[-96.6454,46.3508],[-96.5998,46.3304],[-96.6004,46.2619],[-96.5839,46.2502],[-96.5986,46.2416],[-96.5838,46.2084],[-96.5927,46.1752],[-96.5799,46.1772],[-96.5545,46.084],[-96.5779,46.0269],[-96.5625,45.9371],[-104.0454,45.9453]]]}},{"type":"Feature","properties":{"STATEFP":"02","STUSPS":"AK","NAME":"Alaska"},"geometry":{"type":"MultiPolygon","coordinates":[[[[179.4825,51.9828],[179.5267,51.9812],[179.5829,52.0168],[179.6476,52.0263],[179.7785,51.9622],[179.743,51.9117],[179.6144,51.8718],[179.4846,51.9213],[179.4825,51.9828]]],[[[178.6255,51.6373],[178.664,51.6619],[178.738,51.6327],[178.9039,51.6149],[178.9208,51.5861],[179.0029,51.5525],[179.0768,51.4985],[179.1911,51.4629],[179.2363,51.4096],[179.3862,51.4044],[179.4676,51.3716],[179.2616,51.3577],[179.0604,51.4549],[178.9516,51.542],[178.8436,51.5786],[178.7851,51.5719],[178.706,51.5932],[178.6255,51.6373]]],[[[178.447,51.9782],[178.4786,51.9875],[178.5526,51.974],[178.5902,51.9455],[178.5394,51.9032],[178.5025,51.8996],[178.447,51.9782]]],[[[178.2369,51.8282],[178.3103,51.82],[178.3807,51.7639],[178.3086,51.7757],[178.2369,51.8282]]],[[[178.0946,52.0333],[178.1417,52.051],[178.18,52.0332],[178.191,52.0035],[178.1325,51.987],[178.1059,51.9984],[178.0946,52.0333]]],[[[178.0225,51.871],[178.0312,51.8792],[178.0327,51.8746],[178.0225,51.871]]],[[[177.3618,52.1167],[177.3688,52.1258],[177.3713,52.1218],[177.3618,52.1167]]],[[[177.2033,51.8966],[177.2913,51.9194],[177.3456,51.963],[177.4974,51.9933],[177.5053,52.0388],[177.5634,52.122],[177.6027,52.1373],[177.676,52.0922],[177.5327,51.9701],[177.5435,51.9562],[177.6075,51.9547],[177.601,51.9223],[177.4095,51.9308],[177.3739,51.9198],[177.3268,51.8736],[177.334,51.8444],[177.3118,51.826],[177.2734,51.8571],[177.204,51.8805],[177.2033,51.8966]]],[[[175.8744,52.371],[175.9067,52.3757],[175.9665,52.3597],[175.9442,52.3364],[175.9113,52.3348],[175.8744,52.371]]],[[[174.0662,52.731],[174.0967,52.7435],[174.1453,52.7285],[174.1593,52.7074],[174.1094,52.7086],[174.0662,52.731]]],[[[173.9541,52.7514],[174.0037,52.7443],[174.0217,52.7303],[174.0048,52.7199],[173.9726,52.7294],[173.9541,52.7514]]],[[[173.8674,52.7751],[173.8975,52.7718],[173.94,52.7519],[173.8948,52.7508],[173.8674,52.7751]]],[[[173.3561,52.4056],[173.3801,52.4318],[173.4401,52.4537],[173.4762,52.4419],[173.5301,52.45],[173.5453,52.476],[173.5876,52.4768],[173.6239,52.5069],[173.7728,52.5099],[173.7077,52.4774],[173.6916,52.4459],[173.7123,52.421],[173.7257,52.3566],[173.6448,52.3576],[173.5888,52.401],[173.4838,52.3835],[173.3561,52.4056]]],[[[172.4617,52.9272],[172.6433,53.005],[173.1072,52.9932],[173.2118,52.9395],[173.2513,52.9444],[173.2954,52.927],[173.4277,52.8308],[173.3023,52.8233],[173.2241,52.8564],[173.1427,52.7863],[172.9985,52.797],[172.9036,52.7617],[172.8094,52.7893],[172.7634,52.8237],[172.7542,52.8775],[172.6404,52.9254],[172.513,52.9052],[172.469,52.9113],[172.4617,52.9272]]],[[[-130.9831,55.366],[-130.9482,55.3825],[-130.9333,55.3331],[-130.97,55.316],[-130.9831,55.366]]],[[[-131.0448,55.2985],[-131.0306,55.3048],[-131.0272,55.2878],[-131.0349,55.2848],[-131.0448,55.2985]]],[[[-131.2053,54.8657],[-131.1956,54.8738],[-131.1947,54.8712],[-131.2053,54.8657]]],[[[-131.2447,55.0745],[-131.2071,55.1137],[-131.1751,55.0867],[-131.1968,55.0432],[-131.2447,55.0745]]],[[[-131.2658,55.3567],[-131.2592,55.3639],[-131.2531,55.3522],[-131.2658,55.3567]]],[[[-131.2877,55.0125],[-131.2506,55.0367],[-131.2154,55.0364],[-131.2525,55.0124],[-131.2877,55.0125]]],[[[-131.3308,55.1832],[-131.3308,55.1884],[-131.3274,55.1849],[-131.3308,55.1832]]],[[[-131.3855,55.248],[-131.3829,55.2511],[-131.383,55.248],[-131.3855,55.248]]],[[[-131.4587,55.266],[-131.408,55.2535],[-131.3975,55.2397],[-131.4266,55.2385],[-131.4587,55.266]]],[[[-131.4984,54.9347],[-131.467,54.9685],[-131.4122,54.9638],[-131.3331,54.9807],[-131.335,54.9949],[-131.2441,55.0033],[-131.235,54.9887],[-131.2544,54.9757],[-131.2325,54.9462],[-131.2455,54.9335],[-131.1911,54.9182],[-131.2628,54.8604],[-131.2998,54.8616],[-131.2953,54.8757],[-131.3168,54.8794],[-131.3436,54.8558],[-131.4984,54.9347]]],[[[-131.5061,55.2628],[-131.5082,55.2672],[-131.5001,55.2646],[-131.5061,55.2628]]],[[[-131.5396,55.0024],[-131.498,54.9912],[-131.5031,54.9632],[-131.5204,54.958],[-131.5396,55.0024]]],[[[-131.6176,54.948],[-131.5887,54.9704],[-131.5339,54.955],[-131.5887,54.9308],[-131.6176,54.948]]],[[[-131.6482,55.0465],[-131.5916,55.0883],[-131.6137,55.0967],[-131.5992,55.1259],[-131.5455,55.1181],[-131.532,55.1376],[-131.6097,55.1827],[-131.5814,55.1842],[-131.6099,55.2386],[-131.5916,55.2739],[-131.5507,55.2684],[-131.5724,55.2861],[-131.3264,55.1698],[-131.3642,55.1632],[-131.3516,55.1186],[-131.3741,55.0928],[-131.3511,55.0622],[-131.3856,55.0118],[-131.4927,55.0118],[-131.5236,55.063],[-131.54,55.0574],[-131.5303,55.0385],[-131.5448,55.0254],[-131.6078,54.9939],[-131.623,55.0034],[-131.6104,55.0133],[-131.6449,55.0112],[-131.6482,55.0465]]],[[[-131.6593,55.3319],[-131.6336,55.3306],[-131.5941,55.3075],[-131.6134,55.3064],[-131.6593,55.3319]]],[[[-131.7095,55.1131],[-131.7079,55.1191],[-131.7064,55.1135],[-131.7095,55.1131]]],[[[-131.7128,55.8613],[-131.6749,55.8624],[-131.6961,55.8688],[-131.6895,55.8902],[-131.6487,55.9129],[-131.5872,55.8665],[-131.601,55.8539],[-131.7128,55.8613]]],[[[-131.7165,55.5299],[-131.7161,55.5337],[-131.7122,55.5343],[-131.7165,55.5299]]],[[[-131.7205,55.5362],[-131.7191,55.5637],[-131.7045,55.5616],[-131.7205,55.5362]]],[[[-131.7375,55.1208],[-131.7309,55.1245],[-131.7307,55.1206],[-131.7375,55.1208]]],[[[-131.7398,55.1095],[-131.7372,55.1138],[-131.7356,55.1127],[-131.7398,55.1095]]],[[[-131.8056,55.4827],[-131.8046,55.4868],[-131.8011,55.4852],[-131.8056,55.4827]]],[[[-131.8414,55.8526],[-131.8294,55.8573],[-131.8138,55.8506],[-131.8303,55.8457],[-131.8414,55.8526]]],[[[-131.851,55.5255],[-131.8107,55.5406],[-131.7528,55.5415],[-131.7548,55.5176],[-131.8238,55.4802],[-131.851,55.5255]]],[[[-131.9606,55.1433],[-131.9685,55.1484],[-131.9588,55.1541],[-131.9606,55.1433]]],[[[-131.9978,55.0525],[-131.9954,55.0591],[-131.9902,55.0573],[-131.9978,55.0525]]],[[[-132.0154,55.0608],[-132.0123,55.0685],[-132.0088,55.0663],[-132.0154,55.0608]]],[[[-132.0493,55.9834],[-132.0446,55.9918],[-132.0456,55.9824],[-132.0493,55.9834]]],[[[-132.061,56.0577],[-132.0299,56.0912],[-131.9834,56.0145],[-132.0325,55.9776],[-132.033,56.0192],[-132.0433,56.0291],[-132.0559,56.0187],[-132.061,56.0577]]],[[[-132.0754,55.0527],[-132.0705,55.0573],[-132.071,55.0528],[-132.0754,55.0527]]],[[[-132.0728,56.1019],[-132.0756,56.108],[-132.0695,56.107],[-132.0728,56.1019]]],[[[-132.0743,55.2938],[-132.083,55.2984],[-132.072,55.3012],[-132.0743,55.2938]]],[[[-132.0916,56.0787],[-132.0956,56.0819],[-132.0915,56.0812],[-132.0916,56.0787]]],[[[-132.1172,56.0334],[-132.1115,56.0447],[-132.0946,56.0531],[-132.0955,56.0239],[-132.1172,56.0334]]],[[[-132.1195,55.225],[-132.1155,55.2299],[-132.1123,55.2294],[-132.1195,55.225]]],[[[-132.1262,55.9295],[-132.1268,55.9337],[-132.1238,55.9331],[-132.1262,55.9295]]],[[[-132.1469,56.1491],[-132.1428,56.1513],[-132.142,56.149],[-132.1469,56.1491]]],[[[-132.147,55.4462],[-132.1362,55.4503],[-132.11,55.4432],[-132.1272,55.4373],[-132.147,55.4462]]],[[[-132.145,56.0592],[-132.1432,56.066],[-132.1378,56.06],[-132.145,56.0592]]],[[[-132.1836,55.9196],[-132.1665,55.9251],[-132.1585,55.923],[-132.1836,55.9196]]],[[[-132.2063,55.3976],[-132.1854,55.4052],[-132.1628,55.3981],[-132.2063,55.3976]]],[[[-132.3822,55.5035],[-132.3474,55.5053],[-132.3208,55.4914],[-132.3525,55.4905],[-132.3822,55.5035]]],[[[-132.3827,55.5133],[-132.3835,55.5169],[-132.3808,55.5164],[-132.3827,55.5133]]],[[[-132.4139,55.9178],[-132.4085,55.9213],[-132.4084,55.9174],[-132.4139,55.9178]]],[[[-132.4775,56.5197],[-132.4704,56.5455],[-132.4385,56.5266],[-132.4545,56.512],[-132.4775,56.5197]]],[[[-132.4825,56.5701],[-132.4516,56.5962],[-132.4008,56.6069],[-132.4084,56.5851],[-132.4402,56.5679],[-132.4825,56.5701]]],[[[-132.4816,56.4967],[-132.4856,56.505],[-132.4754,56.5002],[-132.4816,56.4967]]],[[[-132.4995,56.0519],[-132.4986,56.0562],[-132.4937,56.0554],[-132.4995,56.0519]]],[[[-132.5196,55.5851],[-132.514,55.5813],[-132.5156,55.5799],[-132.5196,55.5851]]],[[[-132.528,55.5823],[-132.527,55.5876],[-132.5252,55.5819],[-132.528,55.5823]]],[[[-132.5377,55.5848],[-132.5445,55.5916],[-132.5388,55.5903],[-132.5377,55.5848]]],[[[-132.5623,56.3865],[-132.5363,56.421],[-132.4926,56.4403],[-132.4068,56.409],[-132.4018,56.3849],[-132.4425,56.3887],[-132.5002,56.3528],[-132.548,56.3627],[-132.5623,56.3865]]],[[[-132.5667,56.5303],[-132.5441,56.556],[-132.5194,56.5602],[-132.5365,56.5135],[-132.5562,56.513],[-132.5667,56.5303]]],[[[-132.6166,56.5063],[-132.5823,56.5135],[-132.5579,56.4956],[-132.5904,56.4872],[-132.6166,56.5063]]],[[[-132.6535,56.4813],[-132.6191,56.4878],[-132.5777,56.453],[-132.6041,56.4492],[-132.6535,56.4813]]],[[[-132.6983,55.0896],[-132.6917,55.0941],[-132.6924,55.0866],[-132.6983,55.0896]]],[[[-132.7148,56.1124],[-132.7122,56.1174],[-132.7107,56.1144],[-132.7148,56.1124]]],[[[-132.7327,54.9835],[-132.7234,54.9889],[-132.7162,54.9772],[-132.7327,54.9835]]],[[[-132.7671,56.4918],[-132.7678,56.4964],[-132.7634,56.4937],[-132.7671,56.4918]]],[[[-132.8295,54.9211],[-132.7254,54.9402],[-132.7118,54.93],[-132.7255,54.9195],[-132.6538,54.9081],[-132.6231,54.8727],[-132.6532,54.8747],[-132.6582,54.8613],[-132.6264,54.8445],[-132.6951,54.8449],[-132.6256,54.805],[-132.6109,54.7664],[-132.6352,54.7495],[-132.6779,54.7664],[-132.7045,54.815],[-132.804,54.8679],[-132.8116,54.9069],[-132.8295,54.9211]]],[[[-132.8474,54.9618],[-132.8363,54.9661],[-132.8374,54.9631],[-132.8474,54.9618]]],[[[-132.8613,54.9584],[-132.8641,54.9763],[-132.8508,54.9593],[-132.8613,54.9584]]],[[[-132.8695,54.9492],[-132.8727,54.956],[-132.8603,54.9512],[-132.8695,54.9492]]],[[[-132.89,56.169],[-132.8862,56.1734],[-132.8788,56.1626],[-132.89,56.169]]],[[[-132.916,56.8876],[-132.9087,56.8915],[-132.9063,56.8871],[-132.916,56.8876]]],[[[-132.9187,56.19],[-132.9247,56.2029],[-132.9126,56.2003],[-132.9187,56.19]]],[[[-132.9374,55.0689],[-132.9151,55.0919],[-132.8918,55.0908],[-132.8882,55.0682],[-132.9134,55.0438],[-132.9374,55.0689]]],[[[-132.9408,56.1293],[-132.9246,56.1485],[-132.8792,56.1466],[-132.8485,56.1147],[-132.8964,56.0997],[-132.9408,56.1293]]],[[[-132.9446,56.8966],[-132.9332,56.8976],[-132.9303,56.8883],[-132.9372,56.8886],[-132.9446,56.8966]]],[[[-132.9463,56.138],[-132.9452,56.1422],[-132.9428,56.1384],[-132.9463,56.138]]],[[[-133.0039,56.1979],[-132.9635,56.1986],[-132.8927,56.1577],[-132.9484,56.1642],[-133.0039,56.1979]]],[[[-133.0053,56.258],[-132.9967,56.2768],[-132.9605,56.2713],[-132.9669,56.25],[-133.0053,56.258]]],[[[-133.0078,56.2247],[-132.996,56.2306],[-133.006,56.2431],[-132.9605,56.2409],[-132.9151,56.2079],[-132.9676,56.2053],[-133.0078,56.2247]]],[[[-133.0127,56.1863],[-132.9883,56.1812],[-132.9707,56.1535],[-133.0014,56.1545],[-133.0127,56.1863]]],[[[-133.0144,55.1628],[-132.9864,55.1731],[-132.9657,55.173],[-132.989,55.1577],[-133.0144,55.1628]]],[[[-133.025,56.2334],[-133.0241,56.2377],[-133.0216,56.2372],[-133.025,56.2334]]],[[[-133.0701,56.3552],[-133.0114,56.4247],[-132.9277,56.4582],[-132.8116,56.4404],[-132.7163,56.4567],[-132.633,56.4223],[-132.6218,56.3903],[-132.678,56.3505],[-132.6514,56.2966],[-132.6591,56.2759],[-132.8585,56.2327],[-132.9597,56.2955],[-133.066,56.3309],[-133.0701,56.3552]]],[[[-133.0707,56.5078],[-133.0696,56.5155],[-133.0669,56.5081],[-133.0707,56.5078]]],[[[-133.0805,56.0886],[-133.0567,56.1109],[-133.0591,56.1341],[-133.0351,56.114],[-133.0029,56.1166],[-132.9769,56.0739],[-132.9866,56.0593],[-133.0526,56.0552],[-133.0805,56.0886]]],[[[-133.0785,56.0476],[-133.0753,56.0605],[-133.0686,56.047],[-133.0785,56.0476]]],[[[-133.092,56.5149],[-133.0896,56.5215],[-133.0889,56.5158],[-133.092,56.5149]]],[[[-133.1207,55.4444],[-133.1047,55.4356],[-133.1022,55.4303],[-133.1155,55.4344],[-133.1207,55.4444]]],[[[-133.1264,56.4622],[-133.0764,56.4733],[-133.0551,56.4629],[-133.112,56.4495],[-133.1264,56.4622]]],[[[-133.1814,55.4891],[-133.159,55.4913],[-133.1631,55.4778],[-133.1814,55.4891]]],[[[-133.1771,55.5508],[-133.1806,55.562],[-133.1699,55.5602],[-133.1771,55.5508]]],[[[-133.2545,55.1739],[-133.2592,55.1797],[-133.2529,55.1755],[-133.2545,55.1739]]],[[[-133.2878,57.3044],[-133.2837,57.3095],[-133.278,57.3017],[-133.2878,57.3044]]],[[[-133.3059,56.4569],[-133.3034,56.4629],[-133.2952,56.4597],[-133.3059,56.4569]]],[[[-133.3095,55.5807],[-133.3012,55.5833],[-133.3004,55.5768],[-133.3095,55.5807]]],[[[-133.3243,55.4183],[-133.2974,55.445],[-133.2434,55.4505],[-133.2313,55.439],[-133.2539,55.4057],[-133.3071,55.4001],[-133.3243,55.4183]]],[[[-133.3508,55.7332],[-133.3458,55.739],[-133.3398,55.7317],[-133.3508,55.7332]]],[[[-133.391,55.3536],[-133.3916,55.3568],[-133.3874,55.3563],[-133.391,55.3536]]],[[[-133.4151,55.712],[-133.4025,55.7186],[-133.4032,55.71],[-133.4151,55.712]]],[[[-133.4472,55.6573],[-133.439,55.6678],[-133.435,55.6622],[-133.4472,55.6573]]],[[[-133.4557,55.5322],[-133.4401,55.5464],[-133.449,55.5551],[-133.4158,55.5688],[-133.3174,55.5692],[-133.2891,55.5488],[-133.2798,55.504],[-133.3609,55.449],[-133.4122,55.473],[-133.4072,55.4962],[-133.4557,55.5322]]],[[[-133.4751,57.7104],[-133.461,57.71],[-133.4418,57.6977],[-133.462,57.7001],[-133.4751,57.7104]]],[[[-133.4956,55.9127],[-133.4812,55.9145],[-133.4755,55.9058],[-133.4889,55.9042],[-133.4956,55.9127]]],[[[-133.5228,55.8874],[-133.5055,55.8936],[-133.4848,55.8878],[-133.491,55.8736],[-133.5228,55.8874]]],[[[-133.5459,57.242],[-133.5321,57.2481],[-133.5117,57.2139],[-133.5278,57.2188],[-133.5459,57.242]]],[[[-133.5488,56.4271],[-133.5476,56.4315],[-133.5445,56.4285],[-133.5488,56.4271]]],[[[-133.5546,54.8469],[-133.5325,54.8576],[-133.5087,54.7466],[-133.5478,54.7809],[-133.5376,54.8265],[-133.5546,54.8469]]],[[[-133.5678,57.2131],[-133.5632,57.2224],[-133.558,57.2202],[-133.5678,57.2131]]],[[[-133.5789,57.497],[-133.5792,57.5028],[-133.5709,57.5013],[-133.5789,57.497]]],[[[-133.6097,55.6851],[-133.544,55.67],[-133.5468,55.6458],[-133.5876,55.6211],[-133.599,55.6435],[-133.5594,55.6485],[-133.5618,55.6696],[-133.5838,55.6631],[-133.6097,55.6851]]],[[[-133.6214,55.4505],[-133.5397,55.4892],[-133.527,55.529],[-133.4614,55.5065],[-133.4257,55.4653],[-133.4545,55.4355],[-133.5332,55.4281],[-133.6214,55.4505]]],[[[-133.6171,55.6428],[-133.6203,55.6531],[-133.6018,55.6475],[-133.6171,55.6428]]],[[[-133.6253,55.91],[-133.6224,55.9185],[-133.6162,55.9084],[-133.6253,55.91]]],[[[-133.633,55.5997],[-133.6097,55.6025],[-133.5997,55.5967],[-133.6217,55.5851],[-133.633,55.5997]]],[[[-133.6495,57.7675],[-133.611,57.7606],[-133.5977,57.75],[-133.6248,57.7535],[-133.6495,57.7675]]],[[[-133.6545,55.6135],[-133.645,55.6204],[-133.64,55.6194],[-133.6426,55.6063],[-133.6545,55.6135]]],[[[-133.6634,55.4228],[-133.6471,55.438],[-133.6144,55.4409],[-133.6474,55.4196],[-133.6634,55.4228]]],[[[-133.6812,55.6587],[-133.6698,55.6621],[-133.6651,55.6541],[-133.6696,55.6515],[-133.6812,55.6587]]],[[[-133.6788,56.0975],[-133.6721,56.1087],[-133.669,56.1069],[-133.6788,56.0975]]],[[[-133.6903,55.3072],[-133.6703,55.3278],[-133.6418,55.3248],[-133.6496,55.3425],[-133.6237,55.3637],[-133.6782,55.3766],[-133.6418,55.3948],[-133.6211,55.3841],[-133.5952,55.4303],[-133.5586,55.4113],[-133.412,55.4195],[-133.4238,55.3813],[-133.5039,55.3675],[-133.5424,55.3351],[-133.5774,55.339],[-133.5738,55.3145],[-133.6019,55.2994],[-133.5919,55.2914],[-133.6145,55.2356],[-133.6684,55.2762],[-133.6622,55.3016],[-133.6903,55.3072]]],[[[-133.6935,55.8662],[-133.6765,55.8739],[-133.6726,55.8728],[-133.681,55.8518],[-133.6935,55.8662]]],[[[-133.7031,55.879],[-133.6963,55.8923],[-133.6925,55.8828],[-133.7031,55.879]]],[[[-133.7092,55.6618],[-133.7115,55.6733],[-133.7038,55.6728],[-133.7092,55.6618]]],[[[-133.7167,56.3958],[-133.7069,56.3988],[-133.6898,56.3888],[-133.6977,56.3853],[-133.7167,56.3958]]],[[[-133.7278,55.5994],[-133.7064,55.6053],[-133.6938,55.5842],[-133.7148,55.5835],[-133.7278,55.5994]]],[[[-133.7803,56.5295],[-133.7722,56.5354],[-133.7632,56.5301],[-133.7658,56.5273],[-133.7803,56.5295]]],[[[-133.8166,55.9542],[-133.7089,56.0397],[-133.6978,56.0714],[-133.6605,56.0843],[-133.5014,56.079],[-133.5188,56.0943],[-133.626,56.1057],[-133.645,56.1199],[-133.6307,56.1305],[-133.6357,56.1477],[-133.5815,56.1292],[-133.5354,56.1561],[-133.5518,56.1602],[-133.5559,56.186],[-133.5861,56.1783],[-133.6101,56.2034],[-133.649,56.1979],[-133.6795,56.2118],[-133.6324,56.2188],[-133.6279,56.2465],[-133.6616,56.2843],[-133.6474,56.2953],[-133.6647,56.3109],[-133.6495,56.3288],[-133.6029,56.3117],[-133.6391,56.346],[-133.6248,56.3587],[-133.4171,56.328],[-133.3584,56.3395],[-133.3094,56.3234],[-133.2735,56.336],[-133.1732,56.3273],[-133.1417,56.2793],[-133.1175,56.2753],[-133.1269,56.2694],[-133.1143,56.2494],[-133.0739,56.2461],[-133.0472,56.2075],[-133.06,56.1929],[-133.0379,56.183],[-133.0468,56.1509],[-133.077,56.1314],[-133.0717,56.1101],[-133.0865,56.1156],[-133.1094,56.0963],[-133.134,56.1169],[-133.0935,56.0463],[-133.0704,56.0366],[-133.0144,56.0564],[-132.97,56.0372],[-132.9672,56.0612],[-132.9358,56.0612],[-132.9253,56.0222],[-132.8456,56.0362],[-132.8399,56.0125],[-132.827,56.0225],[-132.7337,55.984],[-132.7162,55.9593],[-132.6168,55.9087],[-132.4698,55.7836],[-132.4932,55.7594],[-132.4441,55.7194],[-132.461,55.6957],[-132.4625,55.6669],[-132.4388,55.6618],[-132.4558,55.6153],[-132.4181,55.6449],[-132.4181,55.6677],[-132.3896,55.6703],[-132.3551,55.6433],[-132.3473,55.6038],[-132.2965,55.5361],[-132.2625,55.5398],[-132.1984,55.5143],[-132.1432,55.4708],[-132.1432,55.4574],[-132.1785,55.451],[-132.243,55.4905],[-132.4626,55.556],[-132.5004,55.5853],[-132.4983,55.601],[-132.5299,55.6043],[-132.5832,55.5714],[-132.5211,55.5507],[-132.5399,55.5496],[-132.5855,55.4987],[-132.6742,55.4572],[-132.6672,55.4399],[-132.6269,55.4686],[-132.5681,55.4744],[-132.564,55.5023],[-132.5243,55.5207],[-132.4944,55.4959],[-132.4113,55.5153],[-132.3968,55.4754],[-132.3186,55.4791],[-132.2806,55.4443],[-132.4183,55.4329],[-132.421,55.4213],[-132.3619,55.3897],[-132.3514,55.4142],[-132.3226,55.4009],[-132.3281,55.4134],[-132.2655,55.4242],[-132.2212,55.3731],[-132.1631,55.3703],[-132.1742,55.3584],[-132.1464,55.3398],[-132.1525,55.3206],[-132.0947,55.2826],[-132.0943,55.2667],[-132.14,55.2529],[-132.1397,55.2393],[-132.2327,55.248],[-132.2406,55.2382],[-132.2284,55.2355],[-132.2681,55.2054],[-132.1883,55.2242],[-132.1473,55.2084],[-132.1278,55.2163],[-132.1057,55.1954],[-132.047,55.2741],[-132.0198,55.2786],[-131.9924,55.2596],[-131.9766,55.1742],[-132.0079,55.159],[-132.002,55.1458],[-132.0352,55.1452],[-132.0174,55.1398],[-132.026,55.1283],[-132.0588,55.1198],[-132.0057,55.122],[-131.9931,55.1096],[-132.0874,55.0791],[-132.1066,55.055],[-132.0897,55.0543],[-132.0863,55.037],[-132.23,55.0015],[-132.2129,54.9874],[-132.1601,54.993],[-132.1583,54.9732],[-132.1393,54.9728],[-132.1438,54.9883],[-132.1147,55.0084],[-132.051,55.0186],[-132.0234,55.0411],[-131.9799,55.0379],[-131.9894,55.0124],[-131.973,55.0024],[-131.9903,55.0084],[-131.9801,54.9836],[-131.9924,54.9823],[-131.9671,54.9603],[-131.9789,54.9199],[-131.9703,54.8649],[-132.0247,54.8858],[-132.0228,54.9002],[-132.0512,54.8956],[-132.0403,54.8699],[-131.9742,54.8504],[-131.9524,54.8031],[-131.9625,54.7836],[-132.0079,54.7821],[-131.9963,54.7723],[-132.0126,54.7564],[-131.9952,54.74],[-132.0181,54.7102],[-132.0146,54.6913],[-132.1669,54.6917],[-132.1638,54.705],[-132.198,54.7072],[-132.2127,54.7269],[-132.3119,54.7149],[-132.3164,54.7407],[-132.3753,54.7516],[-132.371,54.7829],[-132.5049,54.7755],[-132.5022,54.7878],[-132.4635,54.7944],[-132.4423,54.8293],[-132.3618,54.8184],[-132.3223,54.8337],[-132.353,54.8629],[-132.4112,54.8763],[-132.4224,54.8968],[-132.4597,54.911],[-132.5232,54.8962],[-132.5403,54.9173],[-132.53,54.9326],[-132.5631,54.9345],[-132.6163,54.9713],[-132.6011,55.0028],[-132.5721,55.0015],[-132.5971,55.0305],[-132.5562,55.0505],[-132.57,55.0712],[-132.5246,55.1089],[-132.5607,55.1079],[-132.559,55.1255],[-132.5752,55.1263],[-132.6351,55.0543],[-132.6287,55.1111],[-132.5833,55.167],[-132.6546,55.2324],[-132.6793,55.2327],[-132.6303,55.1737],[-132.6639,55.1381],[-132.8329,55.2],[-132.8119,55.1734],[-132.6888,55.1252],[-132.7009,55.1059],[-132.7318,55.1096],[-132.7124,55.0985],[-132.7149,55.0805],[-132.6929,55.0792],[-132.686,55.0285],[-132.7071,55.0041],[-132.7499,55.0099],[-132.7556,54.9884],[-132.7708,55.0061],[-132.8939,55.0366],[-132.8564,55.0908],[-132.8828,55.1064],[-132.8771,55.1271],[-132.9377,55.1361],[-132.8932,55.1619],[-132.8996,55.1752],[-132.9477,55.1753],[-132.9393,55.2103],[-132.9767,55.2218],[-133.0147,55.203],[-133.0403,55.2077],[-133.0458,55.2327],[-133.0023,55.2427],[-133.043,55.2481],[-133.0494,55.2675],[-133.072,55.2536],[-133.1076,55.2609],[-133.12,55.2552],[-133.0796,55.2271],[-133.1033,55.2256],[-133.085,55.1981],[-133.1062,55.1898],[-133.075,55.1916],[-133.0598,55.1691],[-133.0938,55.1559],[-133.0712,55.1558],[-133.0843,55.1441],[-133.0541,55.1344],[-133.028,55.1393],[-133.0106,55.1229],[-133.0092,55.0852],[-132.9717,55.0605],[-133.0254,55.085],[-133.0601,55.075],[-133.0094,55.0551],[-133.0161,55.0449],[-132.9871,55.0207],[-132.9541,55.0159],[-132.9555,54.9745],[-132.9087,54.9449],[-132.932,54.9338],[-132.8961,54.929],[-132.9115,54.9119],[-132.8552,54.8971],[-132.8157,54.8599],[-132.8426,54.8413],[-132.7996,54.8466],[-132.7499,54.8199],[-132.7471,54.7947],[-132.7169,54.7693],[-132.7266,54.7342],[-132.6819,54.7271],[-132.705,54.7127],[-132.6976,54.6985],[-132.7292,54.6985],[-132.6722,54.6745],[-132.6907,54.6636],[-132.7775,54.6717],[-132.7461,54.6868],[-132.7948,54.6844],[-132.8088,54.7004],[-132.845,54.6867],[-132.8749,54.7048],[-132.855,54.7062],[-132.8851,54.7378],[-132.8723,54.7529],[-133.0094,54.8203],[-133.0014,54.8317],[-133.0354,54.8578],[-133.0282,54.8722],[-133.0487,54.8703],[-133.0432,54.8842],[-133.0874,54.9066],[-133.0758,54.9181],[-133.1171,54.9204],[-133.1677,54.9494],[-133.1532,54.9626],[-133.1699,54.9786],[-133.153,54.9944],[-133.173,55.0047],[-133.1654,55.0231],[-133.2265,55.0564],[-133.172,55.0526],[-133.2381,55.0844],[-133.2381,55.1021],[-133.1283,55.1025],[-133.2317,55.1237],[-133.2001,55.1404],[-133.2412,55.1689],[-133.1996,55.1555],[-133.1782,55.1575],[-133.2398,55.1835],[-133.2169,55.2091],[-133.2238,55.238],[-133.1197,55.269],[-133.221,55.2729],[-133.2562,55.2201],[-133.3348,55.2027],[-133.3843,55.2281],[-133.4408,55.2107],[-133.4708,55.2582],[-133.4637,55.2739],[-133.428,55.2697],[-133.4035,55.2846],[-133.4537,55.288],[-133.4637,55.3192],[-133.3866,55.3233],[-133.3995,55.3404],[-133.3546,55.3465],[-133.3051,55.3283],[-133.2966,55.307],[-133.3187,55.2756],[-133.2711,55.2936],[-133.2284,55.2767],[-133.2426,55.2896],[-133.2374,55.3097],[-133.2925,55.3533],[-133.2336,55.351],[-133.2697,55.3607],[-133.2153,55.3837],[-133.1582,55.3616],[-133.1561,55.3772],[-133.1278,55.3846],[-133.1618,55.3935],[-133.1252,55.4001],[-133.1231,55.4154],[-133.1064,55.397],[-133.0401,55.4071],[-133.0382,55.4174],[-133.0843,55.4284],[-132.9945,55.4521],[-133.1485,55.4639],[-133.14,55.4715],[-133.1545,55.4773],[-133.1275,55.4796],[-133.1309,55.5146],[-133.1054,55.538],[-133.1072,55.5563],[-133.0822,55.5626],[-133.1059,55.5774],[-133.1485,55.5265],[-133.158,55.5635],[-133.1311,55.5995],[-133.1763,55.6018],[-133.1828,55.5867],[-133.1647,55.5792],[-133.2412,55.5852],[-133.2489,55.5715],[-133.2645,55.5685],[-133.2514,55.578],[-133.4054,55.6166],[-133.3866,55.6219],[-133.3994,55.6385],[-133.4355,55.6457],[-133.4192,55.6548],[-133.409,55.643],[-133.4142,55.6665],[-133.3548,55.6893],[-133.3906,55.6943],[-133.3844,55.7363],[-133.3455,55.7066],[-133.3267,55.7112],[-133.3387,55.7286],[-133.3268,55.7344],[-133.3486,55.7546],[-133.4235,55.7397],[-133.5131,55.7733],[-133.5228,55.7646],[-133.4879,55.734],[-133.4886,55.7131],[-133.5361,55.6929],[-133.6436,55.7287],[-133.6692,55.7675],[-133.7023,55.78],[-133.6536,55.7921],[-133.669,55.8021],[-133.6635,55.8164],[-133.6329,55.8337],[-133.5901,55.7959],[-133.5979,55.8286],[-133.5818,55.8373],[-133.4896,55.8142],[-133.4872,55.7896],[-133.4677,55.8076],[-133.4618,55.7896],[-133.3653,55.7849],[-133.3824,55.8226],[-133.3572,55.8003],[-133.322,55.814],[-133.3634,55.8453],[-133.3322,55.8546],[-133.3531,55.8841],[-133.4197,55.8824],[-133.4135,55.9047],[-133.4644,55.9105],[-133.438,55.917],[-133.4252,55.939],[-133.4568,55.9309],[-133.5055,55.9484],[-133.4777,55.9797],[-133.491,55.9935],[-133.4651,55.9934],[-133.4801,56.0277],[-133.5388,55.9807],[-133.5937,55.9672],[-133.6384,55.92],[-133.6856,55.9164],[-133.7138,55.8939],[-133.729,55.9226],[-133.7971,55.9172],[-133.8166,55.9542]]],[[[-133.8231,55.4443],[-133.7804,55.4692],[-133.7678,55.5002],[-133.716,55.5176],[-133.7602,55.5337],[-133.7328,55.5616],[-133.662,55.5573],[-133.6375,55.5298],[-133.6225,55.5554],[-133.5843,55.5368],[-133.5859,55.5037],[-133.6316,55.4904],[-133.6406,55.4536],[-133.6675,55.438],[-133.7397,55.4721],[-133.8231,55.4443]]],[[[-133.8338,56.4226],[-133.8048,56.421],[-133.7742,56.3921],[-133.8077,56.3949],[-133.8338,56.4226]]],[[[-133.8398,56.4942],[-133.8158,56.4939],[-133.7749,56.464],[-133.788,56.4545],[-133.8186,56.4687],[-133.8398,56.4942]]],[[[-133.8405,56.5338],[-133.84,56.5403],[-133.8341,56.5364],[-133.8405,56.5338]]],[[[-133.8766,57.2706],[-133.8559,57.3104],[-133.8258,57.3162],[-133.7903,57.2959],[-133.8426,57.2961],[-133.8486,57.2756],[-133.8766,57.2706]]],[[[-133.9435,55.9013],[-133.9364,55.9213],[-133.8679,55.9368],[-133.8451,55.9036],[-133.858,55.8976],[-133.8394,55.8888],[-133.8658,55.8772],[-133.8437,55.8671],[-133.872,55.8439],[-133.9091,55.8456],[-133.9435,55.9013]]],[[[-133.9491,56.8876],[-133.9249,56.8735],[-133.9187,56.8655],[-133.9351,56.8678],[-133.9491,56.8876]]],[[[-133.9853,57.1223],[-133.9757,57.1317],[-133.9712,57.1309],[-133.9853,57.1223]]],[[[-134.0211,57.2923],[-133.9995,57.2988],[-134.0076,57.2883],[-133.9909,57.2865],[-134.0112,57.2825],[-134.0211,57.2923]]],[[[-134.0264,56.9279],[-134.0087,56.9267],[-133.9938,56.9147],[-134.0264,56.9279]]],[[[-134.045,57.774],[-134.053,57.7876],[-134.0457,57.7888],[-134.045,57.774]]],[[[-134.0666,57.804],[-134.0599,57.8101],[-134.0563,57.8039],[-134.0666,57.804]]],[[[-134.0622,57.2552],[-134.0605,57.2652],[-134.0547,57.2635],[-134.0622,57.2552]]],[[[-134.1395,55.9517],[-134.111,55.9864],[-134.0998,55.9841],[-134.1243,55.9279],[-134.1395,55.9517]]],[[[-134.1491,58.1047],[-134.1085,58.0998],[-134.1023,58.0876],[-134.1458,58.0927],[-134.1491,58.1047]]],[[[-134.2194,57.8934],[-134.1885,57.8887],[-134.101,57.778],[-134.1205,57.7711],[-134.1894,57.8345],[-134.1944,57.849],[-134.1725,57.8458],[-134.2194,57.8934]]],[[[-134.2667,57.8838],[-134.2588,57.8943],[-134.2526,57.8823],[-134.2667,57.8838]]],[[[-134.284,57.9564],[-134.2011,57.9395],[-134.1752,57.909],[-134.2467,57.9087],[-134.284,57.9564]]],[[[-134.367,55.9105],[-134.3375,55.9281],[-134.299,55.9181],[-134.2667,55.9296],[-134.2567,55.8888],[-134.2289,55.8919],[-134.2277,55.9072],[-134.1951,55.9],[-134.1768,55.9184],[-134.1186,55.9136],[-134.274,55.8431],[-134.2821,55.8227],[-134.3418,55.8391],[-134.346,55.8521],[-134.3182,55.8776],[-134.367,55.9105]]],[[[-134.4211,56.8372],[-134.3197,56.9072],[-134.2833,56.9041],[-134.1642,56.8472],[-134.135,56.8498],[-134.1595,56.8674],[-134.1435,56.8726],[-134.1616,56.878],[-134.1542,56.8855],[-134.2731,56.9314],[-134.1595,56.9155],[-134.1414,56.9559],[-134.0442,56.9203],[-133.9995,56.8245],[-133.9688,56.8313],[-133.9667,56.8058],[-133.9429,56.8056],[-133.9275,56.761],[-133.9075,56.7598],[-133.9417,56.735],[-133.8992,56.704],[-133.8638,56.752],[-133.8678,56.7819],[-133.8916,56.7903],[-133.8923,56.8057],[-133.8139,56.8013],[-133.8205,56.7799],[-133.7576,56.7851],[-133.7233,56.8122],[-133.771,56.8078],[-133.7583,56.8253],[-133.8353,56.8356],[-133.8265,56.8552],[-133.8681,56.8446],[-133.8583,56.8599],[-133.8833,56.8668],[-133.8983,56.8933],[-133.8733,56.915],[-133.9284,56.9405],[-133.8904,56.9466],[-134.0505,57.0242],[-134.0261,57.0278],[-134.0173,57.0407],[-134.0321,57.0609],[-134.0121,57.0716],[-133.8809,57.0998],[-133.5974,57.0574],[-133.4107,57.0078],[-133.1054,57.002],[-132.9863,56.9319],[-132.9518,56.8759],[-132.9442,56.8268],[-132.9135,56.8044],[-132.818,56.7916],[-132.7652,56.7557],[-132.7379,56.7127],[-132.621,56.6685],[-132.6279,56.6442],[-132.597,56.6147],[-132.5454,56.6082],[-132.5416,56.5863],[-132.7749,56.4996],[-132.9428,56.5074],[-132.9715,56.5393],[-132.9923,56.5107],[-133.0518,56.5331],[-133.138,56.5363],[-133.1257,56.4774],[-133.1912,56.4481],[-133.2279,56.4565],[-133.225,56.4676],[-133.2458,56.4563],[-133.2389,56.4678],[-133.2558,56.4653],[-133.2543,56.4768],[-133.3493,56.4701],[-133.373,56.4957],[-133.4357,56.5043],[-133.4396,56.4866],[-133.4174,56.474],[-133.4358,56.4559],[-133.5247,56.4359],[-133.6512,56.4372],[-133.6715,56.4619],[-133.6665,56.503],[-133.6855,56.5145],[-133.6646,56.5533],[-133.6836,56.565],[-133.7152,56.5479],[-133.7117,56.576],[-133.6551,56.5905],[-133.6793,56.6156],[-133.6991,56.6122],[-133.6934,56.5965],[-133.7385,56.5591],[-133.7932,56.5571],[-133.7835,56.5639],[-133.7958,56.5802],[-133.8398,56.6082],[-133.9021,56.6134],[-133.8412,56.5689],[-133.8783,56.5588],[-133.8619,56.5451],[-133.8735,56.5205],[-133.9301,56.514],[-133.9311,56.4997],[-133.8607,56.4774],[-133.8348,56.4301],[-133.907,56.4388],[-133.8747,56.3959],[-133.8876,56.3808],[-133.9213,56.4026],[-133.9132,56.3912],[-133.9292,56.3756],[-133.8716,56.3638],[-133.8315,56.323],[-133.8669,56.304],[-133.8517,56.2866],[-133.8766,56.2759],[-133.9534,56.346],[-133.9841,56.343],[-133.9605,56.327],[-133.976,56.3158],[-133.9349,56.3003],[-133.8811,56.2232],[-133.9059,56.1997],[-133.9213,56.2122],[-133.956,56.2055],[-133.942,56.199],[-133.9501,56.1887],[-133.9287,56.1428],[-133.9605,56.1303],[-133.9579,56.0937],[-133.9943,56.0798],[-134.0437,56.1081],[-134.0242,56.172],[-134.0592,56.2171],[-134.0608,56.2389],[-134.042,56.253],[-134.0501,56.2948],[-134.0803,56.3133],[-134.0739,56.2416],[-134.0972,56.2314],[-134.0981,56.1744],[-134.1409,56.1634],[-134.1999,56.1801],[-134.1706,56.1636],[-134.1882,56.1544],[-134.1661,56.1392],[-134.1041,56.1429],[-134.1131,56.1063],[-134.0927,56.0879],[-134.1219,56.0701],[-134.1533,56.0888],[-134.1107,56.0496],[-134.1371,56.0014],[-134.1806,56.0297],[-134.1554,56.049],[-134.236,56.0693],[-134.2108,56.104],[-134.2614,56.1307],[-134.2094,56.1552],[-134.2633,56.1636],[-134.2469,56.2054],[-134.2776,56.2574],[-134.2239,56.2788],[-134.2058,56.3107],[-134.1728,56.3274],[-134.2329,56.3123],[-134.25,56.2883],[-134.2995,56.2896],[-134.2947,56.3095],[-134.2731,56.3156],[-134.2928,56.3541],[-134.2486,56.3709],[-134.232,56.3958],[-134.2505,56.4151],[-134.2386,56.4306],[-134.2531,56.4417],[-134.2457,56.4633],[-134.2139,56.4763],[-134.1376,56.3797],[-134.1269,56.3803],[-134.134,56.4034],[-134.1571,56.4367],[-134.124,56.4578],[-134.2018,56.5413],[-134.2619,56.5593],[-134.3201,56.5545],[-134.294,56.5765],[-134.3028,56.6174],[-134.2785,56.6288],[-134.299,56.6489],[-134.3318,56.6479],[-134.3437,56.6728],[-134.367,56.6717],[-134.4005,56.7267],[-134.3912,56.7738],[-134.4211,56.8372]]],[[[-134.6693,58.3333],[-134.6638,58.3423],[-134.6523,58.344],[-134.6567,58.3338],[-134.6693,58.3333]]],[[[-134.706,58.3548],[-134.6963,58.3626],[-134.6906,58.3478],[-134.6948,58.3469],[-134.706,58.3548]]],[[[-134.7332,58.2481],[-134.7289,58.2755],[-134.7251,58.2458],[-134.7332,58.2481]]],[[[-134.7464,58.3357],[-134.7314,58.3317],[-134.7331,58.3293],[-134.7464,58.3357]]],[[[-134.8919,57.4302],[-134.8839,57.434],[-134.8679,57.4291],[-134.8919,57.4302]]],[[[-134.9238,58.4773],[-134.9104,58.4842],[-134.8088,58.3747],[-134.843,58.3735],[-134.9238,58.4773]]],[[[-134.9357,58.5776],[-134.9046,58.566],[-134.8952,58.5561],[-134.9089,58.552],[-134.9357,58.5776]]],[[[-134.9688,58.3712],[-134.9538,58.4108],[-134.9208,58.3837],[-134.8861,58.3208],[-134.8699,58.3216],[-134.8961,58.3788],[-134.8637,58.3453],[-134.8038,58.3218],[-134.8012,58.2953],[-134.7541,58.2736],[-134.738,58.2407],[-134.7087,58.2282],[-134.7125,58.1987],[-134.6907,58.1589],[-134.5906,58.1731],[-134.5913,58.1846],[-134.5745,58.1759],[-134.5588,58.1954],[-134.3337,58.1428],[-134.2051,58.1667],[-134.1759,58.1596],[-134.1668,58.1274],[-134.2179,58.1205],[-134.1842,58.0991],[-134.1875,58.0798],[-134.1015,58.0207],[-134.0951,57.9813],[-133.9914,57.9122],[-134.0059,57.894],[-133.9753,57.8594],[-133.8999,57.807],[-133.9042,57.7701],[-133.8747,57.7332],[-133.893,57.7163],[-133.8925,57.6839],[-133.8101,57.6288],[-133.8039,57.5764],[-133.8367,57.5767],[-133.8552,57.6224],[-133.9698,57.6872],[-134.0062,57.7302],[-133.9983,57.7506],[-134.0209,57.7652],[-134.0152,57.791],[-134.0335,57.8023],[-134.0297,57.8162],[-134.1027,57.8509],[-134.1243,57.8829],[-134.1495,57.8838],[-134.1697,57.929],[-134.1514,57.9396],[-134.1944,57.9921],[-134.2248,58.0144],[-134.3137,58.0372],[-134.2358,57.9703],[-134.341,57.9974],[-134.2804,57.917],[-134.3075,57.8336],[-134.289,57.8304],[-134.2859,57.8549],[-134.2434,57.8739],[-134.1376,57.7517],[-134.0466,57.6812],[-134.0896,57.6684],[-134.0882,57.6499],[-134.0116,57.6566],[-133.936,57.6142],[-133.9398,57.5508],[-133.8391,57.4387],[-133.9132,57.4886],[-133.9094,57.4699],[-133.9301,57.4659],[-133.8781,57.4227],[-133.8857,57.4004],[-133.8621,57.3667],[-133.875,57.3518],[-133.9467,57.3316],[-133.9791,57.3045],[-134.0573,57.3319],[-134.0798,57.3628],[-134.0879,57.3314],[-134.1079,57.3213],[-134.1388,57.3682],[-134.1927,57.3894],[-134.1587,57.3578],[-134.1694,57.3363],[-134.1274,57.3205],[-134.1628,57.3052],[-134.13,57.3059],[-134.0939,57.2808],[-134.1174,57.2414],[-134.1514,57.2454],[-134.1578,57.2059],[-134.2137,57.1739],[-134.2633,57.1808],[-134.2702,57.1684],[-134.2555,57.1585],[-134.2833,57.158],[-134.2795,57.1418],[-134.2935,57.1373],[-134.3342,57.143],[-134.3292,57.1238],[-134.3933,57.1275],[-134.38,57.1118],[-134.4093,57.112],[-134.3736,57.092],[-134.4841,57.048],[-134.4744,57.0256],[-134.5619,57.0269],[-134.5721,57.0158],[-134.574,57.0392],[-134.6191,57.0156],[-134.6082,57.0443],[-134.6377,57.1065],[-134.6239,57.1296],[-134.6381,57.1355],[-134.6037,57.1569],[-134.6401,57.1751],[-134.6517,57.2311],[-134.6365,57.2463],[-134.5918,57.2231],[-134.5378,57.2284],[-134.5944,57.2477],[-134.6179,57.2722],[-134.5904,57.2779],[-134.5699,57.3041],[-134.5093,57.3171],[-134.5295,57.3363],[-134.5787,57.3435],[-134.5678,57.3803],[-134.5792,57.4003],[-134.5276,57.4055],[-134.5312,57.3889],[-134.4837,57.3723],[-134.4095,57.3782],[-134.4675,57.3843],[-134.5557,57.4728],[-134.6113,57.4701],[-134.5759,57.4831],[-134.6058,57.5102],[-134.5911,57.5147],[-134.612,57.5635],[-134.6783,57.612],[-134.6985,57.6906],[-134.7278,57.7148],[-134.7342,57.742],[-134.7092,57.7822],[-134.719,57.7941],[-134.7057,57.8309],[-134.7582,57.9411],[-134.7427,57.9415],[-134.7725,57.9714],[-134.758,57.9742],[-134.7665,57.9983],[-134.8095,58.0454],[-134.7639,58.1001],[-134.8014,58.1047],[-134.8561,58.1765],[-134.8984,58.1941],[-134.9181,58.2247],[-134.8796,58.2502],[-134.9072,58.2575],[-134.9165,58.2433],[-134.9431,58.2721],[-134.9688,58.3712]]],[[[-134.9937,58.4589],[-134.9845,58.4628],[-134.9785,58.4544],[-134.9937,58.4589]]],[[[-135.0305,58.5167],[-134.9686,58.501],[-134.9689,58.4868],[-134.9382,58.4735],[-134.9969,58.4802],[-135.0305,58.5167]]],[[[-135.0369,58.5257],[-135.0382,58.5331],[-135.0275,58.5242],[-135.0369,58.5257]]],[[[-135.0852,58.2666],[-135.0748,58.2631],[-135.0489,58.2231],[-135.079,58.2475],[-135.0852,58.2666]]],[[[-135.11,57.8959],[-135.104,57.8994],[-135.1025,57.8985],[-135.11,57.8959]]],[[[-135.2592,58.1704],[-135.2559,58.1782],[-135.2503,58.166],[-135.2592,58.1704]]],[[[-135.277,59.029],[-135.2485,59.0223],[-135.2488,59.0064],[-135.277,59.029]]],[[[-135.2801,59.0784],[-135.2718,59.078],[-135.2704,59.071],[-135.2801,59.0784]]],[[[-135.2747,59.0454],[-135.2827,59.0624],[-135.2713,59.0487],[-135.2747,59.0454]]],[[[-135.3297,57.0283],[-135.3247,57.0319],[-135.3229,57.0268],[-135.3297,57.0283]]],[[[-135.3381,57.0265],[-135.3331,57.0266],[-135.3315,57.025],[-135.3381,57.0265]]],[[[-135.3446,57.023],[-135.341,57.0262],[-135.3413,57.0232],[-135.3446,57.023]]],[[[-135.3531,59.0156],[-135.3303,59.011],[-135.2968,58.9637],[-135.311,58.9385],[-135.297,58.9225],[-135.3101,58.9206],[-135.3058,58.9006],[-135.3331,58.935],[-135.3531,59.0156]]],[[[-135.3723,57.0555],[-135.3535,57.054],[-135.3438,57.0476],[-135.351,57.0399],[-135.3723,57.0555]]],[[[-135.4006,59.145],[-135.3937,59.1462],[-135.394,59.1417],[-135.4006,59.145]]],[[[-135.4058,56.9219],[-135.4035,56.9259],[-135.398,56.9233],[-135.4058,56.9219]]],[[[-135.4164,57.0775],[-135.4107,57.0859],[-135.404,57.0764],[-135.4164,57.0775]]],[[[-135.4166,56.8377],[-135.417,56.846],[-135.4138,56.8405],[-135.4166,56.8377]]],[[[-135.426,56.8466],[-135.429,56.8517],[-135.4221,56.8491],[-135.426,56.8466]]],[[[-135.4257,57.1295],[-135.4223,57.1407],[-135.4176,57.1392],[-135.4257,57.1295]]],[[[-135.4415,56.8843],[-135.4394,56.8943],[-135.4327,56.8799],[-135.4415,56.8843]]],[[[-135.4483,57.5612],[-135.4486,57.5647],[-135.4447,57.5629],[-135.4483,57.5612]]],[[[-135.4544,56.8137],[-135.4534,56.8339],[-135.4426,56.8304],[-135.4544,56.8137]]],[[[-135.4611,58.3197],[-135.4577,58.3275],[-135.4501,58.3192],[-135.4611,58.3197]]],[[[-135.4692,57.1074],[-135.4474,57.1142],[-135.4375,57.0869],[-135.4566,57.0894],[-135.4692,57.1074]]],[[[-135.4771,57.0994],[-135.4761,57.1154],[-135.4734,57.1153],[-135.4771,57.0994]]],[[[-135.4867,58.3407],[-135.4814,58.3433],[-135.4801,58.3418],[-135.4867,58.3407]]],[[[-135.491,57.0927],[-135.4868,57.0985],[-135.4855,57.0934],[-135.491,57.0927]]],[[[-135.4936,56.8302],[-135.4692,56.8368],[-135.4622,56.834],[-135.4753,56.8213],[-135.4936,56.8302]]],[[[-135.4951,58.1487],[-135.4966,58.1532],[-135.4913,58.1507],[-135.4951,58.1487]]],[[[-135.4941,58.1833],[-135.4927,58.19],[-135.4888,58.1863],[-135.4941,58.1833]]],[[[-135.5129,57.23],[-135.477,57.2503],[-135.3906,57.2423],[-135.4023,57.2395],[-135.3965,57.2196],[-135.4365,57.1893],[-135.4225,57.1782],[-135.4627,57.1892],[-135.5129,57.23]]],[[[-135.5645,56.8534],[-135.5504,56.868],[-135.5032,56.8574],[-135.5397,56.8344],[-135.5645,56.8534]]],[[[-135.6934,57.3616],[-135.6471,57.3736],[-135.4869,57.3549],[-135.4855,57.3666],[-135.6321,57.3983],[-135.581,57.4181],[-135.5615,57.4479],[-135.5318,57.4522],[-135.5511,57.5083],[-135.5192,57.5109],[-135.4253,57.5623],[-135.3455,57.5493],[-135.2908,57.5098],[-135.3091,57.4916],[-135.4168,57.4587],[-135.4042,57.4392],[-135.3493,57.4737],[-135.2231,57.4888],[-135.1596,57.4595],[-135.2161,57.4332],[-135.1563,57.4449],[-135.042,57.4079],[-134.9138,57.4272],[-134.8327,57.4145],[-134.8461,57.39],[-134.8036,57.3407],[-134.8127,57.2999],[-134.8319,57.2949],[-134.8397,57.3134],[-134.9024,57.3421],[-134.9141,57.3277],[-134.9512,57.3432],[-135.0113,57.3353],[-134.9507,57.3275],[-134.9761,57.3123],[-134.9395,57.2977],[-134.945,57.2706],[-134.9288,57.2599],[-134.9024,57.2707],[-134.9231,57.2986],[-134.9079,57.3031],[-134.8744,57.2842],[-134.8865,57.2658],[-134.8625,57.2707],[-134.8418,57.25],[-134.8399,57.2225],[-134.8649,57.2252],[-134.8658,57.2136],[-134.8,57.1631],[-134.824,57.1564],[-134.7969,57.144],[-134.8086,57.1282],[-134.7898,57.122],[-134.7791,57.0932],[-134.7922,57.0902],[-134.751,57.0326],[-134.7703,57.0268],[-134.7392,57.0053],[-134.7408,56.9817],[-134.7594,56.9706],[-134.737,56.9694],[-134.7411,56.9532],[-134.7159,56.9221],[-134.7461,56.9238],[-134.6961,56.899],[-134.7047,56.8412],[-134.6724,56.8197],[-134.6595,56.7806],[-134.6762,56.7703],[-134.6541,56.7638],[-134.6303,56.7245],[-134.6298,56.6717],[-134.6177,56.6638],[-134.6298,56.6539],[-134.6158,56.6355],[-134.6296,56.6249],[-134.6286,56.5496],[-134.6465,56.5445],[-134.6679,56.5867],[-134.6695,56.5401],[-134.684,56.5395],[-134.6391,56.477],[-134.641,56.44],[-134.6579,56.4311],[-134.6379,56.4173],[-134.631,56.3725],[-134.6479,56.3443],[-134.7078,56.3176],[-134.6417,56.3302],[-134.6327,56.3149],[-134.6783,56.2777],[-134.6686,56.2529],[-134.6436,56.2717],[-134.6234,56.2561],[-134.6522,56.2346],[-134.666,56.1667],[-134.7119,56.1814],[-134.6879,56.1988],[-134.7074,56.2161],[-134.692,56.2322],[-134.7357,56.2127],[-134.773,56.2174],[-134.7849,56.2248],[-134.7619,56.2324],[-134.8089,56.24],[-134.7804,56.2744],[-134.8189,56.254],[-134.8396,56.2961],[-134.8952,56.3143],[-134.9178,56.3724],[-134.9556,56.3889],[-134.9382,56.4064],[-134.9753,56.426],[-135.0345,56.5168],[-135.0616,56.5285],[-135.0478,56.5835],[-135.0052,56.6074],[-134.9689,56.6009],[-134.9515,56.6135],[-135.0269,56.6352],[-135.0578,56.6085],[-135.1386,56.5934],[-135.1326,56.645],[-135.1528,56.6469],[-135.1357,56.6849],[-135.2118,56.6623],[-135.2375,56.6836],[-135.2032,56.6965],[-135.1985,56.7207],[-135.2331,56.7011],[-135.2928,56.6964],[-135.2864,56.7164],[-135.3171,56.7262],[-135.3185,56.7468],[-135.2719,56.7611],[-135.2793,56.7698],[-135.3299,56.78],[-135.352,56.7499],[-135.3684,56.7814],[-135.4026,56.7766],[-135.3897,56.8042],[-135.4132,56.8169],[-135.3817,56.8307],[-135.395,56.8417],[-135.376,56.8668],[-135.3977,56.8873],[-135.3586,56.8921],[-135.3865,56.9047],[-135.3818,56.9147],[-135.3172,56.8997],[-135.3506,56.9339],[-135.4124,56.9523],[-135.3826,56.9528],[-135.3934,56.9663],[-135.3776,56.9886],[-135.3088,56.9813],[-135.3638,56.9967],[-135.3644,57.0104],[-135.2567,57.0117],[-135.2214,57.0336],[-135.1742,57.0111],[-135.1502,57.0142],[-135.2274,57.0482],[-135.2713,57.0313],[-135.2895,57.0467],[-135.3384,57.0478],[-135.4024,57.1012],[-135.3909,57.1256],[-135.3695,57.1318],[-135.3757,57.1463],[-135.2823,57.1634],[-135.3455,57.1848],[-135.3443,57.1717],[-135.3937,57.1426],[-135.4218,57.163],[-135.3467,57.2505],[-135.476,57.2577],[-135.5518,57.2341],[-135.6036,57.2884],[-135.5697,57.2921],[-135.6355,57.3143],[-135.6934,57.3616]]],[[[-135.7127,56.9836],[-135.7129,56.9892],[-135.6989,56.984],[-135.7127,56.9836]]],[[[-135.7327,58.3692],[-135.6316,58.3828],[-135.5376,58.3399],[-135.5762,58.3262],[-135.6799,58.3315],[-135.7327,58.3692]]],[[[-135.8762,57.2258],[-135.8325,57.2528],[-135.8608,57.2665],[-135.8372,57.2783],[-135.8422,57.2988],[-135.8275,57.3057],[-135.8634,57.33],[-135.7847,57.335],[-135.7648,57.3507],[-135.7417,57.3264],[-135.7312,57.3379],[-135.6984,57.3156],[-135.6269,57.3014],[-135.5772,57.2562],[-135.5675,57.2277],[-135.6564,57.2515],[-135.6022,57.1999],[-135.6188,57.1754],[-135.6048,57.1639],[-135.5884,57.1602],[-135.5494,57.1884],[-135.5399,57.2219],[-135.5563,57.2263],[-135.5363,57.2285],[-135.4339,57.1566],[-135.4517,57.1478],[-135.4738,57.17],[-135.5264,57.1548],[-135.5126,57.1398],[-135.5668,57.1553],[-135.5713,57.0902],[-135.5974,57.0765],[-135.6038,57.0436],[-135.6369,57.0099],[-135.8525,56.9929],[-135.8477,57.0887],[-135.7624,57.1138],[-135.7593,57.1387],[-135.7348,57.1507],[-135.7571,57.1692],[-135.8361,57.1753],[-135.8218,57.2204],[-135.8021,57.2346],[-135.8085,57.2488],[-135.8403,57.2237],[-135.8762,57.2258]]],[[[-135.9011,57.4024],[-135.9014,57.4186],[-135.8657,57.4048],[-135.9011,57.4024]]],[[[-135.9931,58.6519],[-135.9868,58.656],[-135.9869,58.6502],[-135.9931,58.6519]]],[[[-136.0274,58.5126],[-136.0072,58.5234],[-135.9869,58.5184],[-136.0055,58.506],[-136.0274,58.5126]]],[[[-136.055,58.7187],[-136.0516,58.7274],[-136.0357,58.7146],[-136.055,58.7187]]],[[[-136.0664,58.6707],[-136.0622,58.6726],[-136.0603,58.669],[-136.0664,58.6707]]],[[[-136.0797,58.7907],[-136.0687,58.7898],[-136.0718,58.7829],[-136.0797,58.7907]]],[[[-136.1525,58.5994],[-136.1079,58.6026],[-136.0877,58.57],[-136.1039,58.5606],[-136.1525,58.5994]]],[[[-136.1579,58.2812],[-136.1179,58.304],[-136.0359,58.317],[-136.0371,58.2729],[-136.0783,58.2604],[-136.1317,58.2628],[-136.1579,58.2812]]],[[[-136.1827,58.6262],[-136.1787,58.6288],[-136.1763,58.6263],[-136.1827,58.6262]]],[[[-136.2425,58.1978],[-136.2406,58.2025],[-136.2377,58.198],[-136.2425,58.1978]]],[[[-136.2471,58.6644],[-136.2215,58.6755],[-136.2027,58.6363],[-136.2331,58.6433],[-136.2471,58.6644]]],[[[-136.2907,57.7163],[-136.2525,57.7282],[-136.2304,57.7037],[-136.264,57.6892],[-136.2638,57.704],[-136.2907,57.7163]]],[[[-136.3842,57.7983],[-136.3814,57.804],[-136.3792,57.8021],[-136.3842,57.7983]]],[[[-136.4046,58.2708],[-136.3242,58.2566],[-136.3432,58.2708],[-136.28,58.2661],[-136.3119,58.2297],[-136.3618,58.2283],[-136.4046,58.2708]]],[[[-136.3994,58.1923],[-136.3849,58.2085],[-136.3692,58.1997],[-136.3994,58.1923]]],[[[-136.4125,58.1768],[-136.4017,58.1768],[-136.3828,58.1578],[-136.3961,58.1562],[-136.4125,58.1768]]],[[[-136.48,58.7765],[-136.4567,58.779],[-136.4377,58.7608],[-136.459,58.7635],[-136.48,58.7765]]],[[[-136.5124,58.7706],[-136.4876,58.7713],[-136.4731,58.7594],[-136.5124,58.7706]]],[[[-136.5759,58.032],[-136.5594,58.0384],[-136.5684,58.0633],[-136.5374,58.0975],[-136.4679,58.0988],[-136.4453,58.1237],[-136.3713,58.1497],[-136.2739,58.1022],[-136.3042,58.1326],[-136.29,58.1475],[-136.32,58.1549],[-136.3563,58.1913],[-136.355,58.2227],[-136.3193,58.2099],[-136.2815,58.2232],[-136.2383,58.158],[-136.1991,58.1558],[-136.2018,58.1798],[-136.1496,58.2133],[-136.1585,58.2212],[-136.0404,58.2186],[-136.0195,58.1918],[-135.9956,58.1884],[-135.9133,58.2438],[-135.7973,58.288],[-135.734,58.2398],[-135.6431,58.231],[-135.4955,58.1712],[-135.5239,58.1498],[-135.5191,58.1266],[-135.539,58.1004],[-135.6108,58.0539],[-135.6719,58.0544],[-135.6345,58.0328],[-135.6907,58.042],[-135.626,58.0222],[-135.6332,57.987],[-135.5908,57.9919],[-135.5451,58.0628],[-135.5138,58.0645],[-135.4839,58.0804],[-135.4966,58.0884],[-135.4708,58.0831],[-135.4618,58.0909],[-135.4741,58.099],[-135.4479,58.1027],[-135.4663,58.132],[-135.4164,58.1441],[-135.32,58.1178],[-135.3448,58.1093],[-135.2975,58.0901],[-135.1163,58.0911],[-135.0781,58.071],[-135.1149,58.0727],[-135.1095,58.0608],[-134.966,58.0459],[-134.9133,57.9775],[-134.9383,57.9693],[-134.9201,57.9482],[-134.9224,57.9238],[-134.9996,57.8885],[-134.9371,57.8487],[-135.0284,57.8989],[-135.1933,57.9445],[-135.2056,57.9351],[-135.1316,57.8869],[-135.0404,57.8683],[-135.0341,57.8429],[-134.997,57.8404],[-135.0091,57.8289],[-134.9554,57.8147],[-134.9482,57.8054],[-135.024,57.7783],[-135.1181,57.7778],[-135.0948,57.7522],[-135.0228,57.7438],[-134.9775,57.762],[-134.9297,57.7573],[-134.9032,57.6931],[-134.9223,57.6775],[-134.898,57.6624],[-134.9375,57.6677],[-134.8916,57.6491],[-134.8603,57.6059],[-134.8586,57.5328],[-134.8274,57.5039],[-134.8384,57.503],[-134.8296,57.4796],[-134.8432,57.4723],[-134.8827,57.506],[-134.8999,57.4906],[-134.8746,57.4629],[-135.0237,57.4539],[-135.0882,57.4648],[-135.1934,57.5254],[-135.5661,57.6704],[-135.6557,57.6282],[-135.5112,57.595],[-135.6135,57.562],[-135.5657,57.5472],[-135.5805,57.517],[-135.5478,57.479],[-135.5533,57.4525],[-135.5962,57.4438],[-135.5845,57.433],[-135.6247,57.4087],[-135.6752,57.4066],[-135.6522,57.3854],[-135.7122,57.3667],[-135.7676,57.3742],[-135.7745,57.3881],[-135.8439,57.3903],[-135.8585,57.4266],[-135.8851,57.4213],[-135.9174,57.4501],[-135.9669,57.4629],[-135.9641,57.4756],[-136.0,57.498],[-136.0515,57.5148],[-136.0493,57.5297],[-136.0933,57.5612],[-136.0541,57.5816],[-136.0748,57.5995],[-136.1198,57.5898],[-136.1369,57.6066],[-136.1623,57.5566],[-136.1675,57.5735],[-136.2275,57.5912],[-136.181,57.6133],[-136.2457,57.6235],[-136.227,57.6357],[-136.267,57.6659],[-136.2338,57.6939],[-136.202,57.6936],[-136.2026,57.7166],[-136.1723,57.7217],[-136.2146,57.7415],[-136.2032,57.7648],[-136.2385,57.752],[-136.2636,57.7716],[-136.2584,57.7431],[-136.292,57.7296],[-136.3203,57.7527],[-136.3028,57.7763],[-136.3475,57.7861],[-136.3348,57.7999],[-136.362,57.8057],[-136.3669,57.8288],[-136.4207,57.8191],[-136.4372,57.8432],[-136.4861,57.8547],[-136.496,57.8707],[-136.4726,57.8874],[-136.5214,57.9011],[-136.5094,57.9272],[-136.5443,57.9039],[-136.569,57.907],[-136.5628,57.9838],[-136.5332,57.9979],[-136.5659,58.0055],[-136.5573,58.0274],[-136.5759,58.032]]],[[[-136.5779,58.891],[-136.5624,58.897],[-136.5519,58.8794],[-136.5662,58.8803],[-136.5779,58.891]]],[[[-136.7813,58.2734],[-136.7797,58.2791],[-136.7759,58.2779],[-136.7813,58.2734]]],[[[-136.8643,58.9383],[-136.8103,58.9418],[-136.8132,58.9278],[-136.7865,58.9072],[-136.8643,58.9383]]],[[[-139.5027,59.6983],[-139.5095,59.704],[-139.5006,59.7025],[-139.5027,59.6983]]],[[[-139.5399,59.9649],[-139.5313,59.9744],[-139.5304,59.961],[-139.5399,59.9649]]],[[[-139.5984,59.7179],[-139.5641,59.739],[-139.5168,59.7178],[-139.5578,59.7044],[-139.5984,59.7179]]],[[[-139.6445,59.6643],[-139.6512,59.6729],[-139.6402,59.6733],[-139.6445,59.6643]]],[[[-139.6551,59.5964],[-139.6613,59.5994],[-139.6598,59.6015],[-139.6551,59.5964]]],[[[-139.6607,59.6359],[-139.6572,59.6459],[-139.6528,59.6357],[-139.6607,59.6359]]],[[[-139.676,59.6255],[-139.6613,59.6327],[-139.6402,59.6261],[-139.6589,59.6175],[-139.676,59.6255]]],[[[-139.8048,59.5867],[-139.7285,59.6389],[-139.7136,59.6357],[-139.748,59.6158],[-139.7321,59.6104],[-139.7186,59.576],[-139.7673,59.5932],[-139.7642,59.574],[-139.7824,59.5762],[-139.7654,59.5581],[-139.7853,59.557],[-139.8048,59.5867]]],[[[-144.3945,60.0511],[-144.3755,60.0404],[-144.3694,59.9872],[-144.3936,59.9935],[-144.3839,60.0136],[-144.3945,60.0511]]],[[[-144.4335,60.1556],[-144.3366,60.1429],[-144.3251,60.1135],[-144.3489,60.0912],[-144.4335,60.1556]]],[[[-144.6063,59.7921],[-144.5654,59.8524],[-144.4442,59.9204],[-144.4395,59.9376],[-144.3969,59.9422],[-144.3225,59.9928],[-144.2225,60.0094],[-144.1923,60.001],[-144.4131,59.9041],[-144.6063,59.7921]]],[[[-145.0917,60.3229],[-145.0684,60.3586],[-145.0394,60.3677],[-145.0441,60.3548],[-145.0917,60.3229]]],[[[-145.6537,60.3944],[-145.632,60.3959],[-145.6116,60.3935],[-145.6289,60.3901],[-145.6537,60.3944]]],[[[-145.7291,60.62],[-145.7265,60.6256],[-145.7225,60.626],[-145.7291,60.62]]],[[[-145.7351,60.5946],[-145.743,60.6035],[-145.732,60.6025],[-145.7351,60.5946]]],[[[-145.7746,60.5482],[-145.7711,60.5502],[-145.7703,60.5501],[-145.7746,60.5482]]],[[[-145.8021,60.6129],[-145.8027,60.6192],[-145.7852,60.6216],[-145.8021,60.6129]]],[[[-145.9659,60.6789],[-145.9629,60.6842],[-145.9591,60.6817],[-145.9659,60.6789]]],[[[-146.0096,60.6729],[-145.9858,60.6785],[-145.9818,60.6765],[-145.9889,60.6717],[-146.0096,60.6729]]],[[[-146.0116,60.3962],[-145.9531,60.4079],[-145.7421,60.3818],[-145.7599,60.3569],[-145.8312,60.3503],[-146.0116,60.3962]]],[[[-146.0225,60.4584],[-146.0175,60.4678],[-145.9923,60.4623],[-146.0225,60.4584]]],[[[-146.337,60.4639],[-146.3203,60.4784],[-146.3251,60.5007],[-146.2902,60.5166],[-146.1449,60.5219],[-145.9981,60.5701],[-145.9393,60.5594],[-145.9712,60.5735],[-145.8281,60.5901],[-145.7604,60.6154],[-145.7927,60.593],[-145.7666,60.5851],[-145.8226,60.5525],[-146.1017,60.4738],[-146.2334,60.4503],[-146.337,60.4639]]],[[[-146.7134,60.8595],[-146.7093,60.8618],[-146.7056,60.8581],[-146.7134,60.8595]]],[[[-146.7318,60.3816],[-146.6234,60.4791],[-146.5393,60.4864],[-146.515,60.4711],[-146.4442,60.4674],[-146.3924,60.4829],[-146.3501,60.4771],[-146.3762,60.4502],[-146.3577,60.448],[-146.3598,60.4064],[-146.1255,60.4317],[-146.1243,60.4134],[-146.0879,60.4093],[-146.0751,60.3672],[-146.1761,60.3639],[-146.2512,60.3343],[-146.2861,60.3429],[-146.3781,60.329],[-146.6284,60.2338],[-146.6849,60.2543],[-146.7013,60.2785],[-146.5262,60.3359],[-146.5152,60.3598],[-146.6134,60.3532],[-146.6541,60.3281],[-146.7246,60.3432],[-146.7318,60.3816]]],[[[-146.7373,60.877],[-146.7328,60.8782],[-146.7296,60.8744],[-146.7373,60.877]]],[[[-146.8169,60.895],[-146.7869,60.9001],[-146.7578,60.8858],[-146.7845,60.8832],[-146.8169,60.895]]],[[[-146.8173,60.8179],[-146.8172,60.844],[-146.794,60.8652],[-146.7511,60.8539],[-146.7778,60.8749],[-146.7652,60.8817],[-146.7013,60.8483],[-146.7312,60.8402],[-146.7141,60.8215],[-146.7274,60.8113],[-146.7976,60.8057],[-146.8173,60.8179]]],[[[-146.8449,60.8458],[-146.8209,60.855],[-146.8144,60.854],[-146.8322,60.8453],[-146.8449,60.8458]]],[[[-147.0708,60.9626],[-147.0523,60.9781],[-147.0209,60.9798],[-147.0537,60.9582],[-147.0708,60.9626]]],[[[-147.167,60.9097],[-147.1691,60.9126],[-147.1651,60.9117],[-147.167,60.9097]]],[[[-147.2651,70.2128],[-147.2222,70.2324],[-147.1808,70.2198],[-147.2388,70.2077],[-147.2651,70.2128]]],[[[-147.2566,60.9595],[-147.2618,60.9659],[-147.2483,60.963],[-147.2566,60.9595]]],[[[-147.3246,60.8784],[-147.2666,60.8834],[-147.2216,60.9091],[-147.2086,60.9069],[-147.2213,60.8849],[-147.203,60.9056],[-147.1714,60.9037],[-147.1871,60.8914],[-147.116,60.9097],[-147.1632,60.8714],[-147.1245,60.8741],[-147.1,60.9035],[-147.0947,60.8903],[-147.0722,60.8936],[-147.1487,60.8523],[-147.1916,60.8614],[-147.1787,60.8814],[-147.229,60.8656],[-147.3246,60.8784]]],[[[-147.4061,60.5194],[-147.3876,60.5279],[-147.3159,60.5303],[-147.3433,60.5221],[-147.4061,60.5194]]],[[[-147.4118,59.864],[-147.3978,59.878],[-147.3866,59.8749],[-147.4118,59.864]]],[[[-147.4188,60.7011],[-147.3617,60.7144],[-147.3553,60.7023],[-147.3895,60.6831],[-147.4188,60.7011]]],[[[-147.4306,60.5139],[-147.4264,60.5219],[-147.421,60.5182],[-147.4306,60.5139]]],[[[-147.4601,60.8798],[-147.4312,60.8781],[-147.4218,60.8664],[-147.447,60.8677],[-147.4601,60.8798]]],[[[-147.4604,60.9282],[-147.4568,60.9347],[-147.456,60.9289],[-147.4604,60.9282]]],[[[-147.4588,59.8427],[-147.4606,59.8462],[-147.4564,59.8454],[-147.4588,59.8427]]],[[[-147.4651,60.9171],[-147.4634,60.9239],[-147.4588,60.9181],[-147.4651,60.9171]]],[[[-147.4671,60.8566],[-147.4649,60.8633],[-147.4588,60.8599],[-147.4671,60.8566]]],[[[-147.4834,60.7294],[-147.4047,60.7427],[-147.3822,60.7372],[-147.4104,60.7173],[-147.4834,60.7294]]],[[[-147.5029,60.6546],[-147.4364,60.6546],[-147.4872,60.6842],[-147.4487,60.699],[-147.4333,60.6836],[-147.4043,60.6863],[-147.3795,60.6517],[-147.3327,60.6644],[-147.3349,60.6764],[-147.3023,60.6617],[-147.3458,60.6282],[-147.3881,60.6271],[-147.3736,60.6328],[-147.3898,60.6518],[-147.4739,60.6173],[-147.4875,60.6179],[-147.4383,60.649],[-147.5029,60.6546]]],[[[-147.5033,60.2576],[-147.3923,60.3043],[-147.3904,60.2918],[-147.3398,60.3037],[-147.3419,60.2742],[-147.4765,60.2272],[-147.5031,60.2344],[-147.4886,60.2472],[-147.5033,60.2576]]],[[[-147.5778,60.8684],[-147.558,60.8776],[-147.5481,60.8685],[-147.5526,60.8633],[-147.5778,60.8684]]],[[[-147.5821,60.4939],[-147.5749,60.4996],[-147.5738,60.4953],[-147.5821,60.4939]]],[[[-147.5891,60.5147],[-147.5827,60.5187],[-147.5806,60.5176],[-147.5891,60.5147]]],[[[-147.6125,60.5196],[-147.6075,60.5277],[-147.6048,60.5201],[-147.6125,60.5196]]],[[[-147.6292,60.56],[-147.6097,60.5642],[-147.6053,60.5434],[-147.5987,60.5584],[-147.5767,60.5515],[-147.5712,60.5643],[-147.5866,60.5708],[-147.5644,60.5808],[-147.5496,60.555],[-147.595,60.5242],[-147.6292,60.56]]],[[[-147.6729,60.8037],[-147.6643,60.8129],[-147.6581,60.8129],[-147.6729,60.8037]]],[[[-147.7254,60.8139],[-147.7139,60.8188],[-147.7075,60.8179],[-147.7254,60.8139]]],[[[-147.7399,60.7907],[-147.7149,60.7993],[-147.7073,60.7969],[-147.7218,60.7857],[-147.7399,60.7907]]],[[[-147.7657,60.6614],[-147.7515,60.6969],[-147.7357,60.6936],[-147.7657,60.6614]]],[[[-147.8052,60.7575],[-147.8079,60.7673],[-147.7992,60.766],[-147.8052,60.7575]]],[[[-147.8518,60.7862],[-147.853,60.7947],[-147.8378,60.7938],[-147.8518,60.7862]]],[[[-147.9295,59.7863],[-147.901,59.796],[-147.9133,59.8372],[-147.8872,59.8623],[-147.7548,59.8825],[-147.7976,59.8889],[-147.8149,59.9088],[-147.74,59.9551],[-147.6666,59.9652],[-147.7072,59.9829],[-147.6954,59.9967],[-147.5984,60.0199],[-147.5551,60.0518],[-147.4049,60.1126],[-147.3747,60.1406],[-147.3743,60.1603],[-147.316,60.1905],[-147.3018,60.2124],[-147.3248,60.2146],[-147.3115,60.224],[-147.2716,60.2354],[-147.2832,60.2163],[-147.1886,60.2527],[-147.2259,60.2549],[-147.1898,60.2711],[-147.2333,60.2896],[-147.2219,60.304],[-147.1672,60.3097],[-147.2155,60.3276],[-147.2105,60.3471],[-147.1132,60.3806],[-147.0889,60.3647],[-147.1405,60.3353],[-147.0021,60.3443],[-147.1111,60.2622],[-147.0035,60.2991],[-146.9155,60.3039],[-146.9657,60.2485],[-147.1993,60.1512],[-147.3576,60.0449],[-147.3833,59.9783],[-147.3398,59.9621],[-147.3429,59.9576],[-147.4211,59.9661],[-147.4962,59.9389],[-147.4993,59.9191],[-147.4437,59.9032],[-147.4501,59.8799],[-147.4351,59.8713],[-147.5349,59.8341],[-147.5737,59.8523],[-147.6161,59.8506],[-147.6824,59.7989],[-147.7423,59.8016],[-147.8543,59.7654],[-147.9295,59.7863]]],[[[-147.9494,60.4973],[-147.941,60.5117],[-147.9349,60.5112],[-147.9393,60.5001],[-147.9494,60.4973]]],[[[-147.9692,60.2504],[-147.9383,60.2614],[-147.916,60.2974],[-147.8421,60.295],[-147.7437,60.3251],[-147.7655,60.3428],[-147.8383,60.3149],[-147.8925,60.3153],[-147.9048,60.3368],[-147.8699,60.3476],[-147.883,60.3619],[-147.8578,60.3761],[-147.8285,60.4395],[-147.7914,60.478],[-147.7684,60.4752],[-147.7812,60.4383],[-147.7601,60.4506],[-147.7382,60.4422],[-147.7185,60.4645],[-147.7325,60.4729],[-147.7211,60.5078],[-147.6964,60.5148],[-147.6871,60.496],[-147.6686,60.4955],[-147.646,60.5078],[-147.6608,60.5364],[-147.6214,60.5259],[-147.6074,60.4841],[-147.6391,60.4887],[-147.6231,60.4628],[-147.6525,60.4523],[-147.6125,60.4235],[-147.6942,60.3977],[-147.6743,60.3834],[-147.626,60.3922],[-147.6177,60.3661],[-147.6664,60.3295],[-147.6636,60.315],[-147.727,60.2774],[-147.718,60.2657],[-147.7456,60.2559],[-147.7349,60.2363],[-147.698,60.2428],[-147.7218,60.2015],[-147.7634,60.2017],[-147.7456,60.1843],[-147.7603,60.1554],[-147.795,60.1649],[-147.7869,60.1852],[-147.8223,60.1788],[-147.8483,60.1941],[-147.8128,60.2211],[-147.9402,60.222],[-147.9692,60.2504]]],[[[-148.003,70.3168],[-147.9889,70.3188],[-147.9623,70.3155],[-147.9826,70.3126],[-148.003,70.3168]]],[[[-148.0214,60.724],[-147.9908,60.7282],[-147.9737,60.7026],[-147.9498,60.702],[-147.9815,60.7411],[-147.9621,60.7508],[-147.9244,60.71],[-147.9347,60.7394],[-147.9028,60.7347],[-147.8455,60.6919],[-147.8727,60.6692],[-147.9222,60.6838],[-147.9352,60.6555],[-147.9739,60.6859],[-148.0011,60.6864],[-147.9973,60.711],[-148.0214,60.724]]],[[[-148.0461,60.1612],[-148.0263,60.1833],[-148.0011,60.1741],[-148.0293,60.1478],[-148.0461,60.1612]]],[[[-148.0575,59.9496],[-147.8809,60.0693],[-147.8514,60.0791],[-147.8155,60.0597],[-147.8999,59.9755],[-148.0316,59.9379],[-148.0575,59.9496]]],[[[-148.0834,59.9229],[-148.0798,59.9279],[-148.0757,59.9254],[-148.0834,59.9229]]],[[[-148.1553,60.3128],[-148.0553,60.3766],[-148.0241,60.3727],[-148.0061,60.387],[-147.9875,60.3708],[-148.0258,60.2763],[-148.118,60.2761],[-148.1247,60.294],[-148.1511,60.2942],[-148.1553,60.3128]]],[[[-148.1531,59.9979],[-148.1307,60.0013],[-148.1578,60.0109],[-148.1214,60.0254],[-148.1193,60.0506],[-148.0772,60.0916],[-148.0181,60.1229],[-148.0017,60.0991],[-147.9769,60.1606],[-147.9598,60.1464],[-147.9629,60.126],[-147.9147,60.1321],[-147.8907,60.116],[-147.8954,60.0993],[-147.9817,60.0625],[-147.9888,60.0464],[-148.0658,60.0303],[-148.1212,59.9856],[-148.1531,59.9979]]],[[[-148.1541,60.6185],[-148.1423,60.6305],[-148.1384,60.6296],[-148.1541,60.6185]]],[[[-148.192,60.2661],[-148.1882,60.2692],[-148.1869,60.2667],[-148.192,60.2661]]],[[[-148.2503,59.9385],[-148.1773,59.9512],[-148.217,59.9523],[-148.1832,59.968],[-148.2163,59.9784],[-148.1818,59.9802],[-148.1643,59.96],[-148.1466,59.9673],[-148.1578,59.9768],[-148.1122,59.9669],[-148.0116,60.0386],[-147.9943,60.0359],[-148.0337,59.99],[-148.1041,59.9507],[-148.2503,59.9385]]],[[[-148.9472,70.4814],[-148.9025,70.4825],[-148.8999,70.482],[-148.916,70.4796],[-148.9472,70.4814]]],[[[-149.1542,70.5149],[-149.1475,70.5166],[-149.1467,70.5152],[-149.1542,70.5149]]],[[[-149.271,70.5315],[-149.251,70.5293],[-149.25,70.5279],[-149.2579,70.5237],[-149.271,70.5315]]],[[[-149.3644,59.9042],[-149.3349,59.9096],[-149.3583,59.9246],[-149.3405,59.9299],[-149.3479,59.9403],[-149.3073,59.9383],[-149.3397,59.8978],[-149.3644,59.9042]]],[[[-149.3769,59.8796],[-149.3746,59.8904],[-149.3627,59.8813],[-149.3769,59.8796]]],[[[-149.4115,59.851],[-149.4001,59.8537],[-149.4075,59.8656],[-149.3828,59.8691],[-149.364,59.8493],[-149.3692,59.839],[-149.3832,59.835],[-149.3809,59.8532],[-149.4115,59.851]]],[[[-149.5246,59.7837],[-149.5014,59.7778],[-149.5077,59.7649],[-149.5176,59.7665],[-149.5246,59.7837]]],[[[-149.5695,59.6992],[-149.5545,59.7009],[-149.5538,59.6983],[-149.5695,59.6992]]],[[[-149.591,70.5625],[-149.4981,70.5587],[-149.4268,70.5494],[-149.5819,70.5551],[-149.591,70.5625]]],[[[-149.6325,59.6115],[-149.6322,59.6169],[-149.6265,59.6131],[-149.6325,59.6115]]],[[[-149.6673,59.6664],[-149.6629,59.6976],[-149.6446,59.6792],[-149.653,59.6513],[-149.6193,59.6652],[-149.6248,59.6513],[-149.5995,59.6572],[-149.5943,59.6295],[-149.6279,59.6466],[-149.6658,59.6408],[-149.6519,59.6594],[-149.6673,59.6664]]],[[[-149.7148,59.6561],[-149.7112,59.6605],[-149.7121,59.6555],[-149.7148,59.6561]]],[[[-149.716,59.9041],[-149.7168,59.9188],[-149.7138,59.9184],[-149.716,59.9041]]],[[[-149.7288,59.6818],[-149.7172,59.6779],[-149.7173,59.67],[-149.7226,59.671],[-149.7288,59.6818]]],[[[-149.846,59.6761],[-149.801,59.6532],[-149.7607,59.6083],[-149.8344,59.6553],[-149.846,59.6761]]],[[[-150.2859,61.127],[-150.2491,61.133],[-150.2261,61.1681],[-150.1589,61.1716],[-150.2253,61.1268],[-150.2859,61.127]]],[[[-150.4399,59.3712],[-150.3838,59.3738],[-150.3647,59.3825],[-150.3853,59.342],[-150.4326,59.3444],[-150.4287,59.3564],[-150.3832,59.3578],[-150.4399,59.3712]]],[[[-150.6959,59.42],[-150.6944,59.4229],[-150.6902,59.4216],[-150.6959,59.42]]],[[[-150.7749,59.3189],[-150.7516,59.3216],[-150.7699,59.3401],[-150.7488,59.337],[-150.7411,59.3617],[-150.6898,59.391],[-150.71,59.3937],[-150.7062,59.4171],[-150.6306,59.405],[-150.6033,59.3846],[-150.6259,59.3874],[-150.6097,59.3695],[-150.6187,59.3513],[-150.6546,59.3411],[-150.7038,59.2945],[-150.7333,59.2918],[-150.7126,59.3076],[-150.7621,59.3039],[-150.7749,59.3189]]],[[[-150.9073,59.3035],[-150.899,59.3075],[-150.8944,59.3052],[-150.9073,59.3035]]],[[[-151.4768,59.5385],[-151.4709,59.5425],[-151.4701,59.5396],[-151.4768,59.5385]]],[[[-151.5161,59.5228],[-151.4866,59.5327],[-151.4804,59.5135],[-151.4928,59.5124],[-151.5161,59.5228]]],[[[-151.5288,59.1476],[-151.4334,59.1355],[-151.4311,59.1156],[-151.445,59.1051],[-151.5206,59.128],[-151.5288,59.1476]]],[[[-151.5284,59.504],[-151.5227,59.5094],[-151.5001,59.5067],[-151.5284,59.504]]],[[[-151.726,59.116],[-151.7032,59.1303],[-151.6383,59.1166],[-151.6618,59.0957],[-151.7137,59.1011],[-151.726,59.116]]],[[[-151.7251,70.5107],[-151.7306,70.5179],[-151.7196,70.5149],[-151.7251,70.5107]]],[[[-151.8819,59.156],[-151.8234,59.1779],[-151.7903,59.1678],[-151.7927,59.1402],[-151.8079,59.1352],[-151.8819,59.156]]],[[[-151.8855,59.3679],[-151.8844,59.3719],[-151.8786,59.3689],[-151.8855,59.3679]]],[[[-151.8961,58.1977],[-151.8928,58.2173],[-151.8678,58.2284],[-151.879,58.2446],[-151.8681,58.2543],[-151.8343,58.2684],[-151.7892,58.251],[-151.7944,58.2108],[-151.8225,58.1796],[-151.8686,58.1654],[-151.8961,58.1977]]],[[[-151.9271,70.5779],[-151.8831,70.5762],[-151.8683,70.5717],[-151.9271,70.5779]]],[[[-151.9922,70.5829],[-151.9697,70.5818],[-151.9575,70.5794],[-151.9646,70.5767],[-151.9922,70.5829]]],[[[-152.024,58.9152],[-151.9809,58.9256],[-151.954,58.9171],[-152.0153,58.908],[-152.024,58.9152]]],[[[-152.0433,58.8838],[-152.0457,58.891],[-152.029,58.89],[-152.0433,58.8838]]],[[[-152.0779,58.9232],[-152.0657,58.9445],[-152.0031,58.9414],[-152.0516,58.9254],[-152.0558,58.9097],[-152.0779,58.9232]]],[[[-152.0864,60.3445],[-152.0771,60.3625],[-152.007,60.3771],[-152.0198,60.4012],[-151.9659,60.4327],[-151.9571,60.4623],[-151.9792,60.4883],[-151.953,60.4961],[-151.953,60.5122],[-151.8347,60.4832],[-151.8958,60.4643],[-151.887,60.4387],[-151.9414,60.4311],[-151.9761,60.4027],[-151.9585,60.3693],[-152.0864,60.3445]]],[[[-152.159,58.9674],[-152.1479,58.9701],[-152.1436,58.9676],[-152.159,58.9674]]],[[[-152.2257,58.8947],[-152.2112,58.9022],[-152.1991,58.9031],[-152.2044,58.8943],[-152.2257,58.8947]]],[[[-152.3109,57.7549],[-152.2536,57.7908],[-152.2122,57.7914],[-152.2988,57.7459],[-152.3109,57.7549]]],[[[-152.3185,57.3639],[-152.2909,57.3949],[-152.2531,57.3867],[-152.2831,57.3654],[-152.3185,57.3639]]],[[[-152.3512,70.6003],[-152.3463,70.6096],[-152.3297,70.6069],[-152.3323,70.6012],[-152.3512,70.6003]]],[[[-152.359,58.9157],[-152.3167,58.9145],[-152.2959,58.9486],[-152.3173,58.9617],[-152.2521,58.9385],[-152.1527,58.9447],[-152.2796,58.9055],[-152.359,58.9157]]],[[[-152.3591,57.7819],[-152.3282,57.8006],[-152.3083,57.7889],[-152.3492,57.7591],[-152.3591,57.7819]]],[[[-152.3802,57.7835],[-152.3805,57.7876],[-152.3777,57.7878],[-152.3802,57.7835]]],[[[-152.3938,57.7718],[-152.3915,57.7751],[-152.39,57.7734],[-152.3938,57.7718]]],[[[-152.4079,57.7649],[-152.4065,57.7679],[-152.4009,57.7685],[-152.4079,57.7649]]],[[[-152.5174,57.9206],[-152.4695,57.9482],[-152.4836,57.9565],[-152.4202,57.9715],[-152.4098,57.9643],[-152.4376,57.957],[-152.4098,57.9426],[-152.426,57.9281],[-152.3256,57.9132],[-152.3625,57.8835],[-152.5174,57.9206]]],[[[-152.5593,58.6431],[-152.536,58.6487],[-152.5305,58.6457],[-152.5386,58.6383],[-152.5593,58.6431]]],[[[-152.6408,60.1648],[-152.619,60.1834],[-152.5804,60.1713],[-152.5551,60.0994],[-152.6408,60.1648]]],[[[-152.7197,60.221],[-152.7212,60.2262],[-152.7151,60.2236],[-152.7197,60.221]]],[[[-152.8049,58.3162],[-152.7995,58.3178],[-152.7998,58.3165],[-152.8049,58.3162]]],[[[-152.8357,70.8869],[-152.8448,70.8998],[-152.8004,70.8845],[-152.8357,70.8869]]],[[[-152.8621,57.9573],[-152.8485,57.9709],[-152.7214,57.9837],[-152.7375,57.941],[-152.7722,57.9224],[-152.8621,57.9573]]],[[[-153.3946,59.0049],[-153.3768,59.0079],[-153.3759,59.0071],[-153.3844,59.0006],[-153.3946,59.0049]]],[[[-153.4197,58.0608],[-153.3381,58.1001],[-153.341,58.1167],[-153.2963,58.1462],[-153.2597,58.1448],[-153.1632,58.0887],[-153.0924,58.0904],[-153.0413,58.1108],[-153.1535,58.1066],[-153.2229,58.1608],[-153.2186,58.188],[-153.176,58.2168],[-153.0634,58.1943],[-153.0087,58.2001],[-153.0044,58.2197],[-153.1014,58.2558],[-153.0472,58.3056],[-152.9072,58.2719],[-152.877,58.2726],[-152.888,58.2821],[-152.8782,58.2874],[-152.8129,58.2863],[-152.9117,58.3085],[-152.9367,58.3311],[-152.9227,58.3411],[-152.8947,58.3448],[-152.7971,58.3075],[-152.7741,58.31],[-152.8081,58.3432],[-152.7784,58.3662],[-152.8373,58.3722],[-152.8243,58.3797],[-152.8685,58.3872],[-152.8837,58.4097],[-152.7929,58.4101],[-152.7418,58.4595],[-152.6752,58.4637],[-152.6581,58.4817],[-152.5448,58.459],[-152.5167,58.4675],[-152.656,58.5071],[-152.6403,58.5255],[-152.6657,58.539],[-152.6503,58.5583],[-152.6717,58.5687],[-152.6377,58.5743],[-152.6246,58.6],[-152.5676,58.6215],[-152.521,58.5898],[-152.4535,58.6333],[-152.4207,58.6078],[-152.3815,58.6365],[-152.3135,58.6331],[-152.3413,58.6219],[-152.3527,58.597],[-152.3368,58.5881],[-152.3824,58.5465],[-152.3587,58.5308],[-152.419,58.5138],[-152.4093,58.4943],[-152.4789,58.4697],[-152.5334,58.4123],[-152.4692,58.4035],[-152.4939,58.3736],[-152.4865,58.3528],[-152.4544,58.3528],[-152.444,58.3603],[-152.4547,58.3699],[-152.4359,58.3732],[-152.4176,58.3474],[-152.3869,58.3426],[-152.3929,58.3555],[-152.3698,58.359],[-152.3672,58.3792],[-152.3449,58.3907],[-152.3584,58.4245],[-152.3135,58.4125],[-152.3373,58.4263],[-152.3273,58.435],[-152.2187,58.3837],[-152.2408,58.3691],[-152.2158,58.3522],[-152.1374,58.3802],[-152.126,58.3975],[-152.1162,58.3725],[-152.0694,58.3651],[-152.0963,58.3631],[-152.1184,58.3393],[-152.1115,58.3273],[-152.1469,58.2666],[-152.1376,58.2168],[-152.0829,58.3077],[-152.0568,58.3097],[-152.0618,58.2665],[-151.9872,58.3533],[-151.9636,58.3301],[-151.9807,58.2824],[-151.9648,58.2585],[-151.9891,58.2426],[-151.9729,58.2287],[-152.0,58.2059],[-152.048,58.2019],[-152.0601,58.1868],[-152.0456,58.1838],[-152.0837,58.1534],[-152.1395,58.1577],[-152.1466,58.1779],[-152.2016,58.1759],[-152.2244,58.1964],[-152.2063,58.212],[-152.2448,58.2434],[-152.3111,58.2409],[-152.3235,58.233],[-152.2833,58.1835],[-152.3461,58.1839],[-152.2636,58.1339],[-152.2729,58.1246],[-152.3175,58.1262],[-152.3396,58.1012],[-152.3553,58.1271],[-152.3967,58.1182],[-152.444,58.1389],[-152.5222,58.1157],[-152.5464,58.0833],[-152.5711,58.1055],[-152.5612,58.177],[-152.5937,58.1865],[-152.6277,58.077],[-152.7052,58.0502],[-152.762,58.0565],[-152.7834,58.0741],[-152.7594,58.0117],[-152.7877,57.9908],[-152.8666,57.9908],[-152.8908,57.9692],[-153.0584,57.9894],[-153.2022,58.0299],[-153.2267,58.0497],[-153.3652,58.038],[-153.4197,58.0608]]],[[[-153.4383,59.6348],[-153.4371,59.6395],[-153.431,59.6377],[-153.4383,59.6348]]],[[[-153.5574,57.9231],[-153.5487,57.9234],[-153.5487,57.9211],[-153.5574,57.9231]]],[[[-153.5613,57.9302],[-153.5572,57.9344],[-153.5554,57.9336],[-153.5613,57.9302]]],[[[-153.5725,58.5948],[-153.559,58.6123],[-153.5486,58.5999],[-153.5725,58.5948]]],[[[-153.5762,59.3756],[-153.5617,59.3914],[-153.4193,59.414],[-153.3468,59.3797],[-153.3411,59.3569],[-153.4152,59.3214],[-153.5132,59.3203],[-153.5521,59.3351],[-153.5431,59.3576],[-153.5762,59.3756]]],[[[-153.6179,56.9001],[-153.5696,56.9132],[-153.5442,56.9093],[-153.5896,56.8873],[-153.6179,56.9001]]],[[[-153.847,56.7365],[-153.8529,56.7484],[-153.8385,56.7488],[-153.847,56.7365]]],[[[-153.8983,56.7209],[-153.8767,56.739],[-153.8703,56.7329],[-153.8983,56.7209]]],[[[-153.9466,56.7225],[-153.9366,56.7286],[-153.9285,56.7278],[-153.9466,56.7225]]],[[[-153.963,58.3893],[-153.9564,58.3918],[-153.9518,58.3899],[-153.963,58.3893]]],[[[-154.0117,58.45],[-154.0066,58.4569],[-153.986,58.4582],[-154.0117,58.45]]],[[[-154.0314,56.9861],[-154.0343,56.9947],[-154.0272,56.9921],[-154.0314,56.9861]]],[[[-154.0599,59.3581],[-154.0588,59.3655],[-154.0268,59.366],[-154.0599,59.3581]]],[[[-154.1567,56.6835],[-154.1341,56.7075],[-154.0954,56.706],[-154.0536,56.7317],[-154.021,56.7175],[-154.0189,56.687],[-154.1237,56.6952],[-154.1567,56.6835]]],[[[-154.2112,58.3111],[-154.2029,58.3206],[-154.1979,58.3202],[-154.1966,58.3133],[-154.2112,58.3111]]],[[[-154.2924,58.2882],[-154.2803,58.2945],[-154.2709,58.2938],[-154.2769,58.2861],[-154.2924,58.2882]]],[[[-154.3637,56.5426],[-154.3131,56.5863],[-154.2423,56.6116],[-154.0966,56.6198],[-154.0638,56.5755],[-154.0227,56.5529],[-153.8793,56.5654],[-153.8658,56.5511],[-153.9516,56.5051],[-154.0497,56.4967],[-154.1612,56.5099],[-154.2301,56.4935],[-154.3392,56.508],[-154.3637,56.5426]]],[[[-154.4398,58.0783],[-154.4355,58.0812],[-154.4286,58.0781],[-154.4398,58.0783]]],[[[-154.445,58.0569],[-154.4342,58.0609],[-154.4232,58.058],[-154.4255,58.0544],[-154.445,58.0569]]],[[[-154.5154,58.0645],[-154.4997,58.0713],[-154.4586,58.06],[-154.5011,58.0491],[-154.5154,58.0645]]],[[[-154.7954,56.4317],[-154.705,56.5168],[-154.5467,56.5908],[-154.4735,56.6019],[-154.401,56.5869],[-154.3877,56.571],[-154.3941,56.5525],[-154.4704,56.5113],[-154.6209,56.4762],[-154.7281,56.4058],[-154.7685,56.4046],[-154.7954,56.4317]]],[[[-154.7965,57.348],[-154.7797,57.3663],[-154.7454,57.3571],[-154.7181,57.3698],[-154.6936,57.4096],[-154.7164,57.4304],[-154.6656,57.4563],[-154.6264,57.5123],[-154.531,57.5416],[-154.522,57.5739],[-154.4239,57.581],[-154.348,57.6225],[-154.3492,57.6399],[-154.2615,57.6421],[-154.2323,57.6638],[-153.9939,57.6565],[-153.9806,57.6494],[-153.9896,57.6309],[-153.9708,57.5674],[-153.9846,57.5442],[-153.9247,57.5331],[-153.9205,57.5068],[-153.8739,57.5117],[-153.8732,57.5516],[-153.8061,57.5861],[-153.8786,57.6325],[-153.8686,57.6489],[-153.7015,57.6522],[-153.6678,57.6393],[-153.6478,57.6516],[-153.7971,57.6963],[-153.9252,57.7037],[-153.9152,57.7232],[-153.9369,57.7332],[-153.9347,57.8038],[-153.8629,57.8395],[-153.848,57.8719],[-153.789,57.8682],[-153.7256,57.9005],[-153.7056,57.8837],[-153.6205,57.884],[-153.6267,57.8454],[-153.5703,57.8318],[-153.5304,57.7817],[-153.5537,57.7284],[-153.5223,57.711],[-153.4886,57.7756],[-153.4375,57.7684],[-153.4755,57.8108],[-153.4798,57.8431],[-153.3177,57.8036],[-153.2659,57.8161],[-153.3265,57.8241],[-153.3258,57.8497],[-153.3907,57.8561],[-153.4898,57.8974],[-153.5335,57.9272],[-153.5036,57.9662],[-153.4648,57.9699],[-153.3434,57.9304],[-153.2138,57.8473],[-153.2048,57.8544],[-153.2322,57.8942],[-153.0876,57.845],[-153.0919,57.8675],[-153.168,57.917],[-153.268,57.9557],[-153.3053,57.9864],[-153.2801,58.0001],[-153.1276,57.9491],[-153.0577,57.961],[-153.0128,57.9426],[-152.9334,57.9486],[-152.8056,57.9138],[-152.7988,57.8991],[-152.862,57.8791],[-152.8682,57.8692],[-152.8455,57.8673],[-152.9139,57.8195],[-152.893,57.7929],[-152.9162,57.7758],[-152.9103,57.7576],[-152.8645,57.7221],[-152.8428,57.7297],[-152.8537,57.7824],[-152.8314,57.8398],[-152.7861,57.857],[-152.7351,57.8174],[-152.7097,57.8637],[-152.6356,57.8933],[-152.6288,57.919],[-152.6,57.9119],[-152.5884,57.9238],[-152.5572,57.8885],[-152.5304,57.9078],[-152.4713,57.896],[-152.4614,57.8722],[-152.4025,57.8539],[-152.4463,57.8389],[-152.4279,57.8146],[-152.359,57.8367],[-152.347,57.8332],[-152.3554,57.8203],[-152.325,57.8226],[-152.4002,57.7766],[-152.4146,57.7731],[-152.4096,57.7887],[-152.4688,57.768],[-152.5288,57.7089],[-152.4435,57.7243],[-152.4772,57.7074],[-152.4663,57.6815],[-152.508,57.6596],[-152.4937,57.6466],[-152.4162,57.6855],[-152.3703,57.6789],[-152.4685,57.5987],[-152.4271,57.5945],[-152.3434,57.654],[-152.3106,57.6191],[-152.1474,57.6279],[-152.1621,57.6131],[-152.1576,57.5882],[-152.294,57.5174],[-152.3249,57.4692],[-152.3149,57.4324],[-152.3394,57.4227],[-152.438,57.4378],[-152.4827,57.4214],[-152.4525,57.4588],[-152.4872,57.4681],[-152.5203,57.4338],[-152.5607,57.4534],[-152.5856,57.4467],[-152.613,57.4767],[-152.6857,57.4666],[-152.7466,57.5062],[-152.8015,57.4944],[-152.8613,57.5117],[-152.9196,57.5017],[-152.8882,57.4867],[-152.9132,57.4793],[-152.9032,57.468],[-152.811,57.4712],[-152.7418,57.448],[-152.7192,57.4331],[-152.7242,57.4223],[-152.627,57.4062],[-152.6006,57.3839],[-152.603,57.3601],[-152.6365,57.3413],[-152.6329,57.32],[-152.7007,57.2784],[-152.7142,57.2787],[-152.7102,57.3027],[-152.7449,57.3127],[-152.8167,57.2655],[-152.8597,57.2737],[-152.842,57.3032],[-152.8815,57.2893],[-152.9148,57.3189],[-152.8641,57.3465],[-152.8737,57.3523],[-152.946,57.33],[-153.0052,57.3416],[-153.0959,57.3123],[-153.1444,57.3216],[-153.1569,57.3585],[-153.1684,57.3135],[-153.2056,57.3057],[-153.0969,57.2852],[-153.0121,57.2978],[-152.9426,57.2567],[-153.0715,57.2131],[-153.2122,57.2184],[-153.2091,57.2005],[-153.1599,57.188],[-153.1706,57.1581],[-153.062,57.1904],[-153.0715,57.1719],[-153.027,57.1683],[-152.9695,57.1899],[-152.9136,57.1649],[-152.8782,57.1662],[-152.868,57.1509],[-152.9125,57.1263],[-153.0253,57.1237],[-153.1119,57.0919],[-153.1718,57.097],[-153.215,57.0693],[-153.1962,57.0404],[-153.23,57.0053],[-153.3058,56.9916],[-153.3607,57.0044],[-153.3208,57.0265],[-153.3258,57.0458],[-153.3619,57.047],[-153.3175,57.0833],[-153.3928,57.0613],[-153.4006,57.0812],[-153.3524,57.1024],[-153.3871,57.1056],[-153.2804,57.1839],[-153.287,57.1992],[-153.2744,57.2071],[-153.3403,57.1897],[-153.3667,57.1983],[-153.3595,57.1702],[-153.4484,57.1123],[-153.4853,57.1407],[-153.5105,57.139],[-153.4836,57.0891],[-153.4941,57.0666],[-153.5761,57.0932],[-153.6683,57.0865],[-153.6749,57.0764],[-153.6581,57.0722],[-153.7058,57.0649],[-153.5794,57.0498],[-153.6084,57.021],[-153.5399,57.0006],[-153.5501,56.9762],[-153.5953,56.956],[-153.5872,56.936],[-153.6015,56.933],[-153.6702,56.9318],[-153.6961,56.9493],[-153.6918,56.9115],[-153.7738,56.8677],[-153.7534,56.8594],[-153.6847,56.8812],[-153.6994,56.8554],[-153.7717,56.832],[-153.7985,56.8486],[-153.8325,56.839],[-153.9036,56.7664],[-153.9744,56.7444],[-154.0155,56.7444],[-154.0438,56.7651],[-154.147,56.7465],[-154.0702,56.8459],[-154.007,56.8607],[-153.9613,56.9085],[-153.8446,56.9448],[-153.8363,56.963],[-153.8589,56.9618],[-153.8608,56.9767],[-153.9675,56.9553],[-153.9668,56.9969],[-153.9138,57.0485],[-153.9197,57.0639],[-153.7493,57.1399],[-153.8042,57.1589],[-153.8204,57.1291],[-153.881,57.118],[-153.9725,57.0647],[-154.0757,56.9701],[-154.117,56.9687],[-154.1638,56.9165],[-154.2104,56.9095],[-154.2271,56.8747],[-154.3107,56.8429],[-154.3,56.8868],[-154.3231,56.9251],[-154.4018,56.9658],[-154.5249,56.9947],[-154.5139,57.0768],[-154.5263,57.1707],[-154.5803,57.2473],[-154.6209,57.2712],[-154.6827,57.2669],[-154.6732,57.2751],[-154.6917,57.2861],[-154.7333,57.2723],[-154.7818,57.2822],[-154.7797,57.2956],[-154.7504,57.2928],[-154.7428,57.3253],[-154.7965,57.348]]],[[[-155.7525,55.8227],[-155.6707,55.8522],[-155.6182,55.9094],[-155.5626,55.9077],[-155.5852,55.8472],[-155.5621,55.7912],[-155.5861,55.7633],[-155.7235,55.7744],[-155.7347,55.792],[-155.7237,55.8042],[-155.7525,55.8227]]],[[[-156.1965,57.407],[-156.1808,57.4225],[-156.1722,57.4236],[-156.1965,57.407]]],[[[-156.2418,57.3839],[-156.2462,57.3908],[-156.2336,57.3871],[-156.2418,57.3839]]],[[[-156.2825,57.3784],[-156.2685,57.3861],[-156.2521,57.3795],[-156.2632,57.3734],[-156.2825,57.3784]]],[[[-156.3077,57.3652],[-156.2944,57.3717],[-156.278,57.367],[-156.288,57.3537],[-156.3077,57.3652]]],[[[-156.3353,57.3359],[-156.3211,57.3445],[-156.3028,57.3349],[-156.3156,57.3298],[-156.3353,57.3359]]],[[[-156.3365,57.3252],[-156.3386,57.3306],[-156.3323,57.3289],[-156.3365,57.3252]]],[[[-156.4735,71.3797],[-156.4563,71.3855],[-156.455,71.384],[-156.4735,71.3797]]],[[[-156.4898,57.0115],[-156.4691,57.0109],[-156.4639,57.0027],[-156.4708,56.9988],[-156.4898,57.0115]]],[[[-156.5136,57.0313],[-156.4953,57.0417],[-156.4743,57.0244],[-156.5017,57.0258],[-156.5136,57.0313]]],[[[-156.729,56.9798],[-156.7243,56.9931],[-156.7066,56.9944],[-156.729,56.9798]]],[[[-156.7507,56.0371],[-156.6973,56.046],[-156.7365,56.0739],[-156.7301,56.0844],[-156.6975,56.0698],[-156.6763,56.0871],[-156.683,56.0988],[-156.6431,56.0741],[-156.634,56.048],[-156.6787,56.0396],[-156.6704,55.9965],[-156.6818,55.9943],[-156.7507,56.0371]]],[[[-156.7596,56.9266],[-156.7586,56.9297],[-156.7564,56.9287],[-156.7596,56.9266]]],[[[-156.7648,56.9454],[-156.7655,56.9505],[-156.7586,56.9491],[-156.7648,56.9454]]],[[[-156.7803,56.9126],[-156.782,56.9166],[-156.7778,56.9157],[-156.7803,56.9126]]],[[[-156.8002,56.1539],[-156.7957,56.2239],[-156.7648,56.2292],[-156.7821,56.2087],[-156.7453,56.1947],[-156.7648,56.1521],[-156.8002,56.1539]]],[[[-157.3293,56.5384],[-157.2449,56.5875],[-157.2275,56.5762],[-157.0771,56.5806],[-156.9718,56.5377],[-157.1194,56.5525],[-157.1503,56.5282],[-157.1935,56.5224],[-157.3252,56.5259],[-157.3293,56.5384]]],[[[-157.4294,56.6457],[-157.4134,56.6475],[-157.3937,56.6366],[-157.4243,56.636],[-157.4294,56.6457]]],[[[-157.7328,56.4814],[-157.7304,56.5108],[-157.7065,56.499],[-157.7328,56.4814]]],[[[-157.904,56.3464],[-157.8303,56.3669],[-157.8075,56.3565],[-157.8186,56.341],[-157.7934,56.3248],[-157.8277,56.3097],[-157.904,56.3464]]],[[[-158.1595,56.1445],[-158.1074,56.1457],[-158.0894,56.156],[-158.1148,56.1337],[-158.1595,56.1445]]],[[[-158.5245,56.172],[-158.5202,56.1748],[-158.5181,56.1724],[-158.5245,56.172]]],[[[-158.8574,55.9268],[-158.8518,55.9312],[-158.8495,55.9277],[-158.8574,55.9268]]],[[[-158.899,55.8263],[-158.8752,55.8558],[-158.8873,55.8654],[-158.8193,55.885],[-158.8239,55.8944],[-158.7478,55.8759],[-158.7457,55.8506],[-158.6996,55.8317],[-158.798,55.845],[-158.7946,55.8639],[-158.8165,55.8686],[-158.8766,55.8229],[-158.8381,55.81],[-158.8852,55.8092],[-158.899,55.8263]]],[[[-159.08,55.858],[-159.0834,55.8646],[-159.061,55.8637],[-159.08,55.858]]],[[[-159.0784,55.8405],[-159.082,55.8445],[-159.0748,55.8415],[-159.0784,55.8405]]],[[[-159.1201,55.8821],[-159.122,55.8887],[-159.1135,55.8855],[-159.1201,55.8821]]],[[[-159.1849,55.8425],[-159.1468,55.878],[-159.0968,55.8607],[-159.1124,55.8479],[-159.0834,55.8346],[-159.1309,55.8258],[-159.1849,55.8425]]],[[[-159.3338,55.0627],[-159.2976,55.0604],[-159.2912,55.0536],[-159.3064,55.0505],[-159.3338,55.0627]]],[[[-159.3428,54.9006],[-159.3057,54.9095],[-159.3086,54.9217],[-159.2867,54.9176],[-159.2815,54.9278],[-159.3252,54.9279],[-159.281,54.95],[-159.2632,54.9253],[-159.2071,54.9283],[-159.1995,54.9108],[-159.2337,54.8777],[-159.29,54.8628],[-159.3428,54.9006]]],[[[-159.3651,55.793],[-159.314,55.8153],[-159.2919,55.7985],[-159.2937,55.78],[-159.2733,55.7743],[-159.3082,55.7473],[-159.3277,55.7844],[-159.3651,55.793]]],[[[-159.3635,55.8224],[-159.3595,55.8368],[-159.3505,55.8212],[-159.3635,55.8224]]],[[[-159.3994,55.7188],[-159.3709,55.7725],[-159.3269,55.7655],[-159.3843,55.7188],[-159.3994,55.7188]]],[[[-159.4281,55.071],[-159.4105,55.071],[-159.3982,55.0719],[-159.4119,55.0611],[-159.4281,55.071]]],[[[-159.4809,55.0202],[-159.4341,55.0498],[-159.4588,55.0645],[-159.4115,55.0542],[-159.344,55.0585],[-159.3466,55.0333],[-159.3827,55.0457],[-159.3958,55.0252],[-159.3599,55.014],[-159.3685,55.0069],[-159.3285,54.9774],[-159.4569,54.9415],[-159.4379,54.9556],[-159.4526,54.9716],[-159.4443,54.9885],[-159.3986,54.9769],[-159.3974,54.9942],[-159.4219,55.0038],[-159.4217,55.0261],[-159.4017,55.0317],[-159.4293,55.0378],[-159.4733,55.0107],[-159.4809,55.0202]]],[[[-159.4899,55.0789],[-159.4815,55.0834],[-159.4718,55.0821],[-159.4899,55.0789]]],[[[-159.497,55.842],[-159.4966,55.8555],[-159.4934,55.8425],[-159.497,55.842]]],[[[-159.6053,54.8148],[-159.5851,54.8327],[-159.5109,54.7894],[-159.5098,54.7723],[-159.5485,54.7524],[-159.596,54.7574],[-159.5806,54.7738],[-159.6053,54.8148]]],[[[-159.657,55.1238],[-159.637,55.1343],[-159.556,55.1008],[-159.59,55.139],[-159.5365,55.1493],[-159.6061,55.1716],[-159.5629,55.1651],[-159.5869,55.212],[-159.5477,55.2077],[-159.5177,55.2524],[-159.5068,55.2221],[-159.5415,55.1925],[-159.5284,55.1908],[-159.5301,55.1659],[-159.5032,55.1766],[-159.4925,55.157],[-159.5229,55.1531],[-159.526,55.1446],[-159.4944,55.1373],[-159.5434,55.1265],[-159.5215,55.1169],[-159.5327,55.0837],[-159.5229,55.0656],[-159.4913,55.0645],[-159.4923,55.0478],[-159.5353,55.0546],[-159.5655,55.0868],[-159.5776,55.0814],[-159.57,55.0456],[-159.6268,55.0525],[-159.6356,55.0359],[-159.6539,55.0599],[-159.6446,55.0812],[-159.594,55.0919],[-159.657,55.1238]]],[[[-159.667,55.1766],[-159.6622,55.1901],[-159.6477,55.1711],[-159.667,55.1766]]],[[[-159.7554,55.0942],[-159.7276,55.1275],[-159.7093,55.1256],[-159.7159,55.0934],[-159.7554,55.0942]]],[[[-159.8223,54.8166],[-159.7394,54.8422],[-159.6937,54.8344],[-159.7156,54.8253],[-159.7025,54.8155],[-159.7512,54.8163],[-159.7731,54.792],[-159.8223,54.8166]]],[[[-159.8279,55.0734],[-159.7906,55.0928],[-159.7525,55.0679],[-159.8029,55.0608],[-159.8279,55.0734]]],[[[-159.8576,55.0441],[-159.8424,55.057],[-159.812,55.0142],[-159.8307,55.0108],[-159.8576,55.0441]]],[[[-159.9951,58.6136],[-159.9675,58.6112],[-159.9587,58.6006],[-159.9777,58.5917],[-159.9951,58.6136]]],[[[-160.0575,54.9514],[-160.042,54.948],[-160.0348,54.934],[-160.0463,54.9326],[-160.0575,54.9514]]],[[[-160.0651,55.5009],[-160.0618,55.5126],[-160.0402,55.5186],[-160.0423,55.5058],[-160.0651,55.5009]]],[[[-160.1127,55.3335],[-160.0623,55.343],[-160.0271,55.324],[-160.0385,55.3069],[-160.0699,55.3078],[-160.1042,55.3135],[-160.1127,55.3335]]],[[[-160.2032,54.9778],[-160.1915,54.9844],[-160.1734,54.9795],[-160.1861,54.976],[-160.2032,54.9778]]],[[[-160.2321,58.842],[-160.2123,58.8524],[-160.183,58.8209],[-160.2321,58.842]]],[[[-160.257,54.9036],[-160.2537,54.933],[-160.1856,54.9352],[-160.1736,54.9478],[-160.1895,54.9654],[-160.1047,55.0228],[-160.1142,55.0303],[-160.0808,55.0373],[-160.0935,55.0518],[-160.1742,55.052],[-160.1672,55.073],[-160.1112,55.0683],[-160.1256,55.0884],[-160.1898,55.1025],[-160.1877,55.1184],[-160.0571,55.0876],[-160.1224,55.1343],[-160.1284,55.1457],[-160.1069,55.1606],[-160.0563,55.1328],[-160.0543,55.1125],[-160.0231,55.116],[-160.0124,55.1012],[-159.9695,55.1209],[-160.0129,55.1212],[-159.9988,55.1341],[-160.0189,55.144],[-159.9989,55.1536],[-160.035,55.1655],[-160.0605,55.2003],[-160.0054,55.1972],[-159.9527,55.1612],[-159.9651,55.2146],[-159.9283,55.2068],[-159.931,55.2215],[-159.9096,55.2254],[-159.9443,55.2511],[-159.9082,55.2559],[-159.89,55.2883],[-159.8646,55.2851],[-159.841,55.2449],[-159.861,55.2267],[-159.9056,55.2269],[-159.8789,55.207],[-159.9124,55.1475],[-159.876,55.1294],[-159.861,55.175],[-159.812,55.1801],[-159.8268,55.1279],[-159.8596,55.1301],[-159.8467,55.1093],[-159.8669,55.0948],[-159.9448,55.1279],[-159.947,55.1015],[-159.9745,55.1001],[-159.9419,55.0904],[-159.93,55.0669],[-160.0059,55.0735],[-159.9892,55.0466],[-160.1133,54.9841],[-160.1218,54.9478],[-160.1854,54.9316],[-160.1801,54.9034],[-160.2054,54.8896],[-160.1915,54.8784],[-160.2265,54.8645],[-160.257,54.9036]]],[[[-160.3186,58.6901],[-160.3003,58.7295],[-160.2746,58.7172],[-160.2779,58.6823],[-160.2458,58.6612],[-160.2753,58.6363],[-160.2703,58.6611],[-160.3186,58.6901]]],[[[-160.3206,55.3577],[-160.3175,55.3608],[-160.3161,55.3588],[-160.3206,55.3577]]],[[[-160.3465,55.4256],[-160.2606,55.4637],[-160.2118,55.4559],[-160.2238,55.4479],[-160.2084,55.4399],[-160.1354,55.4476],[-160.1554,55.4236],[-160.148,55.3776],[-160.2504,55.4147],[-160.2821,55.3946],[-160.3211,55.3937],[-160.3465,55.4256]]],[[[-160.4062,55.5477],[-160.3858,55.5498],[-160.3603,55.5439],[-160.377,55.5348],[-160.4062,55.5477]]],[[[-160.4407,58.6889],[-160.4231,58.7304],[-160.4036,58.7495],[-160.3846,58.7044],[-160.4243,58.6795],[-160.4407,58.6889]]],[[[-160.5211,55.2787],[-160.5205,55.2822],[-160.5163,55.2792],[-160.5211,55.2787]]],[[[-160.5283,55.32],[-160.4965,55.333],[-160.4915,55.3585],[-160.4271,55.338],[-160.362,55.3621],[-160.3244,55.3508],[-160.3515,55.3321],[-160.3173,55.3384],[-160.3078,55.3032],[-160.3377,55.2427],[-160.3795,55.2585],[-160.3891,55.2874],[-160.4722,55.2894],[-160.5283,55.32]]],[[[-160.6203,55.3393],[-160.6177,55.3435],[-160.6165,55.3411],[-160.6203,55.3393]]],[[[-160.811,56.0194],[-160.8057,56.0226],[-160.8021,56.0207],[-160.811,56.0194]]],[[[-160.8657,55.3213],[-160.8408,55.325],[-160.8007,55.3808],[-160.7296,55.4072],[-160.6486,55.3873],[-160.645,55.3578],[-160.6679,55.3217],[-160.699,55.3219],[-160.6664,55.302],[-160.6215,55.3312],[-160.5975,55.327],[-160.6165,55.3513],[-160.5723,55.3892],[-160.5333,55.3842],[-160.5205,55.3775],[-160.5269,55.3423],[-160.5668,55.3312],[-160.5794,55.3056],[-160.5687,55.2755],[-160.5264,55.2461],[-160.568,55.2329],[-160.4943,55.2238],[-160.4891,55.1944],[-160.457,55.1882],[-160.4863,55.1768],[-160.5424,55.1864],[-160.4953,55.166],[-160.5364,55.1313],[-160.5421,55.1597],[-160.6129,55.1478],[-160.6277,55.1648],[-160.6679,55.1668],[-160.69,55.1968],[-160.7565,55.1948],[-160.7777,55.1692],[-160.7677,55.1595],[-160.785,55.16],[-160.7945,55.1331],[-160.8178,55.1243],[-160.8067,55.1661],[-160.8521,55.2063],[-160.8346,55.2521],[-160.8595,55.2741],[-160.8362,55.2988],[-160.8657,55.3213]]],[[[-160.9353,55.8972],[-160.8564,55.9134],[-160.8182,55.9534],[-160.801,55.9023],[-160.8329,55.9113],[-160.9353,55.8972]]],[[[-161.0157,56.0032],[-160.9892,56.0222],[-160.9245,56.0187],[-161.0157,56.0032]]],[[[-161.0823,66.2125],[-161.0676,66.2135],[-161.0658,66.2092],[-161.0691,66.2065],[-161.0823,66.2125]]],[[[-161.0836,58.5913],[-161.0598,58.7005],[-160.7658,58.7745],[-160.7419,58.7984],[-160.6834,58.8173],[-160.8839,58.5797],[-160.9637,58.5509],[-161.0333,58.5586],[-161.0752,58.5466],[-161.0836,58.5913]]],[[[-161.2518,55.3493],[-161.2523,55.3537],[-161.2485,55.3532],[-161.2518,55.3493]]],[[[-161.3195,64.1236],[-161.3152,64.1374],[-161.2954,64.1391],[-161.2945,64.1146],[-161.3195,64.1236]]],[[[-161.4435,55.2012],[-161.3994,55.2242],[-161.3299,55.2194],[-161.3475,55.2067],[-161.3275,55.1738],[-161.3441,55.1585],[-161.4435,55.2012]]],[[[-161.611,55.072],[-161.5918,55.0902],[-161.6072,55.1176],[-161.5526,55.0877],[-161.5457,55.0666],[-161.5826,55.0582],[-161.611,55.072]]],[[[-161.6646,55.5123],[-161.6535,55.5233],[-161.6428,55.5145],[-161.6505,55.5083],[-161.6646,55.5123]]],[[[-161.6688,58.5575],[-161.6673,58.5603],[-161.6615,58.5572],[-161.6688,58.5575]]],[[[-161.687,66.9513],[-161.6798,66.9651],[-161.6719,66.9649],[-161.6714,66.9563],[-161.687,66.9513]]],[[[-161.6955,55.2094],[-161.6605,55.2435],[-161.5278,55.2508],[-161.5626,55.2047],[-161.5872,55.2125],[-161.629,55.1942],[-161.6955,55.2094]]],[[[-161.7022,66.9917],[-161.6872,66.9896],[-161.6784,66.9828],[-161.6973,66.9804],[-161.7022,66.9917]]],[[[-161.7364,63.6049],[-161.7439,63.6123],[-161.7339,63.6102],[-161.7364,63.6049]]],[[[-161.7887,64.744],[-161.7849,64.7498],[-161.7702,64.7484],[-161.7887,64.744]]],[[[-161.8902,55.1259],[-161.8965,55.1645],[-161.82,55.1821],[-161.7252,55.1586],[-161.7284,55.1398],[-161.6411,55.1266],[-161.6333,55.1066],[-161.6748,55.0949],[-161.6844,55.0697],[-161.7092,55.0804],[-161.7384,55.053],[-161.7988,55.082],[-161.7544,55.1294],[-161.7808,55.1617],[-161.8125,55.1568],[-161.7901,55.146],[-161.8161,55.099],[-161.8444,55.124],[-161.8902,55.1259]]],[[[-161.9057,66.2653],[-161.9025,66.3096],[-161.873,66.3165],[-161.8771,66.2882],[-161.8285,66.2693],[-161.9057,66.2653]]],[[[-161.9134,55.0201],[-161.9015,55.0245],[-161.8642,54.9929],[-161.8847,54.9828],[-161.9134,55.0201]]],[[[-161.9251,55.1106],[-161.9036,55.1169],[-161.8616,55.1011],[-161.8825,55.0854],[-161.9251,55.1106]]],[[[-161.9667,55.0783],[-161.9519,55.0738],[-161.9284,55.0418],[-161.9417,55.037],[-161.9667,55.0783]]],[[[-162.0101,63.4906],[-162.0058,63.4937],[-161.9966,63.4909],[-162.0101,63.4906]]],[[[-162.175,54.8381],[-162.1754,54.8423],[-162.1702,54.8398],[-162.175,54.8381]]],[[[-162.3633,54.6255],[-162.3773,54.6461],[-162.3602,54.6451],[-162.3633,54.6255]]],[[[-162.4358,54.9541],[-162.4257,54.9556],[-162.4169,54.9509],[-162.4245,54.9442],[-162.4358,54.9541]]],[[[-162.4355,54.9292],[-162.3004,54.9863],[-162.2339,54.9559],[-162.2326,54.8885],[-162.2743,54.8427],[-162.3158,54.8284],[-162.3916,54.8618],[-162.3991,54.8791],[-162.4178,54.8755],[-162.4355,54.9292]]],[[[-162.4819,54.4122],[-162.4041,54.4079],[-162.405,54.3843],[-162.3636,54.3831],[-162.3848,54.3678],[-162.4327,54.3719],[-162.4819,54.4122]]],[[[-162.5173,54.3739],[-162.4906,54.3756],[-162.4534,54.3633],[-162.4945,54.364],[-162.5173,54.3739]]],[[[-162.719,63.5812],[-162.689,63.5829],[-162.6243,63.6218],[-162.5933,63.6077],[-162.5961,63.6255],[-162.5698,63.6358],[-162.4705,63.6203],[-162.4338,63.6362],[-162.3712,63.6243],[-162.3832,63.6093],[-162.3423,63.5915],[-162.3689,63.563],[-162.3413,63.5526],[-162.3617,63.5383],[-162.4068,63.5578],[-162.4446,63.5401],[-162.5484,63.5466],[-162.567,63.5335],[-162.6851,63.5552],[-162.6843,63.5732],[-162.719,63.5812]]],[[[-162.7266,54.8007],[-162.7225,54.8023],[-162.7218,54.8006],[-162.7266,54.8007]]],[[[-162.7489,67.0424],[-162.7333,67.0424],[-162.7411,67.0225],[-162.7541,67.0233],[-162.7489,67.0424]]],[[[-162.8476,55.2891],[-162.8398,55.2916],[-162.8395,55.2847],[-162.8476,55.2891]]],[[[-162.8601,54.4243],[-162.8097,54.4649],[-162.8337,54.4784],[-162.8292,54.4947],[-162.6702,54.4611],[-162.6711,54.4466],[-162.5848,54.4512],[-162.6046,54.4419],[-162.5171,54.4076],[-162.5615,54.4065],[-162.5401,54.38],[-162.6075,54.3991],[-162.6129,54.3827],[-162.6533,54.39],[-162.6131,54.3698],[-162.7317,54.4011],[-162.7745,54.3866],[-162.7651,54.3724],[-162.8601,54.4243]]],[[[-162.8767,55.3439],[-162.7372,55.4028],[-162.6778,55.4143],[-162.8767,55.3439]]],[[[-162.8859,54.8938],[-162.8873,54.9067],[-162.8749,54.8968],[-162.8859,54.8938]]],[[[-162.9207,55.2324],[-162.9144,55.2382],[-162.9027,55.235],[-162.9207,55.2324]]],[[[-162.9815,55.2579],[-162.9155,55.3173],[-162.8983,55.32],[-162.9694,55.2548],[-162.9815,55.2579]]],[[[-163.1742,55.4166],[-163.1691,55.4303],[-163.134,55.435],[-163.1169,55.4249],[-163.1173,55.4025],[-163.1385,55.3957],[-163.1742,55.4166]]],[[[-164.0275,59.7098],[-163.9655,59.6887],[-163.9198,59.693],[-163.9448,59.6759],[-164.0275,59.7098]]],[[[-164.6164,63.0451],[-164.5886,63.0571],[-164.5526,63.0482],[-164.5818,63.034],[-164.6164,63.0451]]],[[[-164.6382,63.0832],[-164.6045,63.1084],[-164.5826,63.0928],[-164.6167,63.0748],[-164.6382,63.0832]]],[[[-164.852,54.1839],[-164.8348,54.1898],[-164.8119,54.1868],[-164.8396,54.1787],[-164.852,54.1839]]],[[[-164.8752,62.7966],[-164.8744,62.8091],[-164.8521,62.8011],[-164.8752,62.7966]]],[[[-164.883,54.199],[-164.7985,54.2298],[-164.7637,54.2232],[-164.7644,54.2098],[-164.883,54.199]]],[[[-164.9025,62.6804],[-164.8698,62.6881],[-164.8489,62.6762],[-164.8808,62.6713],[-164.9025,62.6804]]],[[[-164.9025,62.7051],[-164.901,62.71],[-164.8982,62.7059],[-164.9025,62.7051]]],[[[-164.9169,54.1391],[-164.9095,54.1479],[-164.9029,54.138],[-164.9169,54.1391]]],[[[-164.9432,62.6574],[-164.9237,62.6738],[-164.8474,62.6588],[-164.8163,62.6035],[-164.9114,62.6041],[-164.9388,62.6218],[-164.9432,62.6574]]],[[[-164.9443,54.5773],[-164.9279,54.5984],[-164.8512,54.6289],[-164.761,54.6398],[-164.7044,54.6638],[-164.5791,54.8166],[-164.552,54.8881],[-164.4949,54.9156],[-164.4269,54.931],[-164.3512,54.8973],[-164.3062,54.8971],[-164.1287,54.9694],[-164.0466,54.965],[-163.8956,55.0357],[-163.7733,55.0519],[-163.6628,55.04],[-163.5362,55.0505],[-163.4523,55.0372],[-163.5292,55.0452],[-163.5416,55.0258],[-163.4418,54.9721],[-163.4221,54.946],[-163.3947,54.8947],[-163.4145,54.8602],[-163.3765,54.8247],[-163.3705,54.7855],[-163.3219,54.7505],[-163.2229,54.7554],[-163.186,54.7766],[-163.1471,54.7639],[-163.1018,54.7298],[-163.0983,54.6917],[-163.0523,54.6911],[-163.0448,54.6719],[-163.0624,54.6604],[-163.1557,54.6669],[-163.1159,54.684],[-163.1174,54.6976],[-163.196,54.699],[-163.2232,54.6769],[-163.2271,54.694],[-163.2595,54.6954],[-163.2484,54.7106],[-163.2837,54.6956],[-163.3236,54.7219],[-163.3257,54.7459],[-163.3752,54.749],[-163.4251,54.7201],[-163.4086,54.6921],[-163.4187,54.6583],[-163.5029,54.653],[-163.5211,54.6328],[-163.5739,54.628],[-163.5873,54.6126],[-163.8116,54.6365],[-164.0684,54.6242],[-164.2067,54.5956],[-164.3333,54.5344],[-164.3434,54.5219],[-164.3236,54.5117],[-164.3334,54.4837],[-164.3737,54.4528],[-164.4497,54.421],[-164.6475,54.3896],[-164.7443,54.394],[-164.8434,54.4201],[-164.8824,54.474],[-164.9114,54.4833],[-164.8978,54.4956],[-164.9306,54.5227],[-164.9443,54.5773]]],[[[-164.9815,62.5606],[-164.8822,62.5662],[-164.8711,62.545],[-164.9703,62.5509],[-164.9815,62.5606]]],[[[-165.0278,60.8353],[-165.005,60.8763],[-164.8886,60.8398],[-164.9991,60.8165],[-165.0278,60.8353]]],[[[-165.0288,62.6177],[-165.0068,62.6408],[-164.9501,62.5963],[-165.0138,62.5896],[-165.0288,62.6177]]],[[[-165.069,62.5787],[-165.0472,62.5973],[-165.0227,62.5858],[-165.069,62.5787]]],[[[-165.2195,54.1007],[-165.1781,54.1191],[-165.1562,54.1116],[-165.1405,54.1305],[-164.9706,54.1188],[-165.0032,54.1376],[-164.9316,54.1364],[-164.9181,54.112],[-164.9556,54.0731],[-165.0388,54.0656],[-165.1336,54.0858],[-165.1565,54.0675],[-165.1586,54.0817],[-165.2195,54.1007]]],[[[-165.4814,54.0739],[-165.3609,54.0966],[-165.2696,54.0937],[-165.2332,54.0636],[-165.282,54.0623],[-165.2877,54.0383],[-165.3345,54.0696],[-165.4814,54.0739]]],[[[-165.575,54.0416],[-165.5156,54.0667],[-165.5123,54.0515],[-165.4807,54.0442],[-165.5558,54.0236],[-165.575,54.0416]]],[[[-165.686,54.245],[-165.6729,54.2688],[-165.6292,54.2811],[-165.6418,54.2931],[-165.6302,54.2985],[-165.5814,54.2802],[-165.5691,54.2934],[-165.4876,54.297],[-165.4738,54.2933],[-165.4792,54.2815],[-165.5125,54.282],[-165.518,54.2661],[-165.5586,54.2534],[-165.5553,54.2383],[-165.532,54.2372],[-165.5432,54.2172],[-165.4067,54.2127],[-165.3837,54.1955],[-165.401,54.1744],[-165.4761,54.1814],[-165.4923,54.1689],[-165.4778,54.1572],[-165.5558,54.1442],[-165.5368,54.129],[-165.5496,54.1131],[-165.6076,54.1141],[-165.6485,54.14],[-165.5983,54.1642],[-165.6371,54.1949],[-165.5848,54.2341],[-165.614,54.2448],[-165.6691,54.229],[-165.686,54.245]]],[[[-165.8594,59.8626],[-165.8561,59.8663],[-165.8543,59.8634],[-165.8594,59.8626]]],[[[-166.0595,53.8619],[-166.0423,53.8679],[-166.0386,53.8614],[-166.0485,53.8568],[-166.0595,53.8619]]],[[[-166.1115,54.1227],[-166.0984,54.1496],[-166.0758,54.1545],[-166.0825,54.1769],[-165.9361,54.2268],[-165.9249,54.2122],[-165.8707,54.2134],[-165.8633,54.2002],[-165.8802,54.1827],[-165.8595,54.1661],[-165.8317,54.1613],[-165.7975,54.1838],[-165.8041,54.1689],[-165.7262,54.1448],[-165.8205,54.1267],[-165.7359,54.1125],[-165.672,54.1312],[-165.657,54.1199],[-165.6784,54.0915],[-165.7652,54.0663],[-165.8457,54.0808],[-165.8514,54.0551],[-165.8819,54.0343],[-165.9006,54.0382],[-165.9044,54.0617],[-165.9738,54.0716],[-166.0485,54.0445],[-166.0611,54.0614],[-166.0516,54.0766],[-166.1115,54.1227]]],[[[-166.1471,61.7576],[-166.1279,61.7719],[-166.1125,61.738],[-166.1302,61.738],[-166.1471,61.7576]]],[[[-166.1985,53.9865],[-166.1633,53.9994],[-166.0748,53.971],[-166.1163,53.955],[-166.1744,53.957],[-166.1935,53.9597],[-166.1985,53.9865]]],[[[-166.2285,64.4921],[-166.2037,64.496],[-166.1921,64.4921],[-166.2121,64.4732],[-166.2285,64.4921]]],[[[-166.3104,53.7884],[-166.2974,53.7995],[-166.278,53.7809],[-166.2474,53.8137],[-166.2309,53.7775],[-166.2127,53.7905],[-166.2144,53.8303],[-166.1724,53.8279],[-166.1772,53.842],[-166.1236,53.8551],[-166.0847,53.8417],[-166.1418,53.809],[-166.114,53.7938],[-166.1317,53.7878],[-166.1182,53.7735],[-166.1957,53.7704],[-166.1591,53.7468],[-166.1853,53.7295],[-166.2216,53.7314],[-166.2075,53.7075],[-166.2909,53.7383],[-166.3104,53.7884]]],[[[-166.5707,53.8966],[-166.5682,53.9101],[-166.5646,53.9102],[-166.5707,53.8966]]],[[[-166.8253,53.6669],[-166.8222,53.6695],[-166.8204,53.6667],[-166.8253,53.6669]]],[[[-166.8466,53.6917],[-166.8421,53.6982],[-166.8316,53.6914],[-166.8466,53.6917]]],[[[-167.4594,60.2117],[-167.4153,60.1991],[-167.312,60.2324],[-167.2455,60.2167],[-167.2257,60.2332],[-167.1522,60.2205],[-167.1033,60.2345],[-167.0414,60.2142],[-166.9455,60.2233],[-166.9397,60.204],[-166.8513,60.2033],[-166.796,60.2371],[-166.8384,60.269],[-166.755,60.3086],[-166.7059,60.305],[-166.7138,60.3289],[-166.687,60.3167],[-166.6369,60.3269],[-166.5922,60.3072],[-166.5676,60.3231],[-166.5806,60.3522],[-166.4876,60.3935],[-166.3798,60.3532],[-166.241,60.3888],[-166.2325,60.3752],[-166.1974,60.3916],[-166.1865,60.3748],[-166.1498,60.3735],[-166.1336,60.3901],[-166.1422,60.4053],[-166.1735,60.3956],[-166.1551,60.4162],[-166.1671,60.4277],[-166.1471,60.4417],[-166.1595,60.4273],[-166.1278,60.4174],[-166.1237,60.3754],[-166.0681,60.3443],[-166.0926,60.3211],[-165.9259,60.3197],[-165.9187,60.3378],[-165.8831,60.3434],[-165.7806,60.3285],[-165.7671,60.3122],[-165.6763,60.292],[-165.6959,60.2802],[-165.6748,60.268],[-165.7279,60.2467],[-165.6821,60.2042],[-165.7247,60.1598],[-165.675,60.1522],[-165.6909,60.1352],[-165.6634,60.1235],[-165.6733,60.107],[-165.6598,60.0992],[-165.7097,60.0613],[-165.6807,60.0539],[-165.68,60.03],[-165.6339,60.0196],[-165.6553,59.9917],[-165.6253,59.9713],[-165.6351,59.9633],[-165.5474,59.9763],[-165.5911,59.9498],[-165.5652,59.9346],[-165.5844,59.9073],[-165.7066,59.8836],[-165.7634,59.9025],[-165.8951,59.866],[-165.9692,59.8739],[-166.1394,59.8271],[-166.0843,59.7761],[-166.0905,59.7606],[-166.1904,59.7502],[-166.2515,59.8014],[-166.3781,59.844],[-166.6167,59.8477],[-166.6648,59.8802],[-166.7602,59.8923],[-166.9039,59.9592],[-167.047,59.9925],[-167.1172,59.9916],[-167.2486,60.0645],[-167.3333,60.0666],[-167.3271,60.0884],[-167.3574,60.1423],[-167.4594,60.2117]]],[[[-167.8522,53.3111],[-167.816,53.3151],[-167.6931,53.3884],[-167.666,53.3772],[-167.6443,53.3937],[-167.6393,53.3731],[-167.62,53.3844],[-167.5935,53.3711],[-167.6075,53.3942],[-167.5807,53.3937],[-167.5813,53.4078],[-167.4956,53.3821],[-167.4889,53.3921],[-167.5184,53.4102],[-167.5217,53.3988],[-167.5554,53.4149],[-167.4857,53.4192],[-167.4696,53.4469],[-167.4172,53.4333],[-167.398,53.413],[-167.385,53.4161],[-167.3928,53.4505],[-167.3278,53.4058],[-167.343,53.4555],[-167.2866,53.4315],[-167.2977,53.4516],[-167.2599,53.4534],[-167.3041,53.4659],[-167.2885,53.4717],[-167.295,53.4833],[-167.201,53.4622],[-167.1988,53.4812],[-167.15,53.4712],[-167.1836,53.4883],[-167.1552,53.4967],[-167.188,53.5241],[-167.0699,53.5071],[-167.0522,53.5248],[-167.0906,53.5256],[-167.0922,53.5385],[-167.1367,53.5511],[-167.1284,53.5697],[-167.1638,53.6162],[-167.0952,53.6336],[-167.0548,53.6201],[-167.0383,53.5949],[-167.0514,53.6339],[-166.9963,53.6224],[-167.007,53.6423],[-167.0716,53.6667],[-167.0655,53.6896],[-167.0353,53.7083],[-166.8957,53.7167],[-166.8613,53.6791],[-166.8585,53.6454],[-166.8277,53.6613],[-166.7916,53.6256],[-166.7903,53.649],[-166.8325,53.708],[-166.7603,53.691],[-166.738,53.7019],[-166.7949,53.7154],[-166.6908,53.7154],[-166.7682,53.7359],[-166.8776,53.7376],[-166.8561,53.7447],[-166.9632,53.7775],[-167.0272,53.7571],[-167.092,53.7911],[-167.0806,53.8084],[-167.0936,53.82],[-167.152,53.8292],[-167.1557,53.8589],[-167.1185,53.8666],[-167.0832,53.9186],[-167.0353,53.9337],[-167.0095,53.96],[-166.9772,53.9571],[-166.8852,53.989],[-166.8409,53.9781],[-166.7461,54.0144],[-166.7259,53.9994],[-166.6685,54.0167],[-166.6257,54.0062],[-166.5886,53.9596],[-166.6466,53.9284],[-166.6199,53.892],[-166.6377,53.8774],[-166.5761,53.8786],[-166.6079,53.827],[-166.5468,53.8613],[-166.5446,53.8741],[-166.5646,53.8777],[-166.5304,53.9229],[-166.5021,53.917],[-166.5137,53.8978],[-166.5367,53.8974],[-166.5249,53.8732],[-166.443,53.9029],[-166.4416,53.9518],[-166.4109,53.9472],[-166.4099,53.9846],[-166.376,54.0094],[-166.3551,53.9928],[-166.3805,53.9599],[-166.3734,53.9447],[-166.2927,53.9629],[-166.2758,53.9838],[-166.2492,53.941],[-166.2616,53.9177],[-166.2416,53.9185],[-166.2314,53.9411],[-166.2048,53.932],[-166.2215,53.9027],[-166.251,53.8992],[-166.2435,53.8772],[-166.3205,53.8681],[-166.3499,53.8857],[-166.356,53.8569],[-166.385,53.8465],[-166.3871,53.832],[-166.4335,53.8273],[-166.4184,53.8045],[-166.5191,53.7902],[-166.5104,53.7753],[-166.4802,53.7738],[-166.606,53.7387],[-166.5483,53.7331],[-166.5829,53.7132],[-166.5366,53.713],[-166.549,53.6828],[-166.5236,53.6958],[-166.5167,53.7236],[-166.4708,53.7238],[-166.4399,53.756],[-166.4127,53.7632],[-166.4048,53.7368],[-166.378,53.7362],[-166.3822,53.7612],[-166.3411,53.7867],[-166.3172,53.7571],[-166.3332,53.7316],[-166.2671,53.7229],[-166.2632,53.704],[-166.2858,53.6961],[-166.275,53.6865],[-166.3481,53.6815],[-166.3633,53.6664],[-166.38,53.6866],[-166.3815,53.6708],[-166.4151,53.6743],[-166.4014,53.6525],[-166.4254,53.6594],[-166.4481,53.6354],[-166.5038,53.6538],[-166.5091,53.631],[-166.5448,53.6503],[-166.5319,53.6303],[-166.5553,53.6176],[-166.5247,53.608],[-166.5076,53.5812],[-166.5634,53.6054],[-166.5739,53.5577],[-166.6006,53.5628],[-166.5766,53.5301],[-166.6638,53.5928],[-166.6364,53.5231],[-166.7001,53.5375],[-166.7115,53.5557],[-166.7202,53.5401],[-166.6479,53.5067],[-166.6637,53.4837],[-166.6921,53.5059],[-166.7386,53.5079],[-166.7711,53.5399],[-166.7723,53.5654],[-166.7995,53.5576],[-166.772,53.527],[-166.7848,53.5137],[-166.7692,53.5099],[-166.7772,53.496],[-166.7425,53.4815],[-166.7429,53.4643],[-166.7613,53.4567],[-166.7492,53.4409],[-166.7906,53.4516],[-166.8016,53.4721],[-166.8156,53.4551],[-166.8092,53.4269],[-166.8448,53.4529],[-166.8411,53.4701],[-166.8704,53.4602],[-166.88,53.4284],[-166.8871,53.4642],[-166.8989,53.4345],[-166.9287,53.4418],[-166.9223,53.4624],[-166.9557,53.4643],[-166.9807,53.4244],[-166.9984,53.4289],[-166.9842,53.4542],[-167.051,53.4488],[-167.0599,53.428],[-167.1141,53.4168],[-167.138,53.4263],[-167.1707,53.3977],[-167.2913,53.3724],[-167.3073,53.3343],[-167.3833,53.3443],[-167.4528,53.3207],[-167.4427,53.3052],[-167.4937,53.2799],[-167.4924,53.2574],[-167.6059,53.2853],[-167.6233,53.2571],[-167.6148,53.2485],[-167.6558,53.2477],[-167.6496,53.2325],[-167.6575,53.2265],[-167.6716,53.2604],[-167.797,53.2779],[-167.8045,53.2975],[-167.8522,53.3111]]],[[[-168.0382,53.9284],[-168.0343,53.9363],[-168.0263,53.9268],[-168.0382,53.9284]]],[[[-168.0947,64.9684],[-168.0748,64.9806],[-168.0472,64.9764],[-168.0486,64.9604],[-168.0947,64.9684]]],[[[-168.1202,65.6479],[-168.0875,65.6885],[-167.9843,65.7243],[-167.5275,65.818],[-166.5975,66.1175],[-166.1677,66.2164],[-166.1359,66.238],[-165.8948,66.3056],[-165.1517,66.4691],[-164.401,66.5814],[-163.8857,66.5929],[-163.6331,66.5661],[-163.6427,66.5549],[-163.9276,66.574],[-163.9099,66.5536],[-163.754,66.5502],[-163.7559,66.5317],[-163.7262,66.5126],[-163.7326,66.4893],[-163.7658,66.4528],[-163.8508,66.4161],[-163.8732,66.3865],[-163.8585,66.3626],[-163.8813,66.323],[-163.8357,66.3029],[-163.8378,66.2607],[-163.9285,66.2179],[-164.0541,66.2103],[-164.0871,66.1911],[-164.0098,66.1784],[-163.9646,66.1963],[-163.9685,66.1712],[-163.9004,66.193],[-163.8461,66.123],[-163.7725,66.0801],[-163.6339,66.0564],[-163.4961,66.0834],[-163.3358,66.0854],[-163.1601,66.0577],[-162.9525,66.0895],[-162.8511,66.0822],[-162.7471,66.1008],[-162.7401,66.0812],[-162.6329,66.038],[-162.4528,66.0574],[-162.376,66.0271],[-162.1335,66.0755],[-162.0321,66.0692],[-161.8479,66.024],[-161.9342,66.0323],[-161.8697,66.0005],[-161.9039,65.9747],[-161.8953,65.9638],[-161.798,65.9656],[-161.7738,65.9813],[-161.828,66.0],[-161.7071,66.0745],[-161.7132,66.0888],[-161.6879,66.0973],[-161.5524,66.2421],[-161.4994,66.2583],[-161.3507,66.2587],[-161.3178,66.2204],[-161.2263,66.2095],[-161.0589,66.2283],[-161.0861,66.2146],[-161.0803,66.1949],[-161.096,66.1882],[-161.071,66.1806],[-161.0168,66.1867],[-160.9546,66.2207],[-161.1335,66.3367],[-161.5156,66.397],[-161.6922,66.398],[-161.8994,66.3563],[-161.9156,66.347],[-161.8998,66.3379],[-161.9163,66.3215],[-161.9427,66.3227],[-161.8694,66.447],[-161.8677,66.4873],[-161.8856,66.5178],[-161.9795,66.571],[-162.0879,66.6041],[-162.1243,66.6513],[-162.2017,66.6984],[-162.4979,66.7333],[-162.5147,66.7793],[-162.622,66.8565],[-162.6011,66.8985],[-162.5103,66.907],[-162.4911,66.9431],[-162.4691,66.9504],[-162.4463,66.9246],[-162.4157,66.918],[-162.3076,66.939],[-162.2302,66.8662],[-162.118,66.7978],[-162.0198,66.7807],[-162.0124,66.7621],[-162.0287,66.7343],[-162.0753,66.7045],[-162.0704,66.6481],[-161.9089,66.5446],[-161.5822,66.44],[-161.3263,66.4784],[-161.2459,66.5194],[-161.1776,66.5335],[-161.1702,66.5046],[-161.1474,66.4893],[-161.077,66.4878],[-160.9784,66.4291],[-160.7789,66.3629],[-160.535,66.3585],[-160.4826,66.3752],[-160.2274,66.3872],[-160.2082,66.4224],[-160.2048,66.5082],[-160.2737,66.5675],[-160.384,66.6191],[-160.5063,66.6138],[-160.5184,66.6062],[-160.5103,66.5909],[-160.5387,66.5878],[-160.5195,66.5807],[-160.5433,66.5799],[-160.6819,66.5963],[-160.7854,66.65],[-160.9395,66.6561],[-160.983,66.6412],[-161.1421,66.6363],[-161.2139,66.5925],[-161.1964,66.5849],[-161.2354,66.5754],[-161.2241,66.5418],[-161.2935,66.5241],[-161.4519,66.524],[-161.4575,66.5445],[-161.543,66.5517],[-161.5505,66.5636],[-161.5267,66.5751],[-161.5342,66.5849],[-161.6859,66.6186],[-161.8163,66.685],[-161.78,66.7162],[-161.8816,66.7181],[-161.8424,66.7617],[-161.8631,66.7802],[-161.8397,66.8014],[-161.8515,66.8108],[-161.7988,66.8264],[-161.7768,66.8596],[-161.7932,66.8818],[-161.7101,66.9145],[-161.7049,66.9395],[-161.4759,66.9488],[-161.5023,66.9808],[-161.586,66.9848],[-161.6191,67.0095],[-161.6917,67.0247],[-161.7245,67.0045],[-161.8035,67.0463],[-161.8677,67.0502],[-162.1279,67.0222],[-162.2359,66.994],[-162.4337,66.9855],[-162.4519,66.9971],[-162.4427,67.028],[-162.6085,67.0047],[-162.7241,67.0542],[-162.9762,67.0263],[-163.702,67.1094],[-163.7479,67.1293],[-163.739,67.1755],[-163.7589,67.2485],[-163.8644,67.406],[-164.0334,67.5575],[-164.1544,67.6215],[-164.5348,67.7244],[-165.3361,68.0241],[-165.9654,68.1359],[-166.0765,68.2178],[-166.237,68.2731],[-166.5874,68.3339],[-166.836,68.3408],[-166.3276,68.4443],[-166.3024,68.4722],[-166.3034,68.5167],[-166.2281,68.5739],[-166.2371,68.5966],[-166.2179,68.6405],[-166.234,68.6513],[-166.1967,68.6949],[-166.1904,68.7827],[-166.2286,68.8727],[-166.2166,68.8815],[-165.5668,68.851],[-164.3084,68.9255],[-163.9313,68.9949],[-163.6831,69.0756],[-163.5363,69.1397],[-163.2073,69.338],[-163.1478,69.4188],[-163.1466,69.63],[-163.0097,69.8127],[-162.6957,69.9767],[-162.4667,70.1293],[-162.356,70.1839],[-162.0463,70.2807],[-161.8793,70.3293],[-161.5018,70.2969],[-161.2934,70.2946],[-160.8018,70.3764],[-160.3244,70.5199],[-159.6489,70.7951],[-159.2091,70.8701],[-158.8364,70.9081],[-158.7827,70.9082],[-158.7662,70.9041],[-159.3073,70.8525],[-159.3182,70.8481],[-159.1675,70.8591],[-159.1532,70.8394],[-159.165,70.8364],[-159.115,70.8174],[-159.3448,70.8047],[-159.3456,70.7812],[-159.2997,70.7581],[-159.2584,70.7748],[-159.1981,70.7601],[-159.0455,70.7758],[-158.992,70.7647],[-158.9494,70.7834],[-159.0497,70.7968],[-159.0689,70.8161],[-158.9337,70.7954],[-158.6677,70.7856],[-158.452,70.8066],[-158.3994,70.7991],[-158.3318,70.8195],[-158.08,70.8259],[-157.841,70.861],[-157.421,70.9768],[-157.2446,71.0519],[-156.8097,71.2869],[-156.5686,71.3526],[-156.5621,71.3158],[-156.5332,71.2958],[-156.4412,71.2905],[-156.3687,71.2618],[-156.0793,71.2389],[-156.0939,71.2238],[-156.0292,71.2015],[-156.09,71.1786],[-156.085,71.1694],[-155.9586,71.1849],[-155.9323,71.2118],[-155.8875,71.186],[-155.7443,71.1928],[-155.5675,71.1625],[-155.5697,71.1365],[-155.515,71.0962],[-155.5185,71.075],[-155.7028,71.0187],[-155.7277,70.9832],[-155.7904,70.9829],[-155.8256,70.9594],[-155.8569,70.9706],[-156.0758,70.9566],[-156.0001,70.9492],[-155.972,70.9096],[-156.0065,70.8967],[-155.9563,70.8964],[-155.9238,70.8574],[-155.9346,70.8363],[-155.8768,70.8292],[-155.6648,70.844],[-155.6481,70.8273],[-155.608,70.8241],[-155.6123,70.8607],[-155.5754,70.8441],[-155.4861,70.8585],[-155.4843,70.8949],[-155.5119,70.9429],[-155.4399,70.9533],[-155.363,70.9968],[-155.2556,71.0156],[-155.2095,70.9797],[-155.1748,70.98],[-155.1608,71.0162],[-155.2646,71.0661],[-155.2464,71.0816],[-155.1277,71.1096],[-155.1452,71.105],[-155.1193,71.0734],[-155.0745,71.0703],[-155.0685,71.1085],[-155.1122,71.1267],[-155.0778,71.1332],[-155.0962,71.1442],[-155.0722,71.1529],[-154.7581,71.0701],[-154.5772,70.9987],[-154.5606,70.9741],[-154.5777,70.9867],[-154.6069,70.9725],[-154.6141,70.9025],[-154.5974,70.8826],[-154.6026,70.8569],[-154.5634,70.8216],[-154.3443,70.8332],[-154.2418,70.8117],[-154.2207,70.7936],[-154.2571,70.782],[-154.1819,70.7683],[-154.0001,70.8182],[-153.9398,70.8636],[-153.9436,70.8764],[-153.4693,70.885],[-153.2158,70.9205],[-152.9252,70.8902],[-152.8561,70.8486],[-152.8152,70.848],[-152.781,70.8814],[-152.5884,70.8818],[-152.228,70.8265],[-152.1929,70.8015],[-152.2887,70.7878],[-152.3673,70.7269],[-152.4212,70.7294],[-152.3816,70.716],[-152.4286,70.6883],[-152.4794,70.6905],[-152.4644,70.6358],[-152.4221,70.6088],[-152.3488,70.5966],[-152.3212,70.6014],[-152.3161,70.6078],[-152.0562,70.5801],[-152.0688,70.5646],[-152.2133,70.5827],[-152.256,70.5695],[-152.4186,70.5678],[-152.5096,70.5817],[-152.5619,70.5611],[-152.5153,70.5387],[-152.4322,70.5547],[-152.3247,70.54],[-152.0535,70.5452],[-151.9834,70.5647],[-151.7021,70.5518],[-151.7992,70.5042],[-151.7293,70.4964],[-151.9163,70.4753],[-151.9523,70.4584],[-151.8891,70.432],[-151.5721,70.4393],[-151.3432,70.4089],[-151.2462,70.3725],[-151.1999,70.3733],[-151.1464,70.3776],[-150.9507,70.4596],[-150.7424,70.4613],[-150.6984,70.4478],[-150.6615,70.4776],[-150.5189,70.4831],[-150.4144,70.4597],[-150.3754,70.4385],[-150.387,70.4283],[-150.3609,70.4092],[-150.3401,70.4099],[-150.1942,70.4345],[-150.1095,70.4293],[-149.8639,70.511],[-149.7786,70.4867],[-149.7161,70.505],[-149.5653,70.4964],[-149.462,70.5165],[-149.3873,70.4872],[-149.3262,70.5027],[-149.2911,70.4894],[-149.1615,70.4877],[-148.944,70.4202],[-148.5861,70.3971],[-148.4738,70.3585],[-148.4609,70.3389],[-148.4867,70.309],[-148.3544,70.3027],[-148.2375,70.3379],[-148.2317,70.3053],[-148.1836,70.2927],[-148.1196,70.3278],[-148.1345,70.3376],[-148.1077,70.3415],[-148.0161,70.3077],[-147.9339,70.3012],[-147.9509,70.2927],[-147.8985,70.2992],[-147.9064,70.2691],[-147.8322,70.2711],[-147.7901,70.2911],[-147.7968,70.2556],[-147.8475,70.2363],[-147.6798,70.1994],[-147.5355,70.2043],[-147.3239,70.191],[-147.3042,70.1773],[-147.2626,70.2024],[-147.2351,70.1873],[-147.2278,70.1644],[-147.2187,70.1779],[-147.1731,70.1528],[-147.0612,70.146],[-146.8583,70.1681],[-146.8685,70.1719],[-146.8524,70.1812],[-146.6617,70.1744],[-146.5175,70.1892],[-146.2559,70.1742],[-146.0003,70.1321],[-145.9805,70.1437],[-145.8583,70.1314],[-145.8732,70.1479],[-145.8545,70.1623],[-145.6233,70.0844],[-145.5158,70.0716],[-145.426,70.0322],[-145.2973,70.0122],[-145.1906,70.0276],[-145.1801,70.0222],[-145.2139,70.0236],[-145.2251,70.0034],[-145.0122,69.9793],[-144.9601,69.958],[-144.8331,69.9821],[-144.6284,69.9675],[-144.4554,70.0352],[-144.2854,70.0407],[-144.1215,70.0812],[-143.9532,70.0993],[-143.9072,70.1202],[-143.8016,70.1079],[-143.7647,70.1268],[-143.588,70.1464],[-143.4252,70.1249],[-143.2696,70.1538],[-142.6517,70.0182],[-142.5472,69.9831],[-142.4751,69.9659],[-142.4485,69.9562],[-142.4975,69.9682],[-142.5127,69.9587],[-142.5041,69.9517],[-142.3783,69.932],[-142.4237,69.9435],[-142.4032,69.9408],[-142.3541,69.9244],[-142.377,69.9298],[-142.4027,69.9109],[-142.3323,69.919],[-141.9587,69.8234],[-141.6268,69.7656],[-141.4529,69.702],[-141.3971,69.6955],[-141.3547,69.6812],[-141.4768,69.7029],[-141.3777,69.6346],[-141.2497,69.6302],[-141.2065,69.6728],[-141.3238,69.6828],[-141.2932,69.6878],[-141.1373,69.6767],[-141.0006,69.6463],[-141.002,60.3064],[-140.5204,60.2198],[-140.4582,60.3081],[-139.9811,60.182],[-139.693,60.3352],[-139.0748,60.3525],[-139.0721,60.3194],[-139.1988,60.0883],[-139.0537,59.9948],[-138.7074,59.9063],[-138.6686,59.8097],[-138.6262,59.7686],[-137.6074,59.2438],[-137.5,58.9854],[-137.5264,58.9068],[-137.4474,58.9095],[-137.2648,59.0024],[-136.8266,59.1584],[-136.5815,59.1649],[-136.4884,59.2593],[-136.4958,59.2751],[-136.4692,59.2841],[-136.4772,59.4658],[-136.3625,59.4504],[-136.305,59.4645],[-136.2385,59.5243],[-136.2398,59.5594],[-136.3539,59.5998],[-136.1929,59.64],[-135.9526,59.6622],[-135.4792,59.798],[-135.3601,59.7376],[-135.2337,59.6961],[-135.2198,59.6628],[-135.1576,59.6257],[-135.1178,59.6231],[-135.0289,59.5637],[-135.0276,59.4747],[-135.101,59.4275],[-134.9897,59.3871],[-135.0305,59.3463],[-134.9599,59.2809],[-134.7007,59.249],[-134.6791,59.1923],[-134.5656,59.1311],[-134.4834,59.1316],[-134.3819,59.0388],[-134.4071,58.9792],[-134.3137,58.9622],[-134.3365,58.9234],[-134.2581,58.861],[-133.8405,58.7294],[-133.7071,58.6123],[-133.3773,58.4305],[-133.4615,58.3877],[-133.3454,58.2763],[-133.1723,58.1537],[-133.0764,57.9998],[-132.8693,57.8429],[-132.5537,57.4965],[-132.363,57.342],[-132.2479,57.2113],[-132.369,57.0915],[-132.0452,57.0451],[-132.1236,56.8736],[-131.8729,56.806],[-131.9011,56.7537],[-131.8607,56.703],[-131.8353,56.5992],[-131.5811,56.6122],[-131.472,56.5527],[-131.0873,56.406],[-130.782,56.3668],[-130.6233,56.2669],[-130.4679,56.2431],[-130.426,56.1416],[-130.2462,56.0964],[-130.1038,56.1228],[-130.0035,56.0081],[-130.0177,55.9119],[-130.0038,55.9073],[-130.1524,55.7663],[-130.148,55.715],[-130.1117,55.6829],[-130.1279,55.581],[-130.0899,55.498],[-130.0412,55.4517],[-130.0211,55.3379],[-129.9742,55.2819],[-130.1028,55.1926],[-130.1876,55.0628],[-130.2733,54.974],[-130.4594,54.8485],[-130.659,54.7631],[-130.6281,54.7393],[-130.6475,54.7261],[-130.6865,54.7316],[-130.6877,54.7184],[-130.7384,54.7486],[-130.7516,54.7725],[-130.7352,54.782],[-130.7378,54.8074],[-130.7804,54.8258],[-130.7913,54.7871],[-130.8426,54.7621],[-130.9346,54.8007],[-130.9482,54.8292],[-130.9377,54.8495],[-130.9534,54.8571],[-130.9546,54.8958],[-130.9754,54.9214],[-130.9475,54.9327],[-130.9463,54.9476],[-130.9921,54.9928],[-131.0106,54.9915],[-131.0003,55.0331],[-131.0126,55.0467],[-130.9923,55.0439],[-130.9895,55.068],[-130.8746,55.0971],[-130.8511,55.1194],[-130.827,55.1163],[-130.8232,55.0946],[-130.7942,55.0731],[-130.72,55.0939],[-130.7062,55.124],[-130.7335,55.1311],[-130.7413,55.1014],[-130.7734,55.0927],[-130.7955,55.1029],[-130.8161,55.1448],[-130.8983,55.1041],[-130.9942,55.0851],[-131.0765,55.1294],[-131.0926,55.1927],[-130.9863,55.2452],[-130.944,55.2953],[-130.8551,55.2938],[-130.8776,55.3307],[-130.8828,55.4017],[-130.8916,55.4114],[-130.8987,55.3945],[-130.9233,55.4376],[-130.8725,55.4884],[-130.8701,55.5444],[-130.8094,55.5486],[-130.8763,55.5604],[-130.9042,55.6864],[-130.8966,55.7128],[-130.9693,55.7817],[-130.9457,55.811],[-131.0036,55.8059],[-131.0777,55.8854],[-131.2145,55.9802],[-131.0933,56.0433],[-131.1181,56.0581],[-131.2127,56.0105],[-131.3086,55.9914],[-131.3558,55.956],[-131.2537,55.971],[-131.0739,55.8309],[-131.0473,55.7987],[-131.0525,55.7728],[-130.9599,55.6932],[-130.971,55.6803],[-130.9399,55.6192],[-130.9595,55.5886],[-130.9292,55.5775],[-130.9422,55.5546],[-130.9753,55.575],[-130.9831,55.5659],[-130.9877,55.5341],[-130.9735,55.5221],[-130.9944,55.4724],[-130.9706,55.3914],[-130.991,55.3785],[-131.0087,55.4048],[-131.0339,55.4036],[-131.0223,55.3446],[-131.0531,55.3284],[-131.0636,55.2601],[-131.1548,55.1987],[-131.2042,55.1898],[-131.3267,55.2431],[-131.2402,55.2872],[-131.1893,55.3609],[-131.1987,55.3915],[-131.2346,55.4082],[-131.236,55.3823],[-131.2476,55.3935],[-131.2933,55.381],[-131.255,55.3208],[-131.2991,55.2767],[-131.351,55.2596],[-131.3671,55.2724],[-131.4038,55.2619],[-131.4608,55.2773],[-131.4834,55.3],[-131.3851,55.3419],[-131.3884,55.3543],[-131.4574,55.3443],[-131.4822,55.3263],[-131.5141,55.331],[-131.5397,55.2932],[-131.6401,55.3407],[-131.6987,55.3549],[-131.6136,55.2871],[-131.6334,55.2849],[-131.6428,55.2654],[-131.649,55.2895],[-131.6921,55.3059],[-131.6705,55.2572],[-131.6884,55.2509],[-131.6894,55.2239],[-131.7588,55.2519],[-131.748,55.2197],[-131.7103,55.1937],[-131.7471,55.1605],[-131.7193,55.1505],[-131.723,55.1402],[-131.7631,55.1277],[-131.7812,55.1402],[-131.8315,55.1936],[-131.8691,55.3093],[-131.8669,55.3496],[-131.8549,55.3535],[-131.8808,55.3794],[-131.8342,55.3777],[-131.8507,55.4254],[-131.7123,55.3652],[-131.7373,55.3877],[-131.7183,55.4076],[-131.7413,55.3996],[-131.8334,55.4551],[-131.8266,55.4704],[-131.7874,55.4734],[-131.7175,55.5159],[-131.6849,55.5621],[-131.6996,55.5692],[-131.6303,55.5996],[-131.6999,55.6135],[-131.7232,55.6346],[-131.6973,55.6907],[-131.7334,55.7308],[-131.6712,55.7712],[-131.6203,55.7632],[-131.5815,55.781],[-131.4901,55.7863],[-131.5464,55.806],[-131.5517,55.7916],[-131.6143,55.7843],[-131.6745,55.7988],[-131.7009,55.7883],[-131.7114,55.8362],[-131.4872,55.8463],[-131.5621,55.8522],[-131.5665,55.8788],[-131.5993,55.9],[-131.5651,55.923],[-131.6099,55.922],[-131.6168,55.9397],[-131.7583,55.8782],[-131.811,55.876],[-131.8219,55.8906],[-131.8415,55.8722],[-131.9174,55.8639],[-131.8908,55.8445],[-131.7991,55.8357],[-131.7621,55.8137],[-131.8252,55.718],[-131.8725,55.7381],[-131.817,55.6715],[-131.8361,55.6722],[-131.8571,55.6319],[-131.892,55.6207],[-131.8857,55.6007],[-131.9488,55.6178],[-131.9809,55.6546],[-132.0354,55.6782],[-131.932,55.5835],[-131.9513,55.5806],[-131.9367,55.5352],[-131.9581,55.5311],[-131.9539,55.503],[-131.969,55.4969],[-132.1857,55.5878],[-132.2246,55.7018],[-132.2873,55.7617],[-132.2126,55.7346],[-132.1884,55.7459],[-132.186,55.8033],[-132.0787,55.8106],[-132.0288,55.7977],[-132.0965,55.8506],[-132.0391,55.8877],[-132.0709,55.9239],[-132.0668,55.944],[-131.9586,55.9728],[-131.9732,55.9838],[-131.9551,55.9985],[-131.9817,56.0621],[-131.9732,56.1731],[-131.895,56.1811],[-131.8711,56.2033],[-131.8244,56.1912],[-131.7634,56.2049],[-131.6546,56.184],[-131.6483,56.1998],[-131.764,56.2249],[-131.8063,56.2165],[-131.9299,56.2355],[-131.9122,56.2163],[-131.9209,56.2035],[-132.0011,56.1933],[-132.0269,56.1331],[-132.0617,56.1463],[-132.0589,56.1243],[-132.0738,56.116],[-132.1202,56.1651],[-132.1457,56.1555],[-132.1884,56.1688],[-132.0991,56.1033],[-132.1097,56.096],[-132.0991,56.089],[-132.1268,56.0782],[-132.1451,56.0984],[-132.149,56.0728],[-132.1845,56.0735],[-132.194,56.088],[-132.2265,56.0801],[-132.1679,56.0456],[-132.2013,56.0442],[-132.1559,56.008],[-132.1687,55.9908],[-132.1356,55.97],[-132.1313,55.9474],[-132.1729,55.9276],[-132.2065,55.9604],[-132.2397,55.9225],[-132.2763,55.9362],[-132.3076,55.9206],[-132.2904,55.9013],[-132.3419,55.8858],[-132.3084,55.8651],[-132.3211,55.8565],[-132.3125,55.8416],[-132.3334,55.8673],[-132.338,55.8543],[-132.3779,55.8551],[-132.3992,55.9035],[-132.3639,55.9281],[-132.4017,55.9509],[-132.4336,55.9478],[-132.4522,55.961],[-132.4351,55.9708],[-132.4637,55.9751],[-132.4375,55.9888],[-132.4659,55.9962],[-132.404,56.0041],[-132.3798,56.0343],[-132.4018,56.0158],[-132.4711,56.0159],[-132.486,56.0255],[-132.4614,56.0601],[-132.4666,56.076],[-132.491,56.0632],[-132.5386,56.0702],[-132.5416,56.0529],[-132.5923,56.078],[-132.5867,56.068],[-132.6092,56.0716],[-132.6166,56.0497],[-132.5932,56.0323],[-132.5968,56.0156],[-132.6421,56.0325],[-132.7225,56.1438],[-132.7151,56.1606],[-132.7278,56.1703],[-132.6961,56.158],[-132.6894,56.1687],[-132.7089,56.1944],[-132.6894,56.2059],[-132.7169,56.2169],[-132.6933,56.2393],[-132.5993,56.2404],[-132.5733,56.2969],[-132.5294,56.3386],[-132.4194,56.3479],[-132.3783,56.3088],[-132.3943,56.2844],[-132.382,56.2556],[-132.3976,56.2381],[-132.3185,56.1921],[-132.2358,56.1975],[-132.3291,56.236],[-132.3654,56.283],[-132.3407,56.3418],[-132.3642,56.374],[-132.3356,56.3966],[-132.3814,56.4449],[-132.3889,56.4898],[-132.2534,56.4495],[-132.232,56.4153],[-132.2379,56.3976],[-132.1704,56.3684],[-132.2097,56.4591],[-132.2629,56.4866],[-132.289,56.4839],[-132.362,56.5315],[-132.3665,56.5949],[-132.3195,56.6377],[-132.4804,56.6031],[-132.5657,56.6286],[-132.5552,56.6542],[-132.5851,56.6592],[-132.5921,56.6767],[-132.5434,56.6751],[-132.5341,56.6972],[-132.5667,56.7386],[-132.541,56.7359],[-132.5305,56.7542],[-132.6437,56.7814],[-132.7891,56.8433],[-132.8157,56.8912],[-132.8849,56.9213],[-132.9053,56.9559],[-132.9534,56.9848],[-132.8602,57.0012],[-132.8469,57.0241],[-132.8212,57.0029],[-132.816,56.9736],[-132.7879,56.9756],[-132.7905,57.007],[-132.8364,57.0614],[-132.8131,57.0763],[-132.8248,57.1075],[-132.8704,57.0779],[-132.8723,57.0308],[-132.9051,57.0257],[-132.9859,57.0535],[-132.9992,57.012],[-133.0092,57.0541],[-133.0791,57.0829],[-133.1868,57.0898],[-133.2086,57.1168],[-133.1922,57.1279],[-133.1989,57.1379],[-133.2616,57.1355],[-133.2729,57.1155],[-133.3153,57.1062],[-133.5744,57.1848],[-133.5247,57.1953],[-133.4974,57.222],[-133.534,57.2607],[-133.5124,57.2622],[-133.5302,57.2753],[-133.4938,57.2773],[-133.5019,57.2915],[-133.4889,57.2918],[-133.5226,57.3056],[-133.4759,57.308],[-133.4259,57.286],[-133.3638,57.2843],[-133.3301,57.2996],[-133.2711,57.2887],[-133.1896,57.3113],[-133.1903,57.3253],[-133.3567,57.3327],[-133.4663,57.3631],[-133.4717,57.3872],[-133.4216,57.4014],[-133.4221,57.4124],[-133.4472,57.4116],[-133.4449,57.4256],[-133.4623,57.42],[-133.5057,57.4492],[-133.5274,57.4922],[-133.5167,57.5439],[-133.4622,57.5769],[-133.5618,57.562],[-133.6187,57.5782],[-133.6761,57.6295],[-133.6729,57.6584],[-133.6484,57.6752],[-133.6521,57.7162],[-133.5858,57.7123],[-133.578,57.7374],[-133.5295,57.6878],[-133.3983,57.6616],[-133.2226,57.6022],[-133.0874,57.5179],[-133.0563,57.5083],[-133.0594,57.5252],[-133.2566,57.6505],[-133.3284,57.6631],[-133.4237,57.7224],[-133.5255,57.7618],[-133.5849,57.7615],[-133.5968,57.7728],[-133.5559,57.7782],[-133.5547,57.7993],[-133.5792,57.8309],[-133.5685,57.8604],[-133.5832,57.927],[-133.6051,57.9095],[-133.6036,57.8605],[-133.6517,57.8801],[-133.6246,57.8375],[-133.635,57.8251],[-133.6253,57.8081],[-133.6403,57.8086],[-133.6315,57.7909],[-133.7192,57.8],[-133.853,57.9472],[-133.7605,57.9957],[-133.7258,57.949],[-133.6916,57.9468],[-133.7016,57.9842],[-133.7601,58.0288],[-133.7693,58.0569],[-133.8104,58.0454],[-133.8076,58.0231],[-133.7855,58.0099],[-133.8877,57.9735],[-134.0526,58.0618],[-134.0826,58.1254],[-134.0643,58.135],[-134.0864,58.1714],[-134.0854,58.2136],[-134.0543,58.2312],[-134.0588,58.2626],[-134.0811,58.2797],[-134.0041,58.2932],[-133.9668,58.3178],[-134.0039,58.3417],[-133.9925,58.352],[-134.0134,58.404],[-134.0405,58.402],[-134.0579,58.3332],[-134.1437,58.3038],[-134.1456,58.2711],[-134.1016,58.2366],[-134.1313,58.2323],[-134.1475,58.2007],[-134.185,58.2084],[-134.2794,58.191],[-134.4602,58.2296],[-134.5069,58.2165],[-134.5896,58.2302],[-134.6704,58.2794],[-134.686,58.3066],[-134.6036,58.3257],[-134.6083,58.341],[-134.6498,58.3489],[-134.6459,58.3852],[-134.7302,58.3741],[-134.7749,58.3914],[-134.748,58.3963],[-134.7698,58.4116],[-134.759,58.424],[-134.7873,58.4948],[-134.8412,58.5139],[-134.8311,58.5329],[-134.9417,58.6121],[-134.9905,58.6763],[-134.9205,58.6805],[-134.9477,58.715],[-134.9298,58.7332],[-134.9357,58.7813],[-134.9892,58.8083],[-134.9607,58.8301],[-134.9947,58.8272],[-135.0044,58.7777],[-135.034,58.7898],[-135.017,58.7612],[-135.0336,58.7517],[-135.0236,58.7323],[-135.1535,58.8541],[-135.1406,58.8741],[-135.1749,58.9363],[-135.177,58.9988],[-135.2038,59.03],[-135.2062,59.0768],[-135.2837,59.1989],[-135.3246,59.198],[-135.3281,59.2288],[-135.3731,59.2682],[-135.3577,59.3728],[-135.3215,59.4475],[-135.3552,59.4804],[-135.4011,59.2874],[-135.5325,59.3246],[-135.5444,59.31],[-135.4445,59.2777],[-135.4273,59.2503],[-135.441,59.2294],[-135.371,59.2101],[-135.3305,59.1541],[-135.3631,59.1596],[-135.3274,59.1328],[-135.3008,59.0854],[-135.3693,59.1129],[-135.3771,59.1591],[-135.401,59.1736],[-135.3849,59.1735],[-135.4499,59.219],[-135.5632,59.26],[-135.634,59.2636],[-135.547,59.2317],[-135.4703,59.1744],[-135.4679,59.1444],[-135.4408,59.1137],[-135.3797,59.0978],[-135.399,59.0378],[-135.3757,59.0262],[-135.4011,59.0108],[-135.3893,58.9883],[-135.4011,58.9733],[-135.3757,58.9258],[-135.3243,58.9153],[-135.3391,58.8897],[-135.3189,58.8518],[-135.2414,58.7822],[-135.232,58.7324],[-135.2468,58.7099],[-135.2264,58.7179],[-135.1943,58.6929],[-135.1416,58.6209],[-135.1446,58.5772],[-135.1634,58.6146],[-135.214,58.6191],[-135.1862,58.6012],[-135.1653,58.5416],[-135.1237,58.5005],[-135.1359,58.4847],[-135.0928,58.4354],[-135.0541,58.3482],[-135.0535,58.2905],[-135.0719,58.3037],[-135.0966,58.2969],[-135.0905,58.2761],[-135.1077,58.265],[-135.0543,58.1906],[-135.3143,58.2458],[-135.3973,58.3249],[-135.4529,58.4281],[-135.4527,58.4557],[-135.4976,58.5033],[-135.5133,58.4951],[-135.4843,58.4756],[-135.4788,58.4503],[-135.5152,58.4752],[-135.4581,58.408],[-135.4753,58.3758],[-135.6188,58.4256],[-135.7217,58.3927],[-135.7618,58.404],[-135.9215,58.3821],[-135.8988,58.4496],[-135.8727,58.463],[-135.9397,58.4498],[-135.9965,58.4692],[-135.9999,58.4818],[-135.9363,58.4988],[-135.9309,58.5169],[-135.9547,58.5205],[-135.9958,58.5923],[-135.9687,58.5796],[-135.9375,58.5951],[-135.9052,58.5746],[-135.8444,58.5991],[-135.9107,58.6171],[-135.9478,58.6627],[-135.9554,58.6988],[-135.9888,58.6907],[-136.0188,58.7231],[-135.9917,58.7328],[-136.0863,58.8106],[-136.0794,58.8295],[-136.0131,58.8553],[-136.0602,58.8548],[-136.0683,58.8869],[-136.0533,58.9183],[-136.126,58.9596],[-136.1118,58.9762],[-136.1619,58.9739],[-136.1505,58.9443],[-136.1082,58.9145],[-136.1372,58.9034],[-136.1051,58.8638],[-136.1522,58.7968],[-136.1515,58.754],[-136.2349,58.7508],[-136.3907,58.8104],[-136.401,58.8296],[-136.4281,58.8179],[-136.489,58.8383],[-136.5317,58.9201],[-136.5306,58.9479],[-136.5586,58.9599],[-136.5904,58.9076],[-136.6587,58.9765],[-136.7112,59.0019],[-136.6228,58.9035],[-136.629,58.8895],[-136.6704,58.8932],[-136.7131,58.9193],[-136.8759,58.9631],[-137.0426,59.0653],[-137.0702,59.0506],[-137.0476,59.0223],[-137.0083,59.0174],[-137.0036,58.9979],[-136.9384,58.9657],[-136.9172,58.9354],[-136.9327,58.918],[-137.0467,58.9153],[-137.0605,58.8875],[-137.134,58.8379],[-137.1008,58.8337],[-136.9997,58.9029],[-136.8447,58.8819],[-136.8171,58.8409],[-136.7999,58.8768],[-136.7457,58.8767],[-136.6632,58.8419],[-136.5603,58.8313],[-136.4883,58.7943],[-136.5102,58.7773],[-136.5513,58.7862],[-136.5854,58.7627],[-136.5447,58.7503],[-136.5237,58.7227],[-136.51,58.7571],[-136.4897,58.7498],[-136.4986,58.737],[-136.4136,58.7261],[-136.3507,58.6878],[-136.3974,58.6538],[-136.5344,58.6],[-136.469,58.5873],[-136.4612,58.6089],[-136.4132,58.6224],[-136.3584,58.597],[-136.3874,58.6267],[-136.3457,58.6471],[-136.3081,58.6231],[-136.33,58.6643],[-136.3133,58.6709],[-136.2083,58.6151],[-136.1973,58.5977],[-136.2283,58.6027],[-136.2182,58.5783],[-136.1961,58.5869],[-136.2037,58.5685],[-136.1556,58.5637],[-136.1432,58.5351],[-136.0993,58.5124],[-136.1021,58.4766],[-136.0724,58.4672],[-136.0869,58.446],[-136.0661,58.4353],[-136.0579,58.3932],[-136.038,58.382],[-136.1063,58.3445],[-136.2074,58.3426],[-136.2184,58.3276],[-136.2817,58.3149],[-136.305,58.3343],[-136.2764,58.3667],[-136.3187,58.3825],[-136.3235,58.3696],[-136.3826,58.3736],[-136.3584,58.3302],[-136.3698,58.3028],[-136.4389,58.3156],[-136.4566,58.3032],[-136.5104,58.3074],[-136.483,58.2833],[-136.518,58.3118],[-136.5618,58.3181],[-136.596,58.3537],[-136.6363,58.3295],[-136.5865,58.2981],[-136.567,58.2448],[-136.5951,58.2167],[-136.6798,58.2096],[-136.7308,58.2668],[-136.6952,58.2828],[-136.6784,58.2721],[-136.6769,58.2971],[-136.7334,58.288],[-136.7407,58.3054],[-136.7586,58.2893],[-136.7913,58.2917],[-136.7931,58.3139],[-136.7706,58.3292],[-136.8003,58.3314],[-136.807,58.3501],[-136.8191,58.336],[-136.8021,58.3224],[-136.8223,58.3084],[-136.8679,58.3101],[-136.874,58.3182],[-136.846,58.3322],[-136.8442,58.3682],[-136.8737,58.3678],[-136.8721,58.3466],[-136.9001,58.3418],[-136.9125,58.3484],[-136.8931,58.3858],[-136.9299,58.3792],[-136.9136,58.3935],[-137.0081,58.4096],[-137.0695,58.4006],[-137.0933,58.3814],[-137.1614,58.4243],[-137.667,58.6145],[-137.6876,58.665],[-137.9382,58.7907],[-137.9452,58.808],[-137.9237,58.8415],[-137.9432,58.8806],[-138.2071,59.0256],[-138.6103,59.123],[-138.8866,59.2369],[-139.3213,59.3468],[-139.857,59.5347],[-139.8652,59.542],[-139.8414,59.5588],[-139.732,59.5465],[-139.7534,59.5569],[-139.738,59.5717],[-139.7152,59.5636],[-139.702,59.5837],[-139.7224,59.6015],[-139.7129,59.6182],[-139.6743,59.6134],[-139.6765,59.5717],[-139.6379,59.5689],[-139.6553,59.5751],[-139.5826,59.6073],[-139.6057,59.6142],[-139.5868,59.6465],[-139.4819,59.6955],[-139.5821,59.7746],[-139.6357,59.8737],[-139.6272,59.9024],[-139.5334,59.9367],[-139.508,59.9855],[-139.4894,59.9921],[-139.5359,60.0432],[-139.5609,60.0437],[-139.5547,60.0326],[-139.5754,60.0116],[-139.6051,59.9996],[-139.6124,59.9489],[-139.7082,59.9249],[-139.7623,59.8834],[-139.7802,59.8265],[-140.3148,59.6927],[-140.875,59.7388],[-141.4231,59.8773],[-141.4575,59.8909],[-141.4837,59.9134],[-141.4716,59.9283],[-141.44,59.9144],[-141.4604,59.9038],[-141.4423,59.8878],[-141.382,59.9288],[-141.2883,59.9328],[-141.29,59.9726],[-141.2593,59.9984],[-141.3285,60.0582],[-141.2907,60.0583],[-141.2213,60.1062],[-141.1557,60.1212],[-141.1414,60.1517],[-141.1685,60.1752],[-141.1593,60.1556],[-141.1847,60.1252],[-141.3438,60.0838],[-141.3756,60.1107],[-141.3667,60.1472],[-141.3801,60.1589],[-141.4385,60.1325],[-141.5493,60.1703],[-141.5557,60.1575],[-141.5281,60.1273],[-141.4773,60.1118],[-141.4476,60.0866],[-141.4673,60.0838],[-141.4623,60.0745],[-141.4076,60.0615],[-141.3681,60.024],[-141.5954,59.9619],[-141.7362,59.9619],[-141.9918,60.0188],[-142.6984,60.0933],[-143.6228,60.0391],[-143.8812,59.9866],[-144.0105,60.0171],[-144.2553,60.0238],[-144.2168,60.0402],[-144.0416,60.0435],[-144.1103,60.0989],[-144.2781,60.1354],[-144.299,60.1446],[-144.2852,60.1567],[-144.3123,60.1635],[-144.2339,60.181],[-144.477,60.1653],[-144.5291,60.1835],[-144.5904,60.1759],[-144.7123,60.2097],[-144.9293,60.2283],[-144.7318,60.264],[-144.8813,60.2906],[-144.9512,60.2847],[-144.9666,60.3063],[-144.8072,60.4619],[-144.8873,60.456],[-144.9207,60.4256],[-145.0532,60.4004],[-145.1006,60.3557],[-145.1251,60.2967],[-145.2194,60.3015],[-145.4968,60.3901],[-145.5088,60.3979],[-145.4944,60.4175],[-145.5954,60.447],[-145.7557,60.4646],[-145.8776,60.4452],[-145.9635,60.4669],[-145.9143,60.4947],[-145.8926,60.4892],[-145.7568,60.5384],[-145.7711,60.5451],[-145.6996,60.5926],[-145.673,60.6312],[-145.6234,60.6509],[-145.6276,60.666],[-145.8334,60.6147],[-145.9027,60.6136],[-145.8127,60.6411],[-145.8388,60.6474],[-145.8989,60.6275],[-145.8748,60.6492],[-145.9026,60.6521],[-145.8445,60.6902],[-145.8983,60.6742],[-145.8836,60.672],[-145.9266,60.6495],[-145.9374,60.6252],[-146.0101,60.6175],[-146.0035,60.6423],[-145.9631,60.6607],[-145.9786,60.6688],[-145.9115,60.6966],[-145.9296,60.7012],[-146.1486,60.6321],[-146.2584,60.6263],[-146.2641,60.6533],[-146.0574,60.7369],[-146.0877,60.7352],[-146.0733,60.7486],[-146.0229,60.7458],[-146.0615,60.7572],[-146.0439,60.774],[-146.0501,60.7893],[-146.1269,60.7329],[-146.1372,60.7304],[-146.12,60.743],[-146.1607,60.7247],[-146.2024,60.7356],[-146.1764,60.7589],[-146.2259,60.7449],[-146.2329,60.7196],[-146.2556,60.7135],[-146.3165,60.7219],[-146.3149,60.7464],[-146.2742,60.7769],[-146.3198,60.7668],[-146.3299,60.7379],[-146.389,60.7157],[-146.4014,60.6935],[-146.4947,60.6695],[-146.5279,60.6901],[-146.5961,60.6951],[-146.6228,60.6814],[-146.6651,60.6935],[-146.6554,60.7068],[-146.701,60.7434],[-146.6264,60.7187],[-146.6268,60.7488],[-146.5971,60.7604],[-146.5762,60.7527],[-146.5755,60.7299],[-146.5359,60.7486],[-146.5139,60.7432],[-146.5217,60.734],[-146.5002,60.7426],[-146.5518,60.7702],[-146.4444,60.7678],[-146.4368,60.7799],[-146.1935,60.8185],[-146.2514,60.8183],[-146.2456,60.8419],[-146.0919,60.8365],[-146.1963,60.8762],[-146.247,60.8586],[-146.2228,60.8728],[-146.2413,60.881],[-146.2896,60.8378],[-146.3539,60.8176],[-146.4154,60.8143],[-146.3836,60.8365],[-146.392,60.8421],[-146.4561,60.8184],[-146.4473,60.8125],[-146.5585,60.8082],[-146.5471,60.8154],[-146.5801,60.8219],[-146.5539,60.8393],[-146.5781,60.8549],[-146.635,60.8179],[-146.6384,60.847],[-146.615,60.8673],[-146.6357,60.887],[-146.662,60.8619],[-146.7042,60.8731],[-146.6974,60.8925],[-146.7374,60.9091],[-146.735,60.9304],[-146.7634,60.9484],[-146.7415,60.9603],[-146.7023,60.9309],[-146.6588,60.9417],[-146.5993,60.9226],[-146.6106,60.9476],[-146.6814,60.9468],[-146.7201,60.9667],[-146.6671,61.0351],[-146.5612,61.0198],[-146.6138,61.037],[-146.574,61.0372],[-146.6543,61.0492],[-146.657,61.0678],[-146.611,61.0853],[-146.234,61.087],[-146.2396,61.1098],[-146.2902,61.1279],[-146.3983,61.1243],[-146.423,61.1358],[-146.5844,61.1155],[-146.5712,61.1364],[-146.6068,61.142],[-146.5918,61.1312],[-146.6472,61.1078],[-146.6961,61.056],[-146.7672,61.0437],[-146.7954,61.0684],[-146.8039,61.0402],[-146.786,61.0415],[-146.8671,60.9703],[-146.9784,60.93],[-147.0515,60.9444],[-146.97,60.9703],[-146.9866,60.9823],[-146.9718,60.9937],[-146.9968,61.0057],[-146.9902,61.0363],[-147.062,61.1186],[-146.9973,61.1451],[-147.0869,61.1553],[-147.1279,61.1329],[-147.0953,61.1127],[-147.1325,61.0892],[-147.1059,61.0772],[-147.092,61.0493],[-147.1098,61.0366],[-147.0881,61.04],[-147.0848,61.026],[-147.1487,60.9761],[-147.1386,60.9411],[-147.1803,60.9311],[-147.1861,60.9457],[-147.2162,60.9478],[-147.2221,61.0082],[-147.2528,60.9765],[-147.2824,60.9746],[-147.2556,60.9479],[-147.2594,60.9174],[-147.2669,60.929],[-147.2817,60.9164],[-147.3322,60.93],[-147.3032,60.9062],[-147.3291,60.9076],[-147.3831,60.8714],[-147.3696,60.884],[-147.3887,60.8991],[-147.4532,60.8949],[-147.4383,60.9158],[-147.4027,60.9223],[-147.4562,60.9218],[-147.3913,60.9659],[-147.4087,60.9706],[-147.4518,60.9406],[-147.4721,60.9568],[-147.4562,60.9908],[-147.4084,61.0114],[-147.4496,61.0065],[-147.4776,60.9844],[-147.5092,60.9258],[-147.4928,60.9076],[-147.5122,60.9117],[-147.5178,60.8932],[-147.552,60.9009],[-147.5314,60.9317],[-147.5503,60.9794],[-147.521,61.0121],[-147.5448,61.0165],[-147.523,61.0357],[-147.5424,61.0508],[-147.4807,61.0697],[-147.5116,61.0789],[-147.5438,61.1357],[-147.5168,61.1438],[-147.5483,61.1497],[-147.5713,61.1301],[-147.5518,61.0926],[-147.6026,61.0295],[-147.584,61.0196],[-147.5956,61.0009],[-147.6252,60.9644],[-147.6732,60.9588],[-147.5947,60.9546],[-147.6139,60.918],[-147.5977,60.9139],[-147.5994,60.8942],[-147.6411,60.8938],[-147.5906,60.883],[-147.6004,60.8501],[-147.6731,60.8421],[-147.6636,60.8533],[-147.6824,60.8711],[-147.6628,60.8746],[-147.6603,60.8923],[-147.6984,60.8771],[-147.7388,60.8893],[-147.7194,60.8971],[-147.7334,60.9033],[-147.7165,60.9334],[-147.7334,60.9398],[-147.761,60.9129],[-147.8094,60.9165],[-147.7656,60.9024],[-147.787,60.8728],[-147.8133,60.8682],[-147.7502,60.8521],[-147.7325,60.8157],[-147.7501,60.8128],[-147.7542,60.8277],[-147.7776,60.8096],[-147.8317,60.816],[-147.7994,60.8438],[-147.8104,60.8495],[-147.8535,60.822],[-147.8782,60.8278],[-147.9085,60.8492],[-147.9167,60.8878],[-147.9489,60.8959],[-147.9308,60.8757],[-147.9495,60.8488],[-147.9196,60.8315],[-147.9195,60.811],[-147.9615,60.8028],[-147.9811,60.8251],[-147.9907,60.792],[-148.0339,60.7821],[-148.1444,60.7971],[-148.147,60.8283],[-148.0962,60.8917],[-148.104,60.9118],[-147.9512,61.0114],[-147.9402,61.044],[-147.9089,61.067],[-147.949,61.0717],[-147.7635,61.1855],[-147.6206,61.2289],[-147.7634,61.2059],[-147.6971,61.2634],[-147.7306,61.2738],[-147.9928,61.0957],[-148.0011,61.0541],[-148.0674,61.0041],[-148.0901,61.0051],[-148.1211,61.044],[-148.1221,61.0685],[-148.1532,61.0998],[-148.1411,61.1262],[-148.1786,61.1151],[-148.1955,61.0845],[-148.2911,61.0819],[-148.3027,61.0786],[-148.2936,61.0669],[-148.4089,61.0511],[-148.3575,61.0351],[-148.4413,60.9837],[-148.432,60.9715],[-148.3792,60.9831],[-148.2869,61.0469],[-148.1649,61.0702],[-148.1924,60.9692],[-148.2186,60.9519],[-148.2392,60.9587],[-148.2454,60.9361],[-148.3184,60.9535],[-148.2922,60.9205],[-148.2654,60.9143],[-148.3101,60.8667],[-148.2901,60.8631],[-148.3063,60.835],[-148.3733,60.8588],[-148.4016,60.8455],[-148.3432,60.8221],[-148.3397,60.8069],[-148.3866,60.8037],[-148.427,60.829],[-148.5135,60.8358],[-148.5375,60.8207],[-148.6053,60.8254],[-148.7184,60.7861],[-148.7146,60.7752],[-148.6659,60.7778],[-148.5596,60.8072],[-148.5499,60.8012],[-148.5668,60.7833],[-148.495,60.8067],[-148.4524,60.7998],[-148.4672,60.7821],[-148.5877,60.7663],[-148.6699,60.7192],[-148.6823,60.6835],[-148.6213,60.7208],[-148.6516,60.6836],[-148.711,60.664],[-148.6799,60.6681],[-148.687,60.6466],[-148.524,60.7642],[-148.4496,60.7525],[-148.396,60.7793],[-148.3621,60.7663],[-148.3765,60.7576],[-148.363,60.7391],[-148.4018,60.7141],[-148.391,60.7017],[-148.4017,60.6952],[-148.3814,60.6824],[-148.4494,60.6517],[-148.4225,60.6382],[-148.4301,60.615],[-148.3893,60.6511],[-148.3518,60.6559],[-148.3619,60.6709],[-148.3499,60.6905],[-148.2695,60.7574],[-148.1557,60.759],[-148.1034,60.7371],[-148.1111,60.7071],[-148.0897,60.6612],[-148.1258,60.6397],[-148.1687,60.6309],[-148.185,60.6657],[-148.2298,60.6968],[-148.2456,60.6921],[-148.2054,60.6504],[-148.2113,60.6287],[-148.1903,60.6076],[-148.2968,60.5676],[-148.3239,60.5251],[-148.4085,60.5458],[-148.4408,60.5634],[-148.4294,60.5774],[-148.4986,60.5697],[-148.5589,60.5518],[-148.7159,60.4596],[-148.706,60.4433],[-148.6681,60.4465],[-148.5697,60.505],[-148.4477,60.5455],[-148.4289,60.5316],[-148.4384,60.5161],[-148.3675,60.5118],[-148.4054,60.4981],[-148.3971,60.492],[-148.3267,60.4984],[-148.3588,60.4749],[-148.2662,60.4878],[-148.2613,60.4619],[-148.2823,60.4312],[-148.2427,60.4454],[-148.2309,60.4693],[-148.2523,60.5077],[-148.1911,60.5603],[-148.1836,60.5057],[-148.1571,60.4983],[-148.1695,60.5417],[-148.1473,60.5824],[-148.0824,60.5957],[-148.0706,60.5618],[-148.0363,60.5604],[-148.0787,60.5458],[-148.0931,60.5207],[-148.035,60.546],[-148.0039,60.5384],[-148.0129,60.517],[-147.981,60.5199],[-147.9601,60.5014],[-148.0096,60.4617],[-147.9871,60.4604],[-147.9992,60.4427],[-147.9556,60.4628],[-147.9362,60.4375],[-147.9593,60.4182],[-148.0779,60.3907],[-148.0982,60.3716],[-148.1532,60.3907],[-148.1277,60.3526],[-148.1712,60.3344],[-148.2195,60.3453],[-148.2093,60.3003],[-148.3271,60.2616],[-148.3159,60.245],[-148.3401,60.2456],[-148.3451,60.2865],[-148.4074,60.2732],[-148.3394,60.2354],[-148.4549,60.1784],[-148.3685,60.2062],[-148.3506,60.1954],[-148.2758,60.2493],[-148.215,60.2606],[-148.183,60.2475],[-148.2571,60.2371],[-148.2473,60.2278],[-148.2951,60.2086],[-148.2261,60.2252],[-148.1877,60.2137],[-148.2148,60.1464],[-148.17,60.1735],[-148.1807,60.1764],[-148.1475,60.2067],[-148.1413,60.2396],[-148.0868,60.2142],[-148.1321,60.1845],[-148.1208,60.1673],[-148.1381,60.1616],[-148.113,60.1536],[-148.1178,60.1311],[-148.0889,60.1397],[-148.0824,60.1917],[-148.0428,60.1969],[-148.0617,60.149],[-148.1004,60.1173],[-148.0853,60.1083],[-148.1504,60.0353],[-148.2303,60.0125],[-148.3161,60.0281],[-148.1918,60.0353],[-148.306,60.0526],[-148.1831,60.0705],[-148.2925,60.0887],[-148.3039,60.118],[-148.2801,60.1656],[-148.3321,60.1614],[-148.3343,60.176],[-148.3472,60.1501],[-148.3597,60.1527],[-148.3447,60.1391],[-148.3867,60.1089],[-148.3657,60.0865],[-148.3979,60.0588],[-148.4013,60.0307],[-148.4478,60.0276],[-148.3978,60.0096],[-148.4017,59.9778],[-148.4446,59.9426],[-148.4805,59.9581],[-148.4748,59.9731],[-148.4939,59.9815],[-148.4742,60.0037],[-148.5116,60.0021],[-148.5461,60.0321],[-148.5552,59.9554],[-148.6348,59.9157],[-148.6757,59.9226],[-148.6679,59.9378],[-148.6806,59.9442],[-148.7197,59.938],[-148.7576,59.9587],[-148.8596,59.9244],[-148.8846,59.9295],[-148.9184,59.9712],[-148.9576,59.9737],[-149.0182,59.9489],[-149.0327,59.9668],[-149.082,59.9543],[-149.1248,59.9648],[-149.125,59.9806],[-149.0849,59.9906],[-149.0932,60.0035],[-149.0374,60.0405],[-149.0707,60.0554],[-149.1663,60.0288],[-149.1807,60.0032],[-149.2085,60.0065],[-149.2024,59.9887],[-149.2282,59.9803],[-149.2074,59.979],[-149.248,59.9481],[-149.2171,59.9418],[-149.2735,59.9142],[-149.2347,59.9094],[-149.2862,59.8672],[-149.3037,59.9237],[-149.3006,59.9614],[-149.2852,59.9656],[-149.2981,59.9794],[-149.3235,59.9727],[-149.3237,59.9879],[-149.2884,60.0127],[-149.3353,60.0071],[-149.3429,60.0766],[-149.3685,60.0935],[-149.3618,60.1153],[-149.4243,60.1228],[-149.4453,60.0968],[-149.4349,60.0707],[-149.445,60.0339],[-149.3865,59.9838],[-149.4305,59.979],[-149.4642,59.9186],[-149.5076,59.9312],[-149.5636,59.9052],[-149.5551,59.8784],[-149.5842,59.8749],[-149.5727,59.8523],[-149.5933,59.8542],[-149.6262,59.8182],[-149.596,59.8074],[-149.5898,59.7669],[-149.5615,59.7795],[-149.5346,59.7777],[-149.5544,59.7736],[-149.5353,59.7578],[-149.5657,59.7511],[-149.5387,59.7445],[-149.546,59.73],[-149.5116,59.736],[-149.5312,59.7237],[-149.5251,59.7051],[-149.5522,59.7146],[-149.5429,59.7276],[-149.5855,59.7196],[-149.5724,59.7304],[-149.5813,59.7465],[-149.6145,59.7269],[-149.6409,59.7379],[-149.6065,59.7469],[-149.618,59.7569],[-149.5734,59.7587],[-149.6109,59.7645],[-149.6018,59.7865],[-149.6408,59.7618],[-149.6535,59.7738],[-149.608,59.7993],[-149.6585,59.7932],[-149.6643,59.8023],[-149.6453,59.8077],[-149.6697,59.8125],[-149.6448,59.817],[-149.671,59.826],[-149.6374,59.8314],[-149.6682,59.8358],[-149.669,59.8476],[-149.6299,59.8562],[-149.6377,59.866],[-149.6164,59.8787],[-149.6687,59.8694],[-149.6378,59.8963],[-149.6637,59.9068],[-149.6662,59.9299],[-149.6921,59.9521],[-149.7413,59.9476],[-149.7169,59.8835],[-149.753,59.8641],[-149.7487,59.8235],[-149.8011,59.8514],[-149.8722,59.8535],[-149.7602,59.7932],[-149.7891,59.7847],[-149.7674,59.7742],[-149.7816,59.7612],[-149.7563,59.7648],[-149.7698,59.7452],[-149.7303,59.7197],[-149.7504,59.6957],[-149.7247,59.6934],[-149.7642,59.6893],[-149.7399,59.6386],[-149.7813,59.6503],[-149.7662,59.6642],[-149.7947,59.6575],[-149.7815,59.6791],[-149.8105,59.6781],[-149.7948,59.6871],[-149.8257,59.684],[-149.7663,59.7053],[-149.7913,59.7145],[-149.8298,59.7015],[-149.8116,59.7175],[-149.8401,59.7148],[-149.8457,59.7394],[-149.8867,59.7403],[-149.9086,59.7697],[-149.9707,59.7704],[-150.016,59.8016],[-150.051,59.7914],[-150.0415,59.8181],[-150.0794,59.8443],[-150.0602,59.8078],[-150.0779,59.7621],[-150.0413,59.7773],[-149.968,59.7511],[-149.958,59.7364],[-149.9769,59.7197],[-149.9255,59.7298],[-149.9212,59.6911],[-149.9477,59.6556],[-150.011,59.6622],[-149.9966,59.6397],[-150.0344,59.6125],[-150.0576,59.6619],[-150.1341,59.6938],[-150.1302,59.6764],[-150.0869,59.6504],[-150.0998,59.6113],[-150.114,59.6024],[-150.1401,59.623],[-150.1649,59.6194],[-150.0834,59.578],[-150.1618,59.5602],[-150.1858,59.5704],[-150.1796,59.5845],[-150.2128,59.5784],[-150.1771,59.5344],[-150.2174,59.519],[-150.2124,59.5427],[-150.2347,59.5262],[-150.2654,59.5335],[-150.2343,59.4994],[-150.2566,59.4846],[-150.2963,59.4967],[-150.2879,59.4777],[-150.3137,59.4843],[-150.3292,59.4503],[-150.285,59.4599],[-150.3079,59.4416],[-150.2926,59.4336],[-150.2954,59.4167],[-150.3137,59.4153],[-150.3025,59.424],[-150.331,59.4416],[-150.349,59.4153],[-150.3704,59.4247],[-150.358,59.4359],[-150.3926,59.4301],[-150.376,59.4072],[-150.3928,59.3847],[-150.4338,59.3967],[-150.4045,59.407],[-150.4266,59.415],[-150.3987,59.4229],[-150.4189,59.4364],[-150.3928,59.4322],[-150.4026,59.4457],[-150.3447,59.4384],[-150.3512,59.4616],[-150.4034,59.4624],[-150.3409,59.4802],[-150.3788,59.4988],[-150.3315,59.5019],[-150.3686,59.5194],[-150.3465,59.5215],[-150.3455,59.542],[-150.3184,59.5537],[-150.3251,59.5637],[-150.2898,59.5799],[-150.3177,59.5921],[-150.2635,59.6288],[-150.2849,59.6407],[-150.2254,59.705],[-150.2235,59.7449],[-150.3074,59.6574],[-150.3194,59.6249],[-150.4111,59.5579],[-150.4787,59.4585],[-150.5177,59.4621],[-150.5232,59.4806],[-150.4885,59.487],[-150.4776,59.5106],[-150.5328,59.496],[-150.5624,59.5112],[-150.5196,59.5203],[-150.5709,59.5304],[-150.4915,59.5798],[-150.5212,59.6064],[-150.5613,59.5944],[-150.6053,59.5374],[-150.6644,59.5415],[-150.5801,59.4922],[-150.5808,59.4682],[-150.6587,59.4702],[-150.5812,59.4452],[-150.6051,59.4232],[-150.6526,59.4157],[-150.7009,59.433],[-150.7379,59.424],[-150.7705,59.3752],[-150.8438,59.3575],[-150.8803,59.3189],[-150.9522,59.3073],[-150.9111,59.3002],[-150.8894,59.2672],[-150.9381,59.234],[-150.9919,59.2313],[-150.9984,59.2171],[-150.9648,59.1967],[-151.0211,59.2202],[-151.0051,59.2253],[-151.0218,59.2492],[-150.9762,59.2573],[-151.0014,59.2657],[-150.9747,59.2783],[-151.0324,59.2758],[-151.0257,59.2864],[-151.0445,59.3003],[-151.0272,59.3248],[-151.0915,59.2692],[-151.1268,59.2905],[-151.313,59.3103],[-151.1021,59.2549],[-151.0968,59.2243],[-151.1235,59.2115],[-151.1841,59.2036],[-151.2175,59.2226],[-151.2499,59.2021],[-151.2638,59.227],[-151.3016,59.2416],[-151.2871,59.2248],[-151.3035,59.2096],[-151.4145,59.2585],[-151.4485,59.2484],[-151.445,59.2346],[-151.556,59.229],[-151.46,59.21],[-151.4694,59.2033],[-151.5663,59.2071],[-151.6334,59.1874],[-151.5724,59.174],[-151.5923,59.1621],[-151.7442,59.1574],[-151.7648,59.1773],[-151.7585,59.2157],[-151.7209,59.2064],[-151.7042,59.2238],[-151.7585,59.2248],[-151.8246,59.2031],[-151.9181,59.2288],[-151.8769,59.2382],[-151.8855,59.2499],[-151.9771,59.2556],[-151.9914,59.3127],[-151.9672,59.3227],[-151.9631,59.345],[-151.9202,59.3605],[-151.8354,59.3537],[-151.7769,59.3193],[-151.7603,59.3241],[-151.8005,59.3576],[-151.908,59.3953],[-151.8878,59.4248],[-151.7424,59.4536],[-151.7425,59.4277],[-151.6852,59.3949],[-151.7179,59.4226],[-151.721,59.452],[-151.6516,59.4849],[-151.6045,59.4756],[-151.5708,59.4862],[-151.5594,59.4681],[-151.5035,59.4835],[-151.4336,59.461],[-151.4728,59.4957],[-151.4403,59.5422],[-151.3859,59.5432],[-151.3203,59.5778],[-151.2694,59.5715],[-151.2748,59.597],[-151.1643,59.587],[-151.1654,59.6013],[-151.1895,59.6051],[-151.2007,59.6447],[-151.1111,59.6681],[-151.1228,59.6778],[-151.1137,59.6979],[-151.0695,59.7287],[-151.045,59.7243],[-151.051,59.7478],[-151.0172,59.7469],[-151.017,59.7605],[-150.9273,59.7934],[-151.0897,59.7865],[-151.2459,59.7168],[-151.4248,59.6705],[-151.4914,59.635],[-151.4151,59.5993],[-151.4978,59.6318],[-151.6799,59.6597],[-151.8232,59.7184],[-151.8714,59.7703],[-151.7996,59.8819],[-151.7514,59.923],[-151.7029,60.0323],[-151.4217,60.2129],[-151.3885,60.2691],[-151.3773,60.3655],[-151.2962,60.3923],[-151.2639,60.5468],[-151.3367,60.5876],[-151.3548,60.6419],[-151.4093,60.7206],[-151.2796,60.7477],[-151.2459,60.7764],[-151.036,60.7931],[-150.6873,60.9554],[-150.3772,61.0391],[-150.1941,60.9013],[-150.0225,60.8841],[-150.0083,60.8619],[-149.9895,60.8705],[-149.989,60.8937],[-149.9487,60.8986],[-149.8722,60.9603],[-149.7671,60.9682],[-149.6693,60.9449],[-149.6459,60.9238],[-149.5658,60.9354],[-149.4308,60.902],[-149.1151,60.8776],[-149.0049,60.8317],[-149.0085,60.8548],[-149.0779,60.9039],[-149.1874,60.9436],[-149.3555,60.9253],[-149.3769,60.9453],[-149.5028,60.9853],[-149.6083,60.9845],[-149.7421,61.0188],[-149.8516,61.0872],[-149.9692,61.1325],[-150.0746,61.1563],[-150.0196,61.2037],[-149.9706,61.1992],[-149.9024,61.2214],[-149.8118,61.3152],[-149.7202,61.3342],[-149.7204,61.3718],[-149.7024,61.3821],[-149.5619,61.4101],[-149.5305,61.4021],[-149.4152,61.4577],[-149.2827,61.4747],[-149.4011,61.5175],[-149.6149,61.4947],[-149.7574,61.4468],[-149.8117,61.3984],[-149.8856,61.3798],[-149.9164,61.3315],[-149.9172,61.2675],[-149.9859,61.2375],[-150.2049,61.2595],[-150.4688,61.2446],[-150.5278,61.268],[-150.5517,61.2947],[-150.6111,61.2769],[-150.6559,61.2936],[-150.7075,61.2542],[-150.8742,61.2109],[-150.9421,61.2093],[-151.0257,61.1754],[-151.1647,61.0468],[-151.2936,61.0357],[-151.3496,61.0103],[-151.4935,61.0111],[-151.7139,60.9165],[-151.8002,60.8548],[-151.7891,60.8217],[-151.706,60.7324],[-151.7104,60.7127],[-151.8471,60.7496],[-151.963,60.7196],[-152.098,60.6431],[-152.0833,60.6332],[-152.1005,60.6005],[-152.2426,60.5493],[-152.3091,60.5072],[-152.3325,60.4704],[-152.3224,60.4292],[-152.2365,60.3946],[-152.3072,60.3604],[-152.372,60.3514],[-152.408,60.2921],[-152.501,60.2689],[-152.5576,60.2223],[-152.6269,60.2194],[-152.6704,60.2443],[-152.6841,60.2329],[-152.7209,60.2423],[-152.7394,60.2234],[-152.885,60.2423],[-152.8211,60.2053],[-152.6784,60.1661],[-152.6864,60.1377],[-152.573,60.0785],[-152.6,60.0169],[-152.6773,59.9688],[-152.6988,59.9204],[-152.8169,59.8765],[-153.0088,59.8862],[-153.1973,59.8579],[-153.2352,59.8275],[-153.1462,59.8075],[-153.0897,59.8336],[-153.0214,59.8345],[-152.9914,59.8105],[-153.049,59.6956],[-153.1351,59.6799],[-153.1559,59.656],[-153.2201,59.6354],[-153.2491,59.633],[-153.2913,59.6707],[-153.3196,59.664],[-153.302,59.6372],[-153.3161,59.6258],[-153.4263,59.6423],[-153.389,59.6644],[-153.3719,59.6958],[-153.3814,59.7151],[-153.3365,59.7214],[-153.4532,59.7729],[-153.4632,59.7642],[-153.4445,59.6983],[-153.4773,59.6438],[-153.5612,59.6234],[-153.6117,59.6745],[-153.5997,59.6971],[-153.63,59.6847],[-153.63,59.6431],[-153.7041,59.6365],[-153.679,59.6217],[-153.6209,59.6307],[-153.5558,59.5966],[-153.5931,59.5511],[-153.7674,59.5391],[-153.7748,59.5248],[-153.7339,59.5058],[-153.7035,59.4665],[-153.7414,59.4491],[-153.7275,59.4353],[-153.8962,59.4191],[-153.9488,59.3843],[-153.9799,59.3989],[-154.0163,59.3748],[-154.0454,59.3896],[-154.1004,59.3664],[-154.1408,59.371],[-154.0964,59.3441],[-153.9913,59.3557],[-153.9889,59.372],[-153.9446,59.3615],[-154.111,59.3027],[-154.1445,59.2261],[-154.1186,59.2105],[-154.1268,59.1973],[-154.1816,59.1907],[-154.1721,59.1751],[-154.227,59.1691],[-154.243,59.1572],[-154.2128,59.1585],[-154.2138,59.1515],[-154.2657,59.1404],[-154.2494,59.1309],[-154.2537,59.1154],[-154.1744,59.121],[-154.1686,59.1016],[-154.1971,59.0908],[-154.1664,59.0919],[-154.2008,59.062],[-154.1812,59.069],[-154.1925,59.0465],[-154.1609,59.0207],[-154.0636,59.0727],[-153.8537,59.0543],[-153.7876,59.0787],[-153.7249,59.0682],[-153.7125,59.0771],[-153.7307,59.0859],[-153.7101,59.0854],[-153.6091,59.0063],[-153.5277,58.9835],[-153.4863,58.9995],[-153.4424,58.9733],[-153.4049,58.9731],[-153.3755,58.9316],[-153.3262,58.9223],[-153.3219,58.8836],[-153.2862,58.8747],[-153.3411,58.8665],[-153.3072,58.8533],[-153.2643,58.8651],[-153.251,58.8512],[-153.2821,58.8366],[-153.3532,58.8429],[-153.3873,58.7623],[-153.4276,58.7208],[-153.5562,58.6858],[-153.5927,58.6338],[-153.6776,58.6116],[-153.8972,58.6062],[-153.9045,58.5828],[-153.8792,58.575],[-153.913,58.5527],[-153.9226,58.5249],[-153.9569,58.5281],[-153.9454,58.5128],[-153.9117,58.5151],[-153.9331,58.4949],[-154.0514,58.4906],[-154.0778,58.4761],[-154.08,58.4319],[-154.052,58.4042],[-153.9876,58.3922],[-154.0011,58.3764],[-154.0545,58.3549],[-154.1009,58.3582],[-154.0961,58.344],[-154.1984,58.3548],[-154.2111,58.3476],[-154.177,58.3358],[-154.3527,58.2854],[-154.2857,58.2603],[-154.2543,58.2726],[-154.2609,58.2939],[-154.2069,58.2897],[-154.1809,58.3205],[-154.1057,58.2771],[-154.2309,58.2595],[-154.1528,58.2337],[-154.1465,58.2116],[-154.1766,58.2141],[-154.1704,58.1937],[-154.2227,58.1841],[-154.2832,58.1998],[-154.2615,58.1784],[-154.2995,58.1947],[-154.2743,58.1609],[-154.2128,58.1349],[-154.2723,58.1288],[-154.3384,58.1571],[-154.3181,58.0832],[-154.3742,58.095],[-154.3658,58.1039],[-154.3787,58.1165],[-154.4356,58.1472],[-154.4351,58.1739],[-154.4845,58.1922],[-154.4571,58.1491],[-154.4723,58.1461],[-154.4483,58.0958],[-154.4628,58.0803],[-154.6143,58.118],[-154.5979,58.0957],[-154.5537,58.0937],[-154.5596,58.0809],[-154.5381,58.0683],[-154.5684,58.0238],[-154.6411,58.0316],[-154.6433,58.0579],[-154.6708,58.0628],[-154.7224,58.0507],[-154.7283,58.016],[-154.7697,58.0023],[-154.8795,58.0246],[-154.9573,58.0015],[-155.0289,58.0],[-155.0429,57.9538],[-155.1167,57.946],[-155.0635,57.904],[-155.0841,57.8737],[-155.1985,57.8521],[-155.2115,57.8582],[-155.2036,57.8712],[-155.249,57.8699],[-155.2175,57.8373],[-155.3389,57.8255],[-155.3262,57.7967],[-155.2872,57.8007],[-155.3652,57.7875],[-155.2863,57.7567],[-155.3014,57.7248],[-155.3814,57.7119],[-155.4212,57.7459],[-155.5019,57.7547],[-155.5607,57.7901],[-155.5976,57.7851],[-155.6196,57.7691],[-155.612,57.7486],[-155.6357,57.7056],[-155.6099,57.6862],[-155.5851,57.6886],[-155.5881,57.6643],[-155.7339,57.6324],[-155.7777,57.6385],[-155.7267,57.6153],[-155.7422,57.6017],[-155.7275,57.5781],[-155.7315,57.5443],[-155.7972,57.5447],[-155.8225,57.5562],[-155.8154,57.5738],[-155.8265,57.5767],[-155.8768,57.5451],[-155.9337,57.5338],[-156.0332,57.5683],[-156.0451,57.5616],[-156.0262,57.5215],[-156.0453,57.5177],[-156.0456,57.498],[-156.0133,57.4508],[-156.0233,57.4339],[-156.1076,57.4392],[-156.1303,57.4681],[-156.1957,57.4801],[-156.2137,57.4641],[-156.2132,57.438],[-156.3279,57.4229],[-156.4804,57.3398],[-156.4953,57.3167],[-156.488,57.331],[-156.5335,57.3285],[-156.5485,57.3016],[-156.5342,57.2825],[-156.393,57.318],[-156.3285,57.3176],[-156.3434,57.3031],[-156.3151,57.2937],[-156.3376,57.2499],[-156.3853,57.2447],[-156.4037,57.2231],[-156.3814,57.1991],[-156.3178,57.1873],[-156.3682,57.143],[-156.4068,57.1394],[-156.4102,57.1219],[-156.4657,57.1249],[-156.4693,57.1121],[-156.4344,57.1076],[-156.4279,57.1026],[-156.4489,57.1013],[-156.4408,57.0825],[-156.4761,57.0774],[-156.5149,57.0482],[-156.6109,57.049],[-156.5534,57.0081],[-156.558,56.977],[-156.6556,57.0044],[-156.6714,56.9961],[-156.7156,57.0378],[-156.7745,57.0337],[-156.7805,57.0223],[-156.7471,56.9984],[-156.7879,56.966],[-156.8064,56.9049],[-156.8402,56.901],[-156.8863,56.964],[-156.9236,56.9625],[-156.9442,56.9258],[-156.9338,56.9177],[-157.0271,56.8913],[-157.0856,56.8193],[-157.0977,56.8333],[-157.1481,56.829],[-157.1436,56.7853],[-157.2007,56.7644],[-157.3832,56.8621],[-157.4369,56.8585],[-157.4712,56.8335],[-157.4671,56.8193],[-157.4509,56.8022],[-157.4211,56.8017],[-157.4016,56.7629],[-157.5097,56.7648],[-157.5618,56.706],[-157.544,56.6754],[-157.4761,56.6697],[-157.4501,56.6412],[-157.4668,56.6228],[-157.6778,56.6082],[-157.7368,56.6756],[-157.7637,56.6792],[-157.8287,56.6616],[-157.8411,56.6438],[-157.9185,56.6431],[-157.9846,56.5972],[-158.0274,56.6026],[-158.0572,56.5728],[-158.1018,56.5678],[-158.1338,56.5403],[-158.1254,56.5285],[-157.9112,56.5748],[-157.84,56.5666],[-157.8206,56.5578],[-157.8337,56.5382],[-157.816,56.5143],[-157.863,56.4729],[-158.1354,56.5221],[-158.1543,56.5074],[-158.1143,56.4897],[-158.1301,56.4609],[-158.2455,56.4604],[-158.3263,56.4831],[-158.4053,56.4537],[-158.5054,56.3778],[-158.4954,56.3343],[-158.4328,56.3435],[-158.4291,56.3262],[-158.3973,56.3289],[-158.411,56.3084],[-158.4017,56.295],[-158.3313,56.3248],[-158.1958,56.286],[-158.3107,56.2364],[-158.4044,56.242],[-158.3785,56.2272],[-158.3991,56.2038],[-158.3638,56.2188],[-158.298,56.2121],[-158.3385,56.1805],[-158.3107,56.1791],[-158.1749,56.2362],[-158.1145,56.2393],[-158.1572,56.2282],[-158.1508,56.2138],[-158.1786,56.2125],[-158.1863,56.1921],[-158.3483,56.1542],[-158.3366,56.1364],[-158.3487,56.1244],[-158.3755,56.1334],[-158.3854,56.1879],[-158.407,56.1257],[-158.4427,56.1382],[-158.3944,56.0901],[-158.4003,56.0619],[-158.4265,56.0696],[-158.4496,56.1184],[-158.465,56.1047],[-158.4918,56.1133],[-158.5012,56.0942],[-158.4776,56.0931],[-158.4603,56.0687],[-158.4936,56.0488],[-158.4523,56.0269],[-158.4419,56.033],[-158.4581,56.055],[-158.4097,56.0438],[-158.4107,56.0119],[-158.4314,55.9928],[-158.5039,56.0379],[-158.4951,55.9892],[-158.5077,55.9789],[-158.554,56.0215],[-158.5521,56.0417],[-158.5319,56.0391],[-158.4925,56.0703],[-158.5869,56.037],[-158.5984,56.0488],[-158.5924,56.0693],[-158.5483,56.0807],[-158.5936,56.0821],[-158.5849,56.1049],[-158.5954,56.1097],[-158.5672,56.1234],[-158.5423,56.114],[-158.5577,56.1341],[-158.5373,56.1574],[-158.4874,56.1598],[-158.5183,56.1786],[-158.495,56.1838],[-158.5214,56.1881],[-158.4552,56.1901],[-158.6219,56.202],[-158.5502,56.1716],[-158.6365,56.1132],[-158.6646,56.1192],[-158.6407,56.1367],[-158.6494,56.1478],[-158.7241,56.1558],[-158.6719,56.1406],[-158.6668,56.1263],[-158.6968,56.1063],[-158.6484,56.0886],[-158.6675,56.0773],[-158.6566,56.0734],[-158.665,56.0551],[-158.7255,56.0493],[-158.7171,56.0337],[-158.6652,56.036],[-158.64,56.0197],[-158.6396,55.9845],[-158.6934,55.9823],[-158.6538,55.9632],[-158.6679,55.9507],[-158.7014,55.9676],[-158.7348,55.9521],[-158.7507,55.961],[-158.7142,55.9784],[-158.7308,55.9863],[-158.7191,56.0033],[-158.7327,56.0152],[-158.7715,56.0193],[-158.7707,56.0015],[-158.7962,55.9853],[-158.8437,56.0154],[-158.9131,55.9154],[-158.9285,55.9318],[-158.9966,55.9303],[-159.0119,55.9198],[-159.0082,55.8901],[-159.0861,55.9242],[-159.1531,55.9088],[-159.174,55.8886],[-159.2059,55.8996],[-159.2755,55.8908],[-159.2906,55.8643],[-159.3145,55.8571],[-159.3203,55.875],[-159.355,55.8768],[-159.4011,55.8567],[-159.398,55.7977],[-159.4197,55.7868],[-159.4727,55.8306],[-159.4615,55.8619],[-159.4722,55.8736],[-159.4541,55.8962],[-159.532,55.8867],[-159.5474,55.8659],[-159.5178,55.8711],[-159.5315,55.8486],[-159.5124,55.8466],[-159.4944,55.7658],[-159.5553,55.7107],[-159.5335,55.6976],[-159.5396,55.6694],[-159.5215,55.6675],[-159.5503,55.6428],[-159.5814,55.642],[-159.6218,55.5923],[-159.5958,55.5648],[-159.6616,55.5842],[-159.734,55.569],[-159.6969,55.6022],[-159.7472,55.602],[-159.6787,55.6192],[-159.6294,55.6087],[-159.6392,55.6269],[-159.6158,55.6327],[-159.6167,55.6457],[-159.7076,55.6589],[-159.6717,55.6889],[-159.6285,55.6998],[-159.6791,55.7398],[-159.6063,55.8105],[-159.7256,55.8505],[-159.821,55.8562],[-159.8591,55.8443],[-159.8439,55.8311],[-159.8464,55.8023],[-159.8732,55.7838],[-159.9597,55.82],[-159.973,55.8148],[-159.9694,55.7742],[-160.0012,55.7971],[-160.0322,55.7872],[-160.0499,55.7604],[-160.0211,55.7473],[-160.0183,55.7194],[-160.093,55.7222],[-160.0555,55.6964],[-160.1119,55.7058],[-160.1215,55.7277],[-160.1529,55.7387],[-160.1338,55.7242],[-160.1344,55.6622],[-160.2134,55.6552],[-160.2392,55.6665],[-160.2584,55.6538],[-160.2425,55.6431],[-160.2795,55.6387],[-160.4216,55.6611],[-160.433,55.64],[-160.3554,55.6079],[-160.4453,55.5744],[-160.4318,55.566],[-160.4479,55.5654],[-160.4605,55.5073],[-160.5034,55.4764],[-160.5375,55.4747],[-160.597,55.5768],[-160.5953,55.5987],[-160.5738,55.6075],[-160.5952,55.6087],[-160.6198,55.6006],[-160.6114,55.5793],[-160.6486,55.5493],[-160.7169,55.5583],[-160.7711,55.5433],[-160.7599,55.5271],[-160.6621,55.5192],[-160.65,55.4833],[-160.6696,55.4609],[-160.7979,55.4564],[-160.8378,55.4721],[-160.8271,55.5133],[-160.9079,55.5248],[-160.9465,55.5076],[-160.9973,55.4403],[-161.2421,55.3562],[-161.3325,55.3588],[-161.314,55.3729],[-161.3478,55.3839],[-161.4539,55.3576],[-161.5039,55.3609],[-161.5155,55.3884],[-161.4831,55.4156],[-161.4723,55.4624],[-161.4733,55.4842],[-161.4922,55.4868],[-161.3744,55.572],[-161.3588,55.6106],[-161.4548,55.6336],[-161.5876,55.6198],[-161.6325,55.584],[-161.6314,55.565],[-161.7006,55.5183],[-161.6875,55.5059],[-161.7007,55.4345],[-161.6884,55.4042],[-161.8608,55.2709],[-161.8783,55.2237],[-161.9034,55.2049],[-161.9777,55.2357],[-162.0393,55.227],[-161.9973,55.188],[-162.0162,55.1706],[-161.9656,55.1619],[-161.9626,55.1371],[-161.941,55.1243],[-161.964,55.1041],[-162.0558,55.0718],[-162.1377,55.1128],[-162.1051,55.1269],[-162.1194,55.1346],[-162.1113,55.1482],[-162.1707,55.155],[-162.2275,55.1069],[-162.1896,55.0624],[-162.2205,55.0266],[-162.2778,55.0217],[-162.32,55.0598],[-162.3381,55.0376],[-162.413,55.0316],[-162.4953,55.0671],[-162.521,55.1154],[-162.4629,55.1247],[-162.402,55.0984],[-162.348,55.1066],[-162.4058,55.1172],[-162.4822,55.1597],[-162.5136,55.2506],[-162.6296,55.2764],[-162.5746,55.2779],[-162.5814,55.2903],[-162.5603,55.2868],[-162.5621,55.2985],[-162.6398,55.3047],[-162.6902,55.2782],[-162.7245,55.2172],[-162.6973,55.1958],[-162.6471,55.1964],[-162.5881,55.1413],[-162.6236,55.1215],[-162.626,55.1016],[-162.6023,55.0871],[-162.5535,54.9571],[-162.5855,54.9618],[-162.6207,54.9916],[-162.6814,54.9978],[-162.7178,54.9827],[-162.7063,54.96],[-162.7522,54.9394],[-162.8811,54.9337],[-162.9548,54.985],[-162.9643,55.012],[-162.9446,55.024],[-163.0073,55.0805],[-163.0791,55.1084],[-163.1846,55.0977],[-163.2162,55.0283],[-163.0713,54.9826],[-163.0266,54.9476],[-163.1977,54.869],[-163.2189,54.8414],[-163.2954,54.8312],[-163.3173,54.8082],[-163.3572,54.8108],[-163.3873,54.8575],[-163.3189,54.8801],[-163.3163,54.9078],[-163.3461,54.9262],[-163.3396,54.9527],[-163.2187,54.9337],[-163.2967,54.9743],[-163.2798,55.0133],[-163.2841,55.0518],[-163.3167,55.082],[-163.2998,55.11],[-163.4129,55.0565],[-163.3623,55.0643],[-163.3782,55.0528],[-163.4115,55.0485],[-163.4208,55.0675],[-163.2011,55.1613],[-163.1146,55.1772],[-163.002,55.2476],[-162.987,55.2411],[-163.0234,55.2286],[-163.0122,55.2168],[-163.0844,55.1763],[-162.9929,55.1786],[-162.9338,55.1622],[-162.9335,55.1767],[-162.8679,55.1802],[-162.848,55.2369],[-162.9098,55.2441],[-162.8896,55.2603],[-162.8993,55.27],[-162.8527,55.2805],[-162.8392,55.2652],[-162.798,55.311],[-162.7353,55.3078],[-162.6859,55.3454],[-162.7025,55.3539],[-162.6666,55.3587],[-162.6416,55.3926],[-162.6405,55.3683],[-162.5749,55.3479],[-162.5219,55.3668],[-162.4954,55.3894],[-162.5207,55.4235],[-162.5045,55.4628],[-162.5913,55.4527],[-162.257,55.6934],[-162.1466,55.7333],[-162.0577,55.7888],[-161.9345,55.8194],[-161.8024,55.8946],[-161.1766,56.0105],[-161.0955,56.0153],[-161.0825,56.0111],[-161.1925,56.0031],[-161.2852,55.9712],[-161.28,55.9587],[-161.227,55.9528],[-161.1403,55.9531],[-161.1281,55.9689],[-161.0471,55.9439],[-161.0233,55.9651],[-160.9608,55.973],[-160.9449,55.9955],[-160.9301,55.9845],[-160.8681,55.9971],[-160.8545,55.9303],[-160.8922,55.9532],[-160.9468,55.947],[-161.0031,55.9227],[-161.0238,55.897],[-161.0057,55.8748],[-160.966,55.8669],[-160.9311,55.8845],[-160.9544,55.8488],[-160.9394,55.8116],[-160.9002,55.8094],[-160.7942,55.7263],[-160.7775,55.729],[-160.7722,55.7512],[-160.7066,55.736],[-160.6854,55.696],[-160.6646,55.7024],[-160.6822,55.7291],[-160.6597,55.7241],[-160.6516,55.7393],[-160.699,55.7567],[-160.6886,55.7674],[-160.7549,55.7777],[-160.7511,55.8215],[-160.7932,55.886],[-160.6511,55.8576],[-160.4947,55.8642],[-160.459,55.8381],[-160.4758,55.813],[-160.4619,55.7876],[-160.4096,55.8085],[-160.3652,55.777],[-160.2518,55.7678],[-160.2444,55.7805],[-160.2653,55.7772],[-160.3188,55.8175],[-160.2225,55.8321],[-160.2437,55.8522],[-160.3231,55.861],[-160.4182,55.9098],[-160.4761,55.9189],[-160.5158,55.948],[-160.5539,55.9346],[-160.5265,55.9806],[-160.552,55.9918],[-160.5869,55.9797],[-160.4638,56.1041],[-160.3504,56.2835],[-160.2466,56.3311],[-160.1463,56.4002],[-160.0604,56.4172],[-159.8152,56.5477],[-159.2529,56.7244],[-159.0331,56.8079],[-158.9433,56.8582],[-158.891,56.8812],[-158.8618,56.89],[-158.8388,56.89],[-158.95,56.8443],[-158.8931,56.8073],[-158.7834,56.7853],[-158.6493,56.8028],[-158.6599,56.8132],[-158.6512,56.8443],[-158.6944,56.89],[-158.6813,56.9227],[-158.6967,56.9435],[-158.6795,56.9908],[-158.5402,57.1251],[-158.3796,57.2465],[-158.2313,57.319],[-158.0838,57.3572],[-158.0811,57.3713],[-157.9898,57.4133],[-157.93,57.474],[-157.7565,57.5539],[-157.6807,57.5635],[-157.6936,57.5532],[-157.6475,57.4918],[-157.5877,57.4938],[-157.5699,57.5209],[-157.6018,57.612],[-157.6958,57.6128],[-157.7102,57.6339],[-157.7043,57.7154],[-157.6582,57.7988],[-157.5806,58.1233],[-157.5273,58.1909],[-157.5263,58.1625],[-157.4327,58.1656],[-157.4069,58.1738],[-157.3883,58.2053],[-157.4419,58.2073],[-157.5362,58.2716],[-157.5475,58.3221],[-157.5346,58.3893],[-157.4519,58.5056],[-157.3784,58.5232],[-157.1712,58.6683],[-157.0518,58.7119],[-157.0626,58.7697],[-156.9968,58.8165],[-156.9867,58.847],[-157.0158,58.8675],[-157.0111,58.8833],[-156.9799,58.9014],[-156.9608,58.9655],[-156.9293,58.9738],[-156.9713,58.9831],[-157.0237,58.9633],[-157.046,58.9423],[-157.0435,58.9133],[-157.1059,58.8677],[-157.3294,58.8334],[-157.5633,58.7539],[-157.7065,58.7299],[-158.0557,58.6304],[-158.2029,58.6144],[-158.327,58.6598],[-158.3454,58.722],[-158.3792,58.7526],[-158.5633,58.8046],[-158.5549,58.843],[-158.5057,58.8545],[-158.4817,58.9994],[-158.3436,59.0464],[-158.4249,59.0669],[-158.4553,59.0384],[-158.5338,59.0235],[-158.5339,58.9961],[-158.6093,58.9399],[-158.6157,58.9134],[-158.7224,58.873],[-158.7772,58.8799],[-158.7746,58.8468],[-158.7958,58.8098],[-158.7751,58.7726],[-158.8028,58.736],[-158.862,58.7258],[-158.8854,58.7499],[-158.9048,58.747],[-158.8977,58.7159],[-158.8607,58.6895],[-158.7614,58.5157],[-158.6969,58.4922],[-158.812,58.4056],[-158.892,58.3943],[-159.0615,58.4264],[-159.0816,58.472],[-159.1012,58.474],[-159.3422,58.7178],[-159.4498,58.7982],[-159.5336,58.8305],[-159.651,58.8398],[-159.5847,58.8948],[-159.6161,58.9338],[-159.7427,58.9255],[-159.7275,58.9132],[-159.7332,58.8948],[-159.7698,58.8672],[-159.746,58.8559],[-159.7512,58.8431],[-159.7657,58.8314],[-159.7757,58.8504],[-159.7985,58.8512],[-159.8121,58.8421],[-159.7895,58.818],[-159.7965,58.8033],[-159.9099,58.7683],[-159.9143,58.7848],[-159.9915,58.8342],[-159.9812,58.8579],[-159.998,58.8756],[-160.0647,58.8829],[-160.0913,58.8752],[-160.0947,58.8573],[-160.1597,58.8622],[-160.151,58.9192],[-160.2452,58.8876],[-160.2583,58.9428],[-160.2774,58.9462],[-160.2884,58.9301],[-160.296,58.949],[-160.3289,58.9441],[-160.2937,58.9746],[-160.2533,58.9851],[-160.2747,59.0268],[-160.3338,59.051],[-160.3054,59.0595],[-160.3302,59.0743],[-160.6751,58.9441],[-160.7769,58.8884],[-160.8238,58.8291],[-160.8287,58.8523],[-160.869,58.8793],[-160.9658,58.8748],[-161.0806,58.8165],[-161.1715,58.7972],[-161.1828,58.7808],[-161.2951,58.7685],[-161.3742,58.7027],[-161.3727,58.6664],[-161.3051,58.6792],[-161.5034,58.6364],[-161.56,58.6019],[-161.63,58.5992],[-161.687,58.5602],[-161.7701,58.5513],[-161.7561,58.5775],[-161.8209,58.6287],[-162.0755,58.621],[-162.1752,58.6499],[-161.9855,58.6815],[-161.97,58.668],[-161.9385,58.6749],[-161.9455,58.6495],[-161.8892,58.6545],[-161.8403,58.6882],[-161.8656,58.7132],[-161.8045,58.7371],[-161.7589,58.7933],[-161.7565,58.8329],[-161.787,58.8997],[-161.7856,58.9642],[-161.8413,59.0291],[-161.8218,59.0506],[-161.8787,59.0681],[-161.9841,59.1501],[-162.0564,59.271],[-161.9929,59.3384],[-161.9559,59.3523],[-161.9549,59.3789],[-161.8806,59.3959],[-161.849,59.4325],[-161.8193,59.4309],[-161.7853,59.4807],[-161.7748,59.4812],[-161.7858,59.4671],[-161.7417,59.4679],[-161.7012,59.4984],[-161.8688,59.6387],[-161.8911,59.6893],[-161.8816,59.7023],[-161.9291,59.7381],[-161.9684,59.7992],[-162.0849,59.8829],[-162.111,59.9236],[-162.1057,59.9533],[-162.1738,59.989],[-162.2256,60.0607],[-162.2621,60.0636],[-162.3726,60.1691],[-162.4513,60.1744],[-162.49,60.1457],[-162.5006,60.113],[-162.4781,60.0301],[-162.5561,59.9783],[-162.6372,59.9738],[-162.7197,59.9917],[-162.7427,59.9847],[-162.7528,59.9568],[-162.8085,59.9339],[-162.9042,59.9191],[-163.0993,59.8575],[-163.3567,59.8166],[-163.7048,59.7948],[-163.9466,59.8055],[-164.1414,59.8452],[-164.2214,59.9443],[-164.1181,59.9696],[-164.1259,59.9926],[-164.2048,60.0289],[-164.3883,60.0773],[-164.4926,60.1654],[-164.4981,60.1911],[-164.6421,60.2467],[-164.669,60.3072],[-164.7464,60.2924],[-164.8863,60.3122],[-165.017,60.3638],[-165.1406,60.4446],[-165.0152,60.4714],[-164.9657,60.5086],[-164.9713,60.5396],[-165.0612,60.544],[-165.196,60.4967],[-165.3779,60.5108],[-165.4184,60.5554],[-165.3722,60.5796],[-165.2774,60.5764],[-165.2526,60.589],[-165.2488,60.6109],[-165.192,60.6163],[-165.1472,60.6512],[-165.0997,60.6542],[-165.0628,60.6878],[-164.9949,60.6989],[-164.9689,60.7258],[-165.0242,60.7541],[-165.0341,60.7867],[-164.9633,60.7933],[-164.8685,60.8332],[-164.8776,60.8552],[-164.9588,60.8968],[-164.9203,60.9296],[-164.9262,60.9483],[-165.0574,60.9094],[-165.1562,60.9288],[-165.1924,60.9667],[-165.1899,60.9842],[-165.1232,61.0144],[-165.024,61.0104],[-164.9486,61.0264],[-164.9524,61.0693],[-164.9935,61.0724],[-165.0201,61.0537],[-165.1121,61.075],[-165.1851,61.1191],[-165.1732,61.1432],[-165.2438,61.1516],[-165.3001,61.1811],[-165.3328,61.1699],[-165.3747,61.0819],[-165.5082,61.0855],[-165.5982,61.1094],[-165.627,61.1672],[-165.6167,61.1964],[-165.6421,61.2284],[-165.5974,61.2628],[-165.5974,61.2899],[-165.633,61.2792],[-165.6468,61.2931],[-165.8471,61.3114],[-165.8788,61.3282],[-165.9233,61.3898],[-165.9201,61.4196],[-165.7663,61.4597],[-165.7533,61.4876],[-165.7815,61.5136],[-165.9439,61.5547],[-166.0834,61.5299],[-166.1079,61.5131],[-166.0758,61.5021],[-166.091,61.4925],[-166.1493,61.5119],[-166.1875,61.5923],[-166.1641,61.6804],[-166.1459,61.7064],[-166.1643,61.6388],[-166.151,61.6327],[-165.7538,61.6752],[-165.8594,61.6843],[-165.8632,61.6994],[-165.9413,61.7036],[-165.9585,61.7229],[-166.0108,61.7201],[-166.1032,61.8119],[-165.9224,61.829],[-165.8041,61.8272],[-165.7881,61.8124],[-165.7347,61.8409],[-165.6234,61.8447],[-165.615,61.8528],[-165.7209,61.9304],[-165.7598,62.0019],[-165.7479,62.0736],[-165.6679,62.1554],[-165.6095,62.1792],[-165.3591,62.3562],[-165.3229,62.3605],[-165.2582,62.4369],[-165.0724,62.5307],[-164.8439,62.5319],[-164.876,62.4894],[-164.8426,62.4735],[-164.7799,62.5384],[-164.8536,62.5486],[-164.8523,62.5699],[-164.7663,62.6017],[-164.7994,62.6131],[-164.8725,62.7337],[-164.8549,62.7473],[-164.87,62.7879],[-164.8193,62.7963],[-164.86,62.8185],[-164.8113,62.9106],[-164.7587,62.9706],[-164.6832,63.0202],[-164.5343,63.0309],[-164.5348,63.0482],[-164.519,63.0525],[-164.5794,63.0706],[-164.5496,63.0941],[-164.5853,63.1247],[-164.3669,63.2313],[-164.0507,63.2617],[-163.8244,63.2107],[-163.7566,63.2152],[-163.6217,63.1431],[-163.6296,63.1208],[-163.586,63.1487],[-163.5687,63.131],[-163.5261,63.1322],[-163.5381,63.1047],[-163.4852,63.1108],[-163.4896,63.1005],[-163.3992,63.0725],[-163.351,63.0282],[-163.231,63.0376],[-163.0423,63.062],[-162.9672,63.1115],[-162.8492,63.1532],[-162.8286,63.2027],[-162.6626,63.2272],[-162.4359,63.3774],[-162.3756,63.4402],[-162.2725,63.485],[-162.3138,63.5417],[-162.0753,63.5129],[-162.0872,63.5],[-162.0061,63.4843],[-162.047,63.4759],[-162.0447,63.4512],[-162.0784,63.4669],[-162.0918,63.4426],[-162.1558,63.4334],[-162.1385,63.429],[-162.0313,63.4338],[-162.0191,63.4491],[-161.9713,63.4326],[-161.955,63.4504],[-161.8105,63.4389],[-161.6768,63.4668],[-161.5811,63.4469],[-161.4725,63.4716],[-161.4386,63.4559],[-161.1398,63.5019],[-161.135,63.5285],[-161.1031,63.5346],[-161.1138,63.5531],[-161.0429,63.5761],[-161.0172,63.6227],[-160.9866,63.6138],[-160.95,63.6279],[-160.801,63.7363],[-160.7645,63.7794],[-160.768,63.8353],[-160.9392,64.057],[-160.9572,64.1503],[-160.95,64.203],[-160.9707,64.23],[-161.2658,64.3979],[-161.3371,64.4033],[-161.3961,64.4265],[-161.4729,64.4181],[-161.5278,64.3784],[-161.5199,64.3967],[-161.5334,64.4143],[-161.4755,64.4431],[-161.469,64.5066],[-161.3845,64.533],[-161.2188,64.4967],[-161.0123,64.5017],[-161.0112,64.5202],[-161.0603,64.5214],[-161.09,64.5395],[-160.9555,64.5447],[-160.8948,64.5821],[-160.8003,64.6121],[-160.7816,64.7155],[-160.9023,64.8223],[-160.9864,64.8334],[-161.0778,64.8682],[-161.1523,64.9133],[-161.1406,64.9306],[-161.1749,64.9281],[-161.1961,64.9183],[-161.2102,64.885],[-161.3561,64.8106],[-161.3667,64.7791],[-161.4263,64.759],[-161.517,64.7536],[-161.533,64.738],[-161.5478,64.7424],[-161.5427,64.7561],[-161.6693,64.7885],[-161.8661,64.751],[-161.9278,64.7206],[-161.8948,64.7119],[-161.8478,64.727],[-161.8891,64.7062],[-162.1811,64.6781],[-162.2192,64.6545],[-162.2338,64.6203],[-162.5434,64.5315],[-162.6156,64.4699],[-162.6022,64.4499],[-162.6417,64.4039],[-162.6314,64.3854],[-162.7374,64.3584],[-162.7877,64.3248],[-162.8099,64.3561],[-162.8021,64.4025],[-162.8327,64.4377],[-162.8727,64.4481],[-162.837,64.4894],[-162.9192,64.5199],[-162.9379,64.5428],[-163.0456,64.5405],[-163.0158,64.5523],[-163.0196,64.5696],[-163.1392,64.6112],[-163.148,64.6199],[-163.1254,64.6424],[-163.1357,64.6489],[-163.2425,64.6502],[-163.2335,64.6328],[-163.2536,64.6353],[-163.2718,64.6111],[-163.3607,64.5856],[-163.2578,64.5425],[-163.1811,64.5409],[-163.1495,64.5087],[-163.0303,64.5144],[-163.0446,64.4866],[-163.0272,64.4779],[-163.1021,64.4585],[-163.0926,64.4404],[-163.1073,64.4097],[-163.1499,64.398],[-163.2229,64.4255],[-163.253,64.4695],[-163.2922,64.4867],[-163.4515,64.5348],[-163.6491,64.568],[-163.8637,64.5743],[-163.9945,64.5517],[-164.3073,64.5615],[-164.4665,64.5364],[-164.8031,64.4513],[-165.0084,64.4345],[-165.4293,64.5],[-166.1999,64.5789],[-166.3961,64.6423],[-166.4723,64.7246],[-166.4752,64.796],[-166.4265,64.8065],[-166.4036,64.8321],[-166.4203,64.8796],[-166.5204,64.9344],[-166.6893,64.9847],[-166.7028,64.9969],[-166.6842,65.0205],[-166.7013,65.0396],[-166.8586,65.0922],[-166.9516,65.1608],[-166.9034,65.2456],[-166.8426,65.2788],[-166.8479,65.2451],[-166.9063,65.2279],[-166.9397,65.1803],[-166.9201,65.1466],[-166.7094,65.1079],[-166.5444,65.1194],[-166.5495,65.1379],[-166.6315,65.1254],[-166.4812,65.1652],[-166.4577,65.1883],[-166.4761,65.224],[-166.3812,65.2557],[-166.3472,65.2763],[-166.3606,65.2886],[-166.5186,65.3355],[-166.6889,65.3287],[-167.0463,65.3856],[-167.465,65.4135],[-167.8467,65.5401],[-168.0697,65.577],[-168.1202,65.6479]]],[[[-168.4074,52.9939],[-168.4028,52.9992],[-168.3976,52.9958],[-168.4074,52.9939]]],[[[-168.4479,53.0426],[-168.4399,53.0493],[-168.4392,53.0464],[-168.4479,53.0426]]],[[[-168.4865,52.9804],[-168.47,52.9921],[-168.4444,52.9789],[-168.4688,52.9752],[-168.4865,52.9804]]],[[[-168.9535,65.7581],[-168.8995,65.7689],[-168.895,65.7437],[-168.9302,65.7409],[-168.9535,65.7581]]],[[[-169.1159,52.8221],[-169.1073,52.831],[-169.0667,52.8366],[-169.0508,52.855],[-169.0674,52.8658],[-168.9673,52.8796],[-168.953,52.8996],[-168.9729,52.9138],[-168.9595,52.9367],[-168.8611,52.9404],[-168.8725,53.0048],[-168.8005,53.029],[-168.8045,53.0423],[-168.765,53.0757],[-168.8051,53.1072],[-168.7968,53.1597],[-168.7766,53.1582],[-168.7653,53.1814],[-168.6927,53.2272],[-168.6433,53.2398],[-168.6143,53.2731],[-168.5363,53.2505],[-168.4835,53.2749],[-168.4524,53.2737],[-168.4381,53.2543],[-168.3461,53.2607],[-168.3423,53.2952],[-168.3666,53.2929],[-168.3711,53.3173],[-168.4362,53.3321],[-168.4115,53.3412],[-168.3856,53.3824],[-168.4073,53.4223],[-168.3445,53.4794],[-168.2869,53.4913],[-168.2267,53.5308],[-168.084,53.5648],[-168.0703,53.5533],[-167.9792,53.5626],[-167.9399,53.5275],[-167.796,53.5233],[-167.7852,53.5105],[-167.7898,53.4881],[-167.8591,53.4393],[-167.8409,53.3862],[-168.0016,53.3177],[-168.1081,53.2903],[-168.1146,53.2749],[-168.2951,53.2289],[-168.3313,53.2062],[-168.3089,53.1956],[-168.3429,53.1841],[-168.3403,53.1552],[-168.3767,53.1649],[-168.3631,53.1308],[-168.4176,53.1075],[-168.4589,53.0544],[-168.4985,53.0349],[-168.5143,53.0463],[-168.5231,53.0277],[-168.5881,53.0277],[-168.653,52.9747],[-168.6858,52.9684],[-168.6804,52.9452],[-168.7045,52.966],[-168.7286,52.943],[-168.7849,52.9492],[-168.7896,52.938],[-168.7574,52.9066],[-168.8185,52.924],[-168.9893,52.8569],[-169.0268,52.8616],[-169.0516,52.8312],[-169.1159,52.8221]]],[[[-169.2594,52.7632],[-169.1906,52.7963],[-169.1531,52.8013],[-169.2031,52.7702],[-169.2594,52.7632]]],[[[-169.7631,52.9822],[-169.74,53.0287],[-169.6818,53.0356],[-169.667,53.0214],[-169.6626,52.9971],[-169.7192,52.9469],[-169.7446,52.9523],[-169.7631,52.9822]]],[[[-169.7869,56.6142],[-169.5034,56.6071],[-169.4655,56.5953],[-169.5763,56.5318],[-169.6545,56.5434],[-169.6822,56.5795],[-169.7505,56.5876],[-169.7869,56.6142]]],[[[-169.7993,53.0571],[-169.767,53.0822],[-169.7402,53.0612],[-169.7481,53.0463],[-169.7993,53.0571]]],[[[-170.011,52.8316],[-169.9879,52.8573],[-169.876,52.8514],[-169.8622,52.8578],[-169.8657,52.8779],[-169.779,52.8924],[-169.7036,52.884],[-169.6685,52.8639],[-169.6901,52.8316],[-169.6749,52.8184],[-169.7117,52.8027],[-169.7003,52.7787],[-169.7193,52.7718],[-169.774,52.8093],[-169.8577,52.8274],[-169.923,52.7889],[-169.9606,52.7873],[-170.011,52.8316]]],[[[-170.1215,52.8996],[-170.0877,52.9227],[-169.9946,52.9118],[-170.0005,52.8759],[-170.0504,52.8578],[-170.0977,52.8733],[-170.1215,52.8996]]],[[[-170.1837,52.7244],[-170.1695,52.7857],[-170.1269,52.7914],[-170.0521,52.7691],[-170.0594,52.7336],[-170.0777,52.7208],[-170.1837,52.7244]]],[[[-170.4215,57.1618],[-170.4167,57.1918],[-170.3907,57.2066],[-170.2241,57.2118],[-170.0977,57.2486],[-170.1427,57.2157],[-170.1744,57.1609],[-170.2549,57.1406],[-170.2603,57.1244],[-170.2894,57.1075],[-170.3011,57.1088],[-170.2787,57.1169],[-170.3014,57.1532],[-170.3512,57.1439],[-170.4215,57.1618]]],[[[-170.8424,52.5616],[-170.8198,52.6352],[-170.7535,52.649],[-170.7261,52.6822],[-170.6815,52.682],[-170.6641,52.7006],[-170.56,52.6679],[-170.564,52.6414],[-170.6085,52.6017],[-170.7064,52.5974],[-170.7896,52.5434],[-170.8424,52.5616]]],[[[-171.1777,52.5624],[-171.1395,52.5864],[-171.12,52.5819],[-171.115,52.5595],[-171.1777,52.5624]]],[[[-171.3149,52.4826],[-171.2937,52.5155],[-171.255,52.5303],[-171.1956,52.4943],[-171.2362,52.4483],[-171.3058,52.45],[-171.3149,52.4826]]],[[[-171.8469,63.4868],[-171.8272,63.5214],[-171.8388,63.5389],[-171.8291,63.5796],[-171.7965,63.5961],[-171.7956,63.6281],[-171.7397,63.655],[-171.7552,63.6869],[-171.7229,63.7348],[-171.7402,63.7834],[-171.6744,63.787],[-171.6397,63.7693],[-171.6318,63.7495],[-171.6492,63.7391],[-171.6494,63.709],[-171.6128,63.6819],[-171.3735,63.6298],[-170.948,63.5716],[-170.8945,63.5741],[-170.6426,63.6685],[-170.5452,63.6662],[-170.5354,63.6836],[-170.4879,63.6963],[-170.2894,63.6875],[-170.177,63.6251],[-170.094,63.6123],[-170.056,63.5519],[-170.07,63.5456],[-170.0403,63.5213],[-170.061,63.5007],[-170.007,63.4762],[-169.9369,63.4703],[-169.8623,63.4427],[-169.6493,63.4295],[-169.5695,63.4008],[-169.5471,63.3726],[-169.4875,63.361],[-169.1735,63.3397],[-169.0066,63.3447],[-168.6877,63.2951],[-168.7195,63.2688],[-168.7269,63.2274],[-168.8602,63.1469],[-169.1089,63.1787],[-169.3789,63.1493],[-169.4525,63.0965],[-169.5469,63.0682],[-169.5804,63.0288],[-169.531,62.9786],[-169.6158,62.9671],[-169.6432,62.9377],[-169.7629,62.9615],[-169.7449,62.985],[-169.7758,63.005],[-169.7915,63.0451],[-169.8694,63.1025],[-170.0786,63.1779],[-170.2925,63.1875],[-170.2778,63.2015],[-170.2856,63.22],[-170.355,63.2802],[-170.5713,63.3614],[-170.8679,63.4146],[-171.0733,63.4241],[-171.2815,63.3819],[-171.2805,63.3586],[-171.3224,63.3331],[-171.4624,63.3088],[-171.735,63.365],[-171.8234,63.4369],[-171.822,63.4625],[-171.8469,63.4868]]],[[[-172.6322,52.2711],[-172.5721,52.3401],[-172.5772,52.3507],[-172.4515,52.39],[-172.3255,52.3658],[-172.2949,52.3279],[-172.4109,52.276],[-172.4535,52.2816],[-172.5326,52.2472],[-172.6068,52.2524],[-172.6322,52.2711]]],[[[-172.9657,52.0692],[-172.9609,52.0734],[-172.9555,52.0689],[-172.9657,52.0692]]],[[[-173.0638,60.5026],[-173.0453,60.5075],[-173.0567,60.5453],[-173.0398,60.5478],[-173.0407,60.5619],[-172.9511,60.6062],[-172.9129,60.6051],[-172.9314,60.562],[-172.8996,60.5196],[-172.7764,60.4519],[-172.5585,60.3871],[-172.3807,60.385],[-172.2181,60.3129],[-172.294,60.2954],[-172.3208,60.3262],[-172.399,60.3361],[-172.5984,60.3168],[-172.7291,60.3614],[-172.9388,60.4792],[-173.0638,60.5026]]],[[[-173.1213,60.6614],[-173.0743,60.7047],[-173.0614,60.6495],[-173.0419,60.6297],[-173.1213,60.6614]]],[[[-174.0538,52.1306],[-173.9449,52.127],[-173.8784,52.1497],[-173.8993,52.1117],[-173.8296,52.1284],[-173.8358,52.1058],[-173.7966,52.0901],[-173.8028,52.1064],[-173.7716,52.1317],[-173.7148,52.1279],[-173.6029,52.1547],[-173.5611,52.1413],[-173.5299,52.1594],[-173.5152,52.1426],[-173.5442,52.1206],[-173.5085,52.102],[-173.4772,52.1182],[-173.447,52.1042],[-173.4201,52.116],[-173.4092,52.1013],[-173.3799,52.1165],[-173.3403,52.0889],[-173.2735,52.1093],[-173.2328,52.0949],[-173.1686,52.1099],[-173.1542,52.103],[-173.1589,52.0863],[-173.1221,52.109],[-172.9526,52.0962],[-173.1613,52.0588],[-173.3338,52.0548],[-173.394,52.0287],[-173.4776,52.0453],[-173.4955,52.0214],[-173.5508,52.0256],[-173.5729,52.041],[-173.5634,52.0526],[-173.6839,52.0508],[-173.6894,52.07],[-173.8275,52.0414],[-173.9311,52.0532],[-173.9796,52.1055],[-174.0157,52.1011],[-174.0538,52.1306]]],[[[-174.4973,52.0129],[-174.4938,52.0311],[-174.4805,52.0267],[-174.4764,52.0157],[-174.4973,52.0129]]],[[[-174.6551,52.1684],[-174.637,52.1792],[-174.6256,52.1804],[-174.6313,52.1684],[-174.6551,52.1684]]],[[[-175.1415,52.2267],[-175.1255,52.2238],[-175.124,52.2184],[-175.1377,52.2152],[-175.1415,52.2267]]],[[[-175.342,52.0236],[-175.2999,52.0198],[-175.2612,52.0459],[-175.2167,52.0332],[-175.198,52.051],[-175.1423,52.0595],[-175.11,52.0461],[-175.1326,52.0309],[-175.0939,52.0363],[-175.0316,52.0791],[-174.9786,52.064],[-174.9715,52.0832],[-174.9448,52.0845],[-174.9059,52.1171],[-174.8914,52.0813],[-174.883,52.1009],[-174.8362,52.1071],[-174.8486,52.0956],[-174.7718,52.0823],[-174.7414,52.0997],[-174.7535,52.1149],[-174.7352,52.1209],[-174.7157,52.12],[-174.7112,52.1047],[-174.6301,52.1141],[-174.5845,52.1007],[-174.6145,52.12],[-174.5988,52.1229],[-174.6035,52.14],[-174.5081,52.1445],[-174.5599,52.1551],[-174.558,52.1793],[-174.4109,52.1702],[-174.4078,52.183],[-174.4556,52.2011],[-174.4607,52.2176],[-174.3801,52.2173],[-174.3406,52.1973],[-174.2956,52.225],[-174.283,52.2072],[-174.2762,52.2294],[-174.2307,52.2468],[-174.2364,52.2746],[-174.3701,52.2795],[-174.3745,52.2928],[-174.4188,52.2913],[-174.4598,52.3182],[-174.3454,52.3183],[-174.3212,52.3397],[-174.3322,52.3738],[-174.2745,52.3819],[-174.2824,52.4039],[-174.2576,52.3961],[-174.1487,52.4202],[-174.0037,52.3579],[-174.0149,52.3437],[-173.989,52.3189],[-173.9933,52.2913],[-174.0367,52.2686],[-174.0359,52.2468],[-174.0599,52.2253],[-174.1768,52.2347],[-174.2071,52.2182],[-174.1889,52.195],[-174.1575,52.1911],[-174.1366,52.1588],[-174.0888,52.1389],[-174.0844,52.1086],[-174.1023,52.0998],[-174.1332,52.1281],[-174.245,52.0936],[-174.33,52.1217],[-174.397,52.092],[-174.3788,52.0806],[-174.3985,52.0771],[-174.3897,52.0633],[-174.4081,52.0568],[-174.415,52.0284],[-174.44,52.0328],[-174.4228,52.0471],[-174.4467,52.0485],[-174.461,52.0715],[-174.5061,52.0711],[-174.5307,52.089],[-174.4892,52.0434],[-174.5692,52.0717],[-174.5378,52.05],[-174.5467,52.0381],[-174.6046,52.0488],[-174.6478,52.0244],[-174.7055,52.0386],[-174.6903,52.0221],[-174.7134,52.0089],[-174.8909,52.0496],[-174.9028,52.0363],[-174.9676,52.0381],[-174.9795,52.0189],[-175.0176,52.0338],[-175.0149,52.0097],[-175.0929,52.0004],[-175.2762,52.0187],[-175.3237,52.0073],[-175.342,52.0236]]],[[[-175.4977,51.9782],[-175.4517,51.9903],[-175.4311,51.9817],[-175.4873,51.9744],[-175.4977,51.9782]]],[[[-175.5296,52.1785],[-175.5106,52.1852],[-175.4911,52.1736],[-175.5137,52.1609],[-175.5296,52.1785]]],[[[-175.7451,51.9521],[-175.7325,51.975],[-175.5784,51.9638],[-175.7039,51.9535],[-175.7228,51.9318],[-175.7451,51.9521]]],[[[-175.8765,51.9438],[-175.7982,51.9593],[-175.7829,51.9273],[-175.7594,51.9241],[-175.7913,51.9149],[-175.8765,51.9438]]],[[[-175.9604,51.9846],[-175.9123,51.9953],[-175.807,51.9876],[-175.8782,51.9824],[-175.8834,51.9639],[-175.9604,51.9846]]],[[[-176.0188,51.9615],[-176.0058,51.9641],[-175.9911,51.9556],[-176.0029,51.9452],[-176.0188,51.9615]]],[[[-176.0552,51.9339],[-176.0503,51.9477],[-176.03,51.9545],[-176.0259,51.9334],[-176.0552,51.9339]]],[[[-176.0992,51.9298],[-176.1104,51.9375],[-176.0927,51.9411],[-176.0992,51.9298]]],[[[-176.1162,51.888],[-175.9975,51.9127],[-175.9911,51.9019],[-176.0188,51.8858],[-175.9506,51.8847],[-175.9641,51.876],[-175.9534,51.8686],[-175.9635,51.8462],[-176.1162,51.888]]],[[[-176.1345,51.9586],[-176.0948,51.964],[-176.0878,51.9518],[-176.1274,51.9481],[-176.1345,51.9586]]],[[[-176.1686,51.948],[-176.1582,51.9559],[-176.1434,51.947],[-176.1686,51.948]]],[[[-176.2125,52.0616],[-176.1495,52.1176],[-176.056,52.1095],[-176.0024,52.0688],[-176.0095,52.0471],[-175.9721,52.038],[-176.0503,52.0183],[-176.0601,51.9995],[-176.0368,52.0001],[-176.0229,51.9824],[-176.0666,51.9671],[-176.1,51.9971],[-176.188,51.9996],[-176.1787,52.0184],[-176.2125,52.0616]]],[[[-176.235,51.829],[-176.2048,51.8403],[-176.2184,51.8757],[-176.1852,51.8831],[-176.1339,51.8557],[-176.1389,51.8353],[-176.071,51.8538],[-176.0285,51.844],[-176.0144,51.8091],[-175.9961,51.804],[-176.0237,51.8046],[-176.0263,51.826],[-176.0537,51.8168],[-176.1199,51.8295],[-176.0906,51.8041],[-176.095,51.7916],[-176.1354,51.8014],[-176.1582,51.7689],[-176.1865,51.7885],[-176.1695,51.8024],[-176.235,51.829]]],[[[-176.992,51.6292],[-176.9732,51.6355],[-176.9844,51.6563],[-176.9694,51.6774],[-176.8645,51.7214],[-176.8877,51.7512],[-176.8553,51.7394],[-176.842,51.7494],[-176.9215,51.7873],[-176.9104,51.8085],[-176.889,51.8092],[-176.9069,51.8292],[-176.8811,51.8169],[-176.8665,51.8261],[-176.8477,51.8061],[-176.8384,51.8187],[-176.8252,51.8051],[-176.7958,51.8148],[-176.8024,51.8227],[-176.777,51.8195],[-176.8028,51.8368],[-176.7659,51.8583],[-176.7628,51.8823],[-176.8094,51.9263],[-176.7712,51.9651],[-176.6565,51.9523],[-176.6282,51.9623],[-176.6162,51.9937],[-176.5647,51.9981],[-176.553,51.9709],[-176.5654,51.9489],[-176.549,51.9171],[-176.6169,51.9027],[-176.6272,51.8648],[-176.6518,51.8508],[-176.5886,51.8581],[-176.5915,51.8353],[-176.5477,51.8443],[-176.5159,51.8273],[-176.5019,51.8494],[-176.4662,51.8524],[-176.4491,51.8273],[-176.4485,51.8419],[-176.4213,51.8376],[-176.4245,51.8535],[-176.3998,51.8679],[-176.2918,51.8732],[-176.2806,51.8588],[-176.2903,51.8372],[-176.3536,51.8265],[-176.2667,51.818],[-176.2818,51.789],[-176.2653,51.7799],[-176.2963,51.7691],[-176.292,51.74],[-176.3139,51.7542],[-176.3186,51.735],[-176.3481,51.7261],[-176.3971,51.733],[-176.3923,51.7746],[-176.4209,51.7938],[-176.4414,51.7731],[-176.4196,51.76],[-176.4255,51.7398],[-176.4773,51.7278],[-176.4824,51.747],[-176.5152,51.7292],[-176.5079,51.7167],[-176.5323,51.7178],[-176.5208,51.7028],[-176.5563,51.7066],[-176.6074,51.6708],[-176.6338,51.6688],[-176.6316,51.6572],[-176.6564,51.6552],[-176.5984,51.6913],[-176.6598,51.6904],[-176.6704,51.6744],[-176.7228,51.6824],[-176.7344,51.6579],[-176.7191,51.6493],[-176.7236,51.6245],[-176.7588,51.6382],[-176.8084,51.6093],[-176.8318,51.6375],[-176.8131,51.6474],[-176.8365,51.681],[-176.8237,51.6955],[-176.8352,51.7211],[-176.9356,51.5928],[-176.9795,51.6009],[-176.992,51.6292]]],[[[-177.4668,51.904],[-177.4421,51.9211],[-177.4202,51.9021],[-177.4525,51.8897],[-177.4668,51.904]]],[[[-177.7053,51.7072],[-177.6402,51.7413],[-177.537,51.7215],[-177.5045,51.7451],[-177.2311,51.8013],[-177.2057,51.8206],[-177.1998,51.9248],[-177.1813,51.9432],[-177.1007,51.9354],[-177.0476,51.9003],[-177.0747,51.8841],[-177.0677,51.8593],[-177.1327,51.8309],[-177.1377,51.8102],[-177.1152,51.77],[-177.1354,51.7557],[-177.1228,51.7294],[-177.1465,51.7058],[-177.2447,51.7111],[-177.2559,51.7049],[-177.2443,51.6893],[-177.2775,51.6786],[-177.3249,51.692],[-177.323,51.7114],[-177.3645,51.733],[-177.3983,51.7336],[-177.5058,51.6985],[-177.6168,51.704],[-177.6419,51.6875],[-177.6359,51.6595],[-177.6514,51.6536],[-177.6718,51.6588],[-177.6709,51.6849],[-177.7053,51.7072]]],[[[-178.2269,51.8777],[-178.1704,51.9132],[-177.9637,51.9179],[-177.9041,51.8786],[-177.9222,51.8545],[-177.8715,51.8497],[-177.8568,51.8266],[-177.7862,51.8438],[-177.7349,51.8259],[-177.6145,51.853],[-177.6511,51.8168],[-177.7555,51.8088],[-177.8208,51.7872],[-177.7784,51.7702],[-177.8402,51.7318],[-177.8096,51.7026],[-177.8345,51.7038],[-177.8293,51.6939],[-177.8662,51.6771],[-177.9035,51.69],[-177.9279,51.6471],[-177.9006,51.5987],[-177.9348,51.5966],[-177.9648,51.6474],[-177.9893,51.6485],[-178.0095,51.6285],[-178.0088,51.6463],[-178.0337,51.6521],[-178.0392,51.6701],[-178.0563,51.6555],[-178.1205,51.6767],[-178.1107,51.7091],[-178.0453,51.7036],[-177.9596,51.7212],[-177.9591,51.7724],[-178.0225,51.7912],[-178.0584,51.7803],[-178.0988,51.8183],[-178.2096,51.8541],[-178.2269,51.8777]]],[[[-178.3105,51.4808],[-178.2819,51.4838],[-178.2729,51.4791],[-178.2883,51.472],[-178.3105,51.4808]]],[[[-178.6866,51.6026],[-178.6507,51.615],[-178.5659,51.6018],[-178.5735,51.5835],[-178.5937,51.5819],[-178.6764,51.5875],[-178.6866,51.6026]]],[[[-178.8616,51.5758],[-178.7617,51.5624],[-178.7337,51.5432],[-178.8202,51.5405],[-178.8616,51.5758]]],[[[-178.8706,51.7854],[-178.8595,51.8192],[-178.8175,51.8378],[-178.763,51.8213],[-178.7337,51.7819],[-178.7571,51.7521],[-178.8094,51.7457],[-178.8706,51.7854]]],[[[-178.9904,51.3831],[-178.958,51.4001],[-178.922,51.3781],[-178.9085,51.3422],[-178.9545,51.3505],[-178.9547,51.3328],[-178.9907,51.312],[-178.9724,51.3652],[-178.9904,51.3831]]],[[[-179.0588,51.5866],[-179.041,51.5851],[-179.0319,51.57],[-179.0589,51.5725],[-179.0588,51.5866]]],[[[-179.1467,51.2771],[-179.0948,51.3009],[-179.0575,51.2527],[-179.1291,51.2157],[-179.1467,51.2771]]]]}},{"type":"Feature","properties":{"STATEFP":"10","STUSPS":"DE","NAME":"Delaware"},"geometry":{"type":"MultiPolygon","coordinates":[[[[-75.5655,39.5094],[-75.5648,39.5159],[-75.5613,39.5195],[-75.5655,39.5094]]],[[[-75.5708,39.6268],[-75.5594,39.6298],[-75.5562,39.6064],[-75.562,39.6057],[-75.5708,39.6268]]],[[[-75.5721,39.5859],[-75.5708,39.5941],[-75.5649,39.589],[-75.5721,39.5859]]],[[[-75.6937,38.4601],[-75.7886,39.7222],[-75.7738,39.7222],[-75.727,39.7841],[-75.6628,39.8212],[-75.5393,39.8382],[-75.4234,39.8066],[-75.4685,39.7865],[-75.5622,39.6567],[-75.6132,39.621],[-75.6119,39.5974],[-75.563,39.5622],[-75.5923,39.4676],[-75.4917,39.344],[-75.439,39.3134],[-75.409,39.2641],[-75.402,39.0669],[-75.3184,38.9882],[-75.3041,38.9132],[-75.159,38.7902],[-75.1133,38.783],[-75.092,38.8039],[-75.0489,38.4513],[-75.6937,38.4601]]]]}},{"type":"Feature","properties":{"STATEFP":"47","STUSPS":"TN","NAME":"Tennessee"},"geometry":{"type":"Polygon","coordinates":[[[-90.3105,35.0027],[-90.2923,35.0414],[-90.2073,35.0258],[-90.1776,35.0638],[-90.1768,35.1121],[-90.1547,35.1309],[-90.095,35.1175],[-90.0652,35.1394],[-90.1167,35.1869],[-90.0755,35.214],[-90.0926,35.2468],[-90.1521,35.256],[-90.1688,35.2791],[-90.1573,35.3015],[-90.11,35.305],[-90.0807,35.3857],[-90.1293,35.4138],[-90.1462,35.3995],[-90.1355,35.3767],[-90.1793,35.3852],[-90.1689,35.4219],[-90.1294,35.4421],[-90.1077,35.4769],[-90.0678,35.4662],[-90.0741,35.434],[-90.0543,35.3893],[-90.0416,35.3966],[-90.0568,35.4039],[-90.0481,35.4117],[-90.0033,35.4296],[-90.0477,35.5026],[-90.0345,35.5526],[-89.9916,35.5606],[-89.9585,35.5417],[-89.9587,35.5238],[-89.9046,35.5193],[-89.9107,35.5475],[-89.942,35.5569],[-89.9579,35.5873],[-89.8566,35.6344],[-89.8512,35.6574],[-89.8622,35.6704],[-89.8989,35.6509],[-89.9274,35.6595],[-89.9557,35.6901],[-89.9583,35.7266],[-89.912,35.7583],[-89.8255,35.7452],[-89.799,35.7594],[-89.7996,35.7883],[-89.7817,35.8052],[-89.7282,35.8027],[-89.6965,35.8206],[-89.6974,35.8367],[-89.7739,35.8677],[-89.7431,35.9112],[-89.6691,35.8745],[-89.6436,35.8897],[-89.6443,35.9209],[-89.7185,35.9631],[-89.7331,36.0008],[-89.7069,36.001],[-89.6788,36.0846],[-89.6019,36.1195],[-89.5922,36.1501],[-89.7053,36.2399],[-89.6952,36.2528],[-89.6024,36.2381],[-89.5347,36.2526],[-89.5395,36.2774],[-89.6203,36.323],[-89.6057,36.3422],[-89.5318,36.3392],[-89.5132,36.3599],[-89.5104,36.3784],[-89.5453,36.4271],[-89.5197,36.467],[-89.5392,36.4979],[-89.4854,36.4975],[-89.4932,36.4701],[-89.4717,36.457],[-89.4173,36.499],[-89.3003,36.5071],[-88.0532,36.4971],[-88.0325,36.5407],[-88.0705,36.6781],[-87.8496,36.6637],[-87.8532,36.6332],[-86.5899,36.6525],[-86.5641,36.6335],[-86.5078,36.6524],[-85.6778,36.6182],[-85.1954,36.6255],[-84.5431,36.5963],[-83.6907,36.5826],[-83.6754,36.6008],[-81.9341,36.5942],[-81.9226,36.6162],[-81.6469,36.6119],[-81.708,36.5362],[-81.6953,36.4679],[-81.742,36.411],[-81.7074,36.3352],[-81.7649,36.3387],[-81.7936,36.3622],[-81.9081,36.302],[-82.0331,36.1204],[-82.1271,36.1044],[-82.1479,36.1495],[-82.1768,36.1422],[-82.2139,36.1591],[-82.2475,36.1309],[-82.2895,36.1357],[-82.3552,36.1156],[-82.4095,36.0834],[-82.4607,36.0078],[-82.5579,35.9539],[-82.6109,35.9674],[-82.6144,36.0035],[-82.591,36.0336],[-82.6372,36.0658],[-82.776,36.0001],[-82.7856,35.9778],[-82.7749,35.972],[-82.805,35.9272],[-82.8219,35.9218],[-82.8742,35.9527],[-82.92,35.9284],[-82.8973,35.8779],[-82.9206,35.8685],[-82.9166,35.8414],[-82.9921,35.7739],[-83.074,35.79],[-83.1592,35.7649],[-83.1857,35.7299],[-83.2512,35.7199],[-83.2581,35.6919],[-83.2972,35.6578],[-83.3516,35.6599],[-83.3966,35.6227],[-83.4458,35.6118],[-83.4983,35.563],[-83.5856,35.5629],[-83.6089,35.5795],[-83.7717,35.5621],[-83.8256,35.5238],[-83.8801,35.5187],[-83.9118,35.476],[-83.9611,35.4641],[-84.023,35.4117],[-84.0076,35.3717],[-84.0383,35.3478],[-84.0214,35.3014],[-84.0526,35.27],[-84.0981,35.2472],[-84.1884,35.24],[-84.2237,35.2691],[-84.2902,35.2256],[-84.3219,34.9884],[-85.4667,34.983],[-88.203,35.008],[-88.2001,34.9956],[-90.3105,35.0027]]]}},{"type":"Feature","properties":{"STATEFP":"41","STUSPS":"OR","NAME":"Oregon"},"geometry":{"type":"MultiPolygon","coordinates":[[[[-123.6647,46.2443],[-123.649,46.2485],[-123.6413,46.248],[-123.6506,46.2441],[-123.6647,46.2443]]],[[[-124.0283,46.274],[-124.024,46.2908],[-124.0089,46.2656],[-124.0283,46.274]]],[[[-124.3233,42.0641],[-124.3218,42.0673],[-124.3211,42.065],[-124.3233,42.0641]]],[[[-124.4269,42.3128],[-124.4253,42.3153],[-124.425,42.3128],[-124.4269,42.3128]]],[[[-124.4759,42.6655],[-124.4755,42.6686],[-124.4748,42.6664],[-124.4759,42.6655]]],[[[-124.5646,42.8409],[-124.5001,42.9175],[-124.4469,43.0318],[-124.4378,43.114],[-124.4017,43.1849],[-124.3825,43.2702],[-124.4028,43.3059],[-124.315,43.3884],[-124.232,43.5624],[-124.1503,43.9109],[-124.1152,44.2865],[-124.0869,44.4052],[-124.0583,44.6589],[-124.0792,44.6772],[-124.0579,44.7352],[-124.0741,44.7981],[-124.0251,44.9282],[-124.0055,45.0429],[-124.0159,45.0648],[-123.9895,45.094],[-123.9754,45.1455],[-123.9765,45.2193],[-123.9581,45.278],[-123.9729,45.3369],[-124.0078,45.3368],[-123.9734,45.3548],[-123.9657,45.3862],[-123.962,45.4432],[-123.9787,45.4869],[-123.9576,45.5104],[-123.9373,45.6564],[-123.9431,45.727],[-123.983,45.768],[-123.9693,45.7798],[-123.9627,45.87],[-123.9937,45.9464],[-123.9375,45.9773],[-123.9293,46.042],[-123.9475,46.1161],[-124.0214,46.2301],[-124.0126,46.2368],[-123.9889,46.2272],[-123.9898,46.2092],[-123.954,46.2072],[-123.9025,46.1687],[-123.8548,46.1573],[-123.8384,46.1711],[-123.8642,46.1895],[-123.7576,46.213],[-123.6934,46.1898],[-123.6668,46.2182],[-123.6195,46.2153],[-123.5012,46.271],[-123.4476,46.2498],[-123.4276,46.2293],[-123.431,46.1816],[-123.3714,46.1464],[-123.2802,46.1448],[-123.1664,46.189],[-123.1159,46.1853],[-122.9041,46.0837],[-122.8781,46.0313],[-122.814,45.961],[-122.8115,45.9127],[-122.785,45.8677],[-122.7956,45.81],[-122.7615,45.7592],[-122.7745,45.6804],[-122.7638,45.6571],[-122.6439,45.6097],[-122.4387,45.5636],[-122.3803,45.5759],[-122.2949,45.5435],[-121.983,45.6228],[-121.9083,45.6544],[-121.8672,45.6933],[-121.8113,45.7068],[-121.7074,45.6948],[-121.5331,45.7265],[-121.4236,45.694],[-121.3378,45.7049],[-121.2158,45.6712],[-121.1966,45.6167],[-121.1679,45.6061],[-121.132,45.6098],[-121.0644,45.6525],[-120.944,45.6564],[-120.8956,45.6429],[-120.8557,45.6715],[-120.6894,45.7158],[-120.635,45.7458],[-120.5595,45.7383],[-120.4824,45.6944],[-120.404,45.6992],[-120.2108,45.726],[-120.1705,45.762],[-119.9657,45.8244],[-119.6699,45.8569],[-119.6005,45.9196],[-119.4878,45.9063],[-119.2571,45.9399],[-119.1261,45.9329],[-119.0271,45.9691],[-118.9871,45.9999],[-118.9412,46.0006],[-116.916,45.9954],[-116.876,45.9544],[-116.8598,45.9073],[-116.7961,45.8585],[-116.7827,45.8254],[-116.7118,45.8263],[-116.6653,45.782],[-116.593,45.7785],[-116.5466,45.751],[-116.5354,45.6917],[-116.4635,45.6158],[-116.4819,45.5779],[-116.5286,45.5511],[-116.5576,45.5032],[-116.5548,45.4629],[-116.5882,45.4429],[-116.6738,45.3215],[-116.6745,45.2763],[-116.7032,45.2408],[-116.7296,45.1421],[-116.8479,45.0226],[-116.857,44.9752],[-116.8263,44.9825],[-116.8507,44.9581],[-116.8322,44.9314],[-116.8524,44.8876],[-116.8982,44.8543],[-116.9347,44.7839],[-117.0623,44.7271],[-117.1248,44.5838],[-117.1483,44.5644],[-117.1492,44.5362],[-117.2251,44.4823],[-117.2151,44.4272],[-117.2427,44.3965],[-117.1898,44.3366],[-117.2226,44.2976],[-117.1981,44.2738],[-117.1434,44.2583],[-117.1042,44.2799],[-117.053,44.2291],[-117.0319,44.2486],[-116.9759,44.2428],[-116.9717,44.1973],[-116.9254,44.1915],[-116.8941,44.1602],[-116.9337,44.1],[-116.9774,44.0854],[-116.9732,44.0494],[-116.9373,44.0294],[-116.9356,43.9869],[-116.9762,43.9747],[-116.9592,43.9664],[-116.9723,43.9584],[-116.9588,43.9232],[-116.9819,43.9125],[-116.9829,43.8677],[-117.02,43.859],[-117.0104,43.8448],[-117.0329,43.83],[-117.0216,43.8194],[-117.0262,41.9999],[-120.9804,41.993],[-122.3785,42.0095],[-124.2116,41.9985],[-124.2705,42.0456],[-124.2913,42.044],[-124.354,42.1035],[-124.361,42.1808],[-124.4141,42.2522],[-124.4118,42.3074],[-124.4331,42.324],[-124.4351,42.4419],[-124.39,42.5748],[-124.4083,42.5948],[-124.4012,42.6272],[-124.4168,42.6616],[-124.4507,42.6758],[-124.4739,42.7327],[-124.5137,42.7329],[-124.5244,42.7898],[-124.5646,42.8409]]]]}},{"type":"Feature","properties":{"STATEFP":"50","STUSPS":"VT","NAME":"Vermont"},"geometry":{"type":"Polygon","coordinates":[[[-73.4377,44.045],[-73.3906,44.1909],[-73.3129,44.2653],[-73.3349,44.3644],[-73.2939,44.4376],[-73.3067,44.5003],[-73.3744,44.5755],[-73.3902,44.6184],[-73.3613,44.6945],[-73.3656,44.7418],[-73.3332,44.7888],[-73.3814,44.845],[-73.339,44.9177],[-73.3382,44.9648],[-73.3546,44.9874],[-73.3431,45.0108],[-71.4646,45.0136],[-71.5362,44.9946],[-71.5148,44.9587],[-71.523,44.9393],[-71.4949,44.9043],[-71.5497,44.8615],[-71.5511,44.837],[-71.5769,44.8152],[-71.5713,44.7933],[-71.6319,44.7525],[-71.5815,44.6732],[-71.5874,44.6597],[-71.5472,44.6304],[-71.5622,44.6016],[-71.5354,44.5871],[-71.559,44.5644],[-71.5961,44.5609],[-71.572,44.5382],[-71.5943,44.5217],[-71.5768,44.5026],[-71.627,44.4743],[-71.6328,44.4839],[-71.6597,44.4415],[-71.7022,44.4138],[-71.7939,44.3993],[-71.8144,44.3819],[-71.8144,44.3545],[-72.0328,44.3204],[-72.0327,44.3025],[-72.0684,44.2713],[-72.0479,44.2385],[-72.0662,44.1898],[-72.0334,44.1311],[-72.0551,44.1104],[-72.0309,44.0997],[-72.0451,44.0879],[-72.0318,44.0785],[-72.0525,44.0767],[-72.0953,44.0219],[-72.0901,44.0099],[-72.1025,44.0149],[-72.117,43.9945],[-72.1147,43.9683],[-72.0914,43.9655],[-72.1186,43.946],[-72.1204,43.9196],[-72.1727,43.8843],[-72.1679,43.8691],[-72.1879,43.8561],[-72.1833,43.8082],[-72.2051,43.7711],[-72.2996,43.7063],[-72.3141,43.6428],[-72.3344,43.6193],[-72.3285,43.6008],[-72.3801,43.5736],[-72.3986,43.5134],[-72.3817,43.4801],[-72.416,43.3765],[-72.3901,43.3569],[-72.4104,43.3317],[-72.3955,43.313],[-72.4387,43.2529],[-72.4571,43.1485],[-72.433,43.1197],[-72.4362,43.0817],[-72.4674,43.0526],[-72.4438,43.0062],[-72.4738,42.972],[-72.5322,42.9549],[-72.5244,42.9156],[-72.5562,42.867],[-72.5396,42.8048],[-72.5089,42.7799],[-72.5161,42.7659],[-72.4911,42.7725],[-72.4585,42.7269],[-73.2764,42.746],[-73.2909,42.8019],[-73.2787,42.8334],[-73.2416,43.535],[-73.2586,43.5649],[-73.2946,43.579],[-73.3062,43.628],[-73.3719,43.6245],[-73.3958,43.5681],[-73.4309,43.587],[-73.4177,43.6217],[-73.4265,43.6426],[-73.3506,43.7719],[-73.3925,43.8208],[-73.3722,43.8453],[-73.3741,43.8756],[-73.4086,43.9329],[-73.4077,44.0213],[-73.4377,44.045]]]}},{"type":"Feature","properties":{"STATEFP":"35","STUSPS":"NM","NAME":"New Mexico"},"geometry":{"type":"Polygon","coordinates":[[[-109.05,31.3325],[-109.0452,36.9991],[-103.0022,37.0001],[-103.0024,36.5004],[-103.0419,36.5004],[-103.0435,34.018],[-103.0646,32.9999],[-103.0644,32.0005],[-106.6185,32.0005],[-106.6395,31.9803],[-106.6196,31.9716],[-106.6297,31.9266],[-106.6118,31.92],[-106.6455,31.8987],[-106.6292,31.8837],[-106.6359,31.8662],[-106.602,31.8444],[-106.6027,31.825],[-106.5471,31.8073],[-106.5282,31.7831],[-108.2084,31.7836],[-108.2086,31.3334],[-109.05,31.3325]]]}},{"type":"Feature","properties":{"STATEFP":"36","STUSPS":"NY","NAME":"New York"},"geometry":{"type":"MultiPolygon","coordinates":[[[[-72.0377,41.2513],[-72.0231,41.2748],[-72.0069,41.2623],[-71.9911,41.2813],[-71.9226,41.2923],[-72.0025,41.2529],[-72.0377,41.2513]]],[[[-72.1429,41.0978],[-72.126,41.1212],[-72.0779,41.0999],[-72.087,41.059],[-72.0972,41.0549],[-72.1064,41.0889],[-72.1429,41.0978]]],[[[-72.2114,41.1766],[-72.1891,41.1883],[-72.1618,41.1903],[-72.1973,41.1655],[-72.2114,41.1766]]],[[[-73.7716,40.8472],[-73.7656,40.8557],[-73.7698,40.845],[-73.7716,40.8472]]],[[[-73.774,40.8826],[-73.7671,40.886],[-73.7677,40.881],[-73.774,40.8826]]],[[[-73.7867,40.8588],[-73.7846,40.8603],[-73.7841,40.8594],[-73.7867,40.8588]]],[[[-73.7911,40.8472],[-73.7822,40.8467],[-73.783,40.8375],[-73.7911,40.8472]]],[[[-74.0246,40.6839],[-74.0195,40.6934],[-74.0121,40.6907],[-74.0246,40.6839]]],[[[-74.0422,40.7],[-74.0376,40.6992],[-74.039,40.6976],[-74.0422,40.7]]],[[[-74.0457,40.6886],[-74.0436,40.6903],[-74.0432,40.6893],[-74.0457,40.6886]]],[[[-74.1613,40.6418],[-74.1588,40.6446],[-74.1572,40.643],[-74.1613,40.6418]]],[[[-74.2556,40.5079],[-74.2407,40.5193],[-74.2478,40.5434],[-74.2122,40.5572],[-74.1877,40.6426],[-74.1544,40.6372],[-74.0865,40.6486],[-74.0715,40.6428],[-74.0536,40.5995],[-74.1354,40.5304],[-74.1322,40.5462],[-74.1948,40.5101],[-74.2467,40.4961],[-74.2556,40.5079]]],[[[-76.145,43.9409],[-76.143,43.944],[-76.142,43.9428],[-76.145,43.9409]]],[[[-76.1873,44.0138],[-76.1735,44.0247],[-76.1697,44.0249],[-76.1766,44.0172],[-76.1873,44.0138]]],[[[-76.2172,43.8924],[-76.2115,43.8975],[-76.2109,43.8958],[-76.2172,43.8924]]],[[[-76.2238,43.8856],[-76.2224,43.8893],[-76.221,43.8885],[-76.2238,43.8856]]],[[[-76.3365,44.0345],[-76.3296,44.0443],[-76.3176,44.0503],[-76.3213,44.0312],[-76.3365,44.0345]]],[[[-76.356,43.8801],[-76.345,43.8941],[-76.3029,43.9172],[-76.3271,43.8819],[-76.356,43.8801]]],[[[-76.3673,43.8757],[-76.3678,43.879],[-76.3644,43.8789],[-76.3673,43.8757]]],[[[-76.3817,44.0396],[-76.3679,44.0527],[-76.3418,44.052],[-76.3609,44.0336],[-76.3817,44.0396]]],[[[-76.3958,43.8829],[-76.3938,43.8884],[-76.3923,43.8879],[-76.3958,43.8829]]],[[[-76.446,43.8903],[-76.4064,43.9207],[-76.3794,43.9211],[-76.4015,43.9011],[-76.446,43.8903]]],[[[-79.7614,41.9991],[-79.762,42.2699],[-79.4535,42.4112],[-79.3545,42.4941],[-79.3313,42.4889],[-79.2497,42.5317],[-79.1487,42.5537],[-79.1114,42.6134],[-79.0638,42.6448],[-79.0468,42.6913],[-78.9182,42.7373],[-78.8535,42.784],[-78.8718,42.8227],[-78.8579,42.8388],[-78.9061,42.8993],[-78.9189,42.9469],[-79.02,42.9948],[-78.9994,43.0561],[-79.0745,43.0779],[-79.058,43.107],[-79.0691,43.12],[-79.0424,43.1437],[-79.0561,43.2542],[-79.0705,43.2625],[-78.6343,43.3576],[-78.4859,43.3749],[-78.1045,43.3756],[-77.7602,43.3412],[-77.5395,43.2351],[-77.391,43.2764],[-77.1071,43.2893],[-77.0426,43.2705],[-76.9587,43.27],[-76.8962,43.296],[-76.7841,43.3123],[-76.694,43.3465],[-76.6308,43.4134],[-76.4176,43.5213],[-76.2913,43.5138],[-76.2287,43.533],[-76.2099,43.5601],[-76.1966,43.6632],[-76.2132,43.7535],[-76.235,43.8226],[-76.2991,43.8385],[-76.2974,43.8559],[-76.2332,43.8863],[-76.2229,43.8801],[-76.2374,43.8636],[-76.203,43.8508],[-76.2023,43.8649],[-76.1273,43.8979],[-76.1344,43.9457],[-76.0591,43.9857],[-76.0797,44.0033],[-76.1363,43.9647],[-76.1998,43.9683],[-76.1994,43.9917],[-76.1188,44.0345],[-76.1683,44.0327],[-76.1401,44.0702],[-76.2043,44.0543],[-76.214,44.0594],[-76.2016,44.079],[-76.2728,44.0518],[-76.2822,44.0123],[-76.2012,44.0242],[-76.2372,43.9779],[-76.2814,43.9609],[-76.2659,43.9955],[-76.301,44.0099],[-76.2949,44.0583],[-76.3338,44.0647],[-76.3234,44.0773],[-76.3597,44.071],[-76.3442,44.0879],[-76.3707,44.1005],[-76.3126,44.199],[-76.2068,44.2145],[-76.1643,44.2396],[-76.1618,44.2808],[-75.913,44.3681],[-75.8208,44.4322],[-75.8078,44.4716],[-75.7662,44.5159],[-75.4138,44.7725],[-75.37,44.7829],[-75.2831,44.8492],[-75.1399,44.8967],[-75.1176,44.9213],[-75.0648,44.9294],[-74.9928,44.9774],[-74.908,44.9834],[-74.8266,45.0159],[-74.7313,44.9904],[-74.6703,45.0062],[-74.1468,44.9915],[-73.3431,45.0108],[-73.3546,44.9874],[-73.3382,44.9648],[-73.339,44.9177],[-73.3814,44.845],[-73.3332,44.7888],[-73.3656,44.7418],[-73.3613,44.6945],[-73.3902,44.6184],[-73.3744,44.5755],[-73.3067,44.5003],[-73.2936,44.4406],[-73.3349,44.3644],[-73.3129,44.2653],[-73.3906,44.1909],[-73.4377,44.045],[-73.4077,44.0213],[-73.4086,43.9329],[-73.3741,43.8756],[-73.3722,43.8453],[-73.3925,43.8208],[-73.3506,43.7719],[-73.4265,43.6426],[-73.4177,43.6217],[-73.4312,43.5883],[-73.3958,43.5681],[-73.3719,43.6245],[-73.3062,43.628],[-73.2946,43.579],[-73.2586,43.5649],[-73.2416,43.535],[-73.2787,42.8334],[-73.2909,42.8019],[-73.2764,42.746],[-73.265,42.7459],[-73.5081,42.0863],[-73.4873,42.0496],[-73.4896,42.0001],[-73.551,41.2954],[-73.4827,41.2128],[-73.7278,41.1007],[-73.6553,41.0122],[-73.6563,40.9797],[-73.6865,40.9452],[-73.716,40.9445],[-73.7925,40.884],[-73.7834,40.871],[-73.7998,40.8487],[-73.8044,40.8616],[-73.818,40.8636],[-73.8142,40.8259],[-73.7909,40.8066],[-73.7939,40.789],[-73.7756,40.7956],[-73.7562,40.7664],[-73.7498,40.7848],[-73.7655,40.8109],[-73.753,40.8384],[-73.7134,40.8035],[-73.704,40.8174],[-73.7004,40.8347],[-73.7285,40.833],[-73.7376,40.8484],[-73.7307,40.8654],[-73.6767,40.8572],[-73.6486,40.8288],[-73.6544,40.8782],[-73.6331,40.9027],[-73.5214,40.9183],[-73.5084,40.9015],[-73.5331,40.8853],[-73.5236,40.9096],[-73.5478,40.9036],[-73.5419,40.8769],[-73.5062,40.8724],[-73.5088,40.8937],[-73.4948,40.8948],[-73.4694,40.8664],[-73.4965,40.9231],[-73.4854,40.9464],[-73.438,40.9347],[-73.434,40.909],[-73.3801,40.9002],[-73.3739,40.9129],[-73.3576,40.893],[-73.3517,40.9227],[-73.4035,40.9313],[-73.4021,40.9544],[-73.3449,40.9244],[-73.2284,40.906],[-73.1471,40.9287],[-73.1581,40.9675],[-73.1184,40.9773],[-72.9138,40.9625],[-72.6356,40.982],[-72.4773,41.0522],[-72.4452,41.0861],[-72.397,41.0963],[-72.3541,41.14],[-72.2788,41.1587],[-72.2339,41.1589],[-72.2941,41.1141],[-72.2845,41.1263],[-72.3128,41.1403],[-72.3392,41.115],[-72.3172,41.0887],[-72.2774,41.0787],[-72.2759,41.0366],[-72.1906,41.0326],[-72.1604,41.0538],[-72.1022,40.9915],[-72.0546,41.0218],[-72.0169,41.0235],[-71.9926,41.0471],[-71.9635,41.0425],[-71.9552,41.0731],[-71.9043,41.086],[-71.8565,41.071],[-71.9026,41.0411],[-72.3958,40.8667],[-73.055,40.6664],[-73.2623,40.622],[-73.3418,40.6327],[-73.5718,40.5783],[-73.7749,40.5908],[-73.9405,40.544],[-73.8792,40.5747],[-73.9004,40.5881],[-74.002,40.5706],[-74.0129,40.5779],[-73.9971,40.5914],[-74.0314,40.6052],[-74.0417,40.6264],[-74.0,40.6638],[-74.0189,40.6713],[-73.9964,40.7034],[-74.0192,40.7066],[-74.014,40.7576],[-73.9298,40.8887],[-73.8936,40.9972],[-74.6964,41.3573],[-74.6911,41.3673],[-74.741,41.4051],[-74.7385,41.4306],[-74.7904,41.4217],[-74.8076,41.4428],[-74.8307,41.4305],[-74.8586,41.4444],[-74.8939,41.4389],[-74.8904,41.4553],[-74.9125,41.4756],[-74.9833,41.4809],[-74.9844,41.5066],[-75.0032,41.5081],[-75.0248,41.5351],[-75.0185,41.5518],[-75.0746,41.6057],[-75.0442,41.618],[-75.0527,41.6884],[-75.0688,41.7082],[-75.0499,41.7133],[-75.0534,41.7525],[-75.1046,41.7742],[-75.0722,41.8137],[-75.1133,41.8228],[-75.1156,41.8446],[-75.1615,41.8498],[-75.1706,41.8716],[-75.1853,41.8599],[-75.2605,41.8638],[-75.2791,41.9389],[-75.2937,41.9546],[-75.3128,41.9502],[-75.3596,41.9994],[-79.7614,41.9991]]]]}},{"type":"Feature","properties":{"STATEFP":"46","STUSPS":"SD","NAME":"South Dakota"},"geometry":{"type":"Polygon","coordinates":[[[-104.0579,44.9976],[-104.0397,44.9981],[-104.0454,45.9453],[-96.5637,45.9352],[-96.5831,45.82],[-96.6626,45.7387],[-96.8358,45.6496],[-96.8578,45.606],[-96.7653,45.5214],[-96.6925,45.4173],[-96.5218,45.3756],[-96.4891,45.3571],[-96.4531,45.2981],[-96.4533,43.5004],[-96.5989,43.5005],[-96.581,43.4814],[-96.6026,43.4496],[-96.5216,43.3856],[-96.5304,43.3],[-96.5885,43.2963],[-96.5852,43.2689],[-96.5526,43.2578],[-96.5685,43.2316],[-96.4767,43.222],[-96.4665,43.1503],[-96.4366,43.1208],[-96.4629,43.0914],[-96.4608,43.064],[-96.5184,43.0421],[-96.4917,43.0097],[-96.5208,42.9804],[-96.5003,42.9594],[-96.5417,42.9226],[-96.5264,42.8919],[-96.5497,42.8703],[-96.5513,42.8366],[-96.5816,42.8375],[-96.597,42.7919],[-96.6349,42.7707],[-96.6195,42.7548],[-96.6386,42.7349],[-96.6247,42.7255],[-96.6306,42.7059],[-96.5753,42.6828],[-96.5163,42.6304],[-96.5299,42.6104],[-96.5095,42.6127],[-96.4858,42.575],[-96.4985,42.5581],[-96.477,42.5561],[-96.493,42.5173],[-96.4754,42.4896],[-96.4455,42.4906],[-96.5013,42.4827],[-96.5488,42.5205],[-96.6115,42.5061],[-96.6436,42.5576],[-96.7093,42.6038],[-96.6913,42.6562],[-96.7932,42.666],[-96.8062,42.7042],[-96.9068,42.7338],[-96.9635,42.7206],[-96.9791,42.7601],[-97.1313,42.7719],[-97.1508,42.7956],[-97.2101,42.8093],[-97.2188,42.8458],[-97.2379,42.8531],[-97.4083,42.8683],[-97.4423,42.8462],[-97.6118,42.8584],[-97.6865,42.8424],[-97.8453,42.8677],[-97.8753,42.8587],[-97.8886,42.8173],[-97.9367,42.7758],[-98.035,42.7642],[-98.1469,42.8398],[-98.1898,42.8416],[-98.4207,42.9319],[-98.4441,42.9292],[-98.4985,42.9986],[-104.053,43.0006],[-104.0579,44.9976]]]}},{"type":"Feature","properties":{"STATEFP":"16","STUSPS":"ID","NAME":"Idaho"},"geometry":{"type":"Polygon","coordinates":[[[-117.2427,44.3965],[-117.2151,44.4272],[-117.2251,44.4823],[-117.1492,44.5362],[-117.1483,44.5644],[-117.1248,44.5838],[-117.0623,44.7271],[-116.9347,44.7839],[-116.8982,44.8543],[-116.8524,44.8876],[-116.8322,44.9314],[-116.8507,44.9581],[-116.8263,44.9825],[-116.857,44.9752],[-116.8479,45.0226],[-116.7296,45.1421],[-116.7032,45.2408],[-116.6745,45.2763],[-116.6738,45.3215],[-116.5882,45.4429],[-116.5548,45.4629],[-116.5576,45.5032],[-116.5286,45.5511],[-116.4636,45.6028],[-116.4879,45.6498],[-116.5354,45.6917],[-116.5466,45.751],[-116.593,45.7785],[-116.6653,45.782],[-116.7118,45.8263],[-116.7827,45.8254],[-116.7961,45.8585],[-116.8598,45.9073],[-116.9427,46.061],[-116.982,46.0849],[-116.9553,46.1022],[-116.9219,46.1678],[-116.9658,46.2034],[-116.9553,46.2309],[-116.9911,46.2763],[-116.9867,46.2967],[-117.0626,46.3525],[-117.0347,46.4183],[-117.0324,48.9992],[-116.0491,49.0008],[-116.0491,47.9768],[-116.0198,47.9632],[-115.9188,47.8537],[-115.8523,47.8279],[-115.8319,47.756],[-115.7973,47.7571],[-115.774,47.7179],[-115.7228,47.6947],[-115.7365,47.6547],[-115.6944,47.6238],[-115.6886,47.5943],[-115.7557,47.5483],[-115.6987,47.5317],[-115.7114,47.5168],[-115.6863,47.4849],[-115.63,47.4796],[-115.6401,47.4597],[-115.717,47.4526],[-115.7593,47.4239],[-115.7214,47.4257],[-115.6573,47.4002],[-115.6429,47.3774],[-115.5776,47.3674],[-115.5491,47.3472],[-115.5285,47.2993],[-115.4836,47.2821],[-115.3201,47.2567],[-115.2916,47.21],[-115.3005,47.1881],[-115.2624,47.1817],[-115.2453,47.1518],[-115.1443,47.102],[-115.1311,47.069],[-115.0717,47.0259],[-115.0484,46.9698],[-115.0013,46.9719],[-114.961,46.9304],[-114.9253,46.9187],[-114.948,46.8596],[-114.8982,46.822],[-114.8952,46.8016],[-114.8658,46.8145],[-114.8296,46.783],[-114.7848,46.78],[-114.7656,46.7456],[-114.7886,46.7137],[-114.7673,46.6972],[-114.7139,46.7151],[-114.6986,46.7405],[-114.6646,46.7391],[-114.6215,46.7079],[-114.6422,46.6736],[-114.6053,46.6358],[-114.5413,46.6497],[-114.4671,46.6318],[-114.4244,46.6606],[-114.3585,46.6707],[-114.3211,46.6475],[-114.3225,46.6113],[-114.3437,46.5905],[-114.3298,46.5772],[-114.3472,46.5524],[-114.3428,46.5183],[-114.4026,46.5002],[-114.3685,46.438],[-114.4222,46.3873],[-114.4105,46.3651],[-114.4328,46.3061],[-114.4254,46.2879],[-114.4707,46.266],[-114.4486,46.233],[-114.4441,46.1693],[-114.515,46.1674],[-114.5271,46.1462],[-114.5205,46.1249],[-114.4605,46.0978],[-114.4694,46.0618],[-114.5074,46.0319],[-114.4805,46.0304],[-114.48,45.9929],[-114.4118,45.9779],[-114.4025,45.9579],[-114.4314,45.936],[-114.3873,45.8877],[-114.4107,45.8518],[-114.4383,45.8626],[-114.5093,45.8455],[-114.5665,45.7733],[-114.4954,45.7031],[-114.515,45.685],[-114.499,45.6787],[-114.5091,45.6568],[-114.564,45.6376],[-114.5385,45.6058],[-114.565,45.5578],[-114.5276,45.5708],[-114.4983,45.5555],[-114.4578,45.5617],[-114.4639,45.5454],[-114.4306,45.5295],[-114.4247,45.5099],[-114.3661,45.491],[-114.3296,45.46],[-114.2704,45.4844],[-114.2484,45.5454],[-114.1922,45.5371],[-114.0866,45.5912],[-114.067,45.628],[-114.0188,45.6485],[-114.0274,45.6758],[-114.0155,45.6959],[-113.9881,45.7057],[-113.9619,45.6897],[-113.9353,45.6943],[-113.9195,45.6579],[-113.8952,45.6434],[-113.9037,45.6216],[-113.8612,45.6236],[-113.8074,45.6028],[-113.7971,45.5821],[-113.8209,45.5661],[-113.8345,45.5211],[-113.7666,45.5209],[-113.76,45.4807],[-113.7835,45.452],[-113.7601,45.4274],[-113.776,45.4085],[-113.7344,45.3924],[-113.7381,45.3284],[-113.6808,45.2793],[-113.6925,45.2634],[-113.5919,45.1842],[-113.5907,45.1559],[-113.5654,45.1487],[-113.5698,45.1243],[-113.5103,45.1155],[-113.5225,45.0917],[-113.452,45.0592],[-113.4379,45.0073],[-113.4444,44.9587],[-113.4984,44.9417],[-113.4551,44.8654],[-113.4216,44.8376],[-113.3771,44.8348],[-113.3418,44.7849],[-113.2476,44.8229],[-113.1318,44.773],[-113.1343,44.7523],[-113.0678,44.6788],[-113.0498,44.6291],[-113.0875,44.5995],[-113.0378,44.5651],[-113.0442,44.5434],[-113.008,44.5272],[-113.0265,44.4946],[-113.0051,44.4537],[-112.9396,44.4125],[-112.8892,44.4052],[-112.8551,44.36],[-112.8132,44.3767],[-112.8111,44.3989],[-112.8394,44.4251],[-112.7798,44.4846],[-112.7191,44.5043],[-112.6636,44.4862],[-112.5417,44.4838],[-112.5002,44.463],[-112.472,44.4791],[-112.3873,44.4476],[-112.3585,44.4857],[-112.3542,44.5356],[-112.3192,44.5391],[-112.286,44.5686],[-112.2428,44.5681],[-112.2217,44.5435],[-112.1371,44.5398],[-112.1068,44.5208],[-112.0696,44.5369],[-112.0324,44.5287],[-112.0327,44.5466],[-111.9775,44.5358],[-111.947,44.557],[-111.8688,44.5658],[-111.8215,44.5089],[-111.7017,44.56],[-111.6127,44.5488],[-111.5865,44.5627],[-111.5153,44.537],[-111.4683,44.539],[-111.4693,44.5576],[-111.5074,44.5621],[-111.5013,44.5725],[-111.5226,44.5902],[-111.5216,44.615],[-111.5025,44.6268],[-111.5162,44.6441],[-111.4919,44.6431],[-111.4723,44.6669],[-111.4888,44.7056],[-111.4427,44.7202],[-111.4143,44.7107],[-111.3851,44.7549],[-111.3552,44.7272],[-111.3231,44.7286],[-111.2668,44.6675],[-111.2785,44.6513],[-111.2532,44.6512],[-111.2201,44.623],[-111.2403,44.6137],[-111.2275,44.5772],[-111.181,44.5692],[-111.1738,44.5493],[-111.1314,44.5324],[-111.1274,44.4976],[-111.049,44.4741],[-111.0467,42.0017],[-113.8677,41.9882],[-114.8311,42.0022],[-117.0262,41.9999],[-117.0216,43.8194],[-117.0329,43.83],[-117.0104,43.8448],[-117.02,43.859],[-116.9829,43.8677],[-116.9819,43.9125],[-116.9588,43.9232],[-116.9723,43.9584],[-116.9592,43.9664],[-116.9762,43.9747],[-116.9356,43.9869],[-116.9373,44.0294],[-116.9732,44.0494],[-116.9774,44.0854],[-116.9337,44.1],[-116.8941,44.1602],[-116.9254,44.1915],[-116.9717,44.1973],[-116.9759,44.2428],[-117.0319,44.2486],[-117.053,44.2291],[-117.1042,44.2799],[-117.1434,44.2583],[-117.1981,44.2738],[-117.2226,44.2976],[-117.1898,44.3366],[-117.2427,44.3965]]]}},{"type":"Feature","properties":{"STATEFP":"11","STUSPS":"DC","NAME":"District of Columbia"},"geometry":{"type":"Polygon","coordinates":[[[-77.1198,38.9343],[-77.041,38.9951],[-76.9094,38.8928],[-77.039,38.7916],[-77.0406,38.8712],[-77.1198,38.9343]]]}},{"type":"Feature","properties":{"STATEFP":"40","STUSPS":"OK","NAME":"Oklahoma"},"geometry":{"type":"Polygon","coordinates":[[[-103.0024,36.5004],[-103.0022,37.0001],[-94.618,36.9989],[-94.6179,36.4994],[-94.4307,35.3925],[-94.4875,33.6289],[-94.5046,33.6207],[-94.5173,33.6327],[-94.5274,33.6158],[-94.5275,33.6413],[-94.5695,33.6278],[-94.5433,33.6557],[-94.5908,33.6456],[-94.5603,33.6666],[-94.5799,33.6662],[-94.5871,33.6858],[-94.598,33.6634],[-94.6224,33.6824],[-94.638,33.6646],[-94.6693,33.6644],[-94.6455,33.6735],[-94.6443,33.7017],[-94.651,33.6866],[-94.7162,33.6879],[-94.7017,33.7034],[-94.7323,33.716],[-94.7166,33.6952],[-94.7359,33.6916],[-94.7538,33.7077],[-94.7352,33.7266],[-94.7521,33.7138],[-94.7525,33.7345],[-94.7883,33.7353],[-94.7578,33.7501],[-94.7644,33.7602],[-94.8023,33.7328],[-94.8218,33.7688],[-94.8225,33.7327],[-94.8693,33.7459],[-94.8681,33.7689],[-94.8765,33.7574],[-94.922,33.7916],[-94.9148,33.8245],[-94.9479,33.8084],[-94.9438,33.8293],[-94.9644,33.837],[-94.9689,33.8609],[-94.9885,33.851],[-95.0466,33.8626],[-95.0724,33.9027],[-95.0657,33.916],[-95.0896,33.8809],[-95.1002,33.8961],[-95.0824,33.9218],[-95.122,33.9048],[-95.1247,33.9347],[-95.2176,33.9626],[-95.2502,33.9385],[-95.2527,33.8942],[-95.283,33.9074],[-95.2893,33.8731],[-95.3264,33.8861],[-95.3625,33.8666],[-95.4409,33.8664],[-95.4642,33.8734],[-95.4617,33.887],[-95.5023,33.8747],[-95.5107,33.8979],[-95.5452,33.8803],[-95.5545,33.9281],[-95.5938,33.943],[-95.6291,33.9059],[-95.6655,33.909],[-95.6979,33.8861],[-95.7564,33.8926],[-95.7517,33.8556],[-95.7706,33.8453],[-95.8051,33.8613],[-95.8375,33.8356],[-95.9296,33.885],[-95.9443,33.8598],[-95.9843,33.8527],[-96.0034,33.8723],[-95.9959,33.8557],[-96.0196,33.8406],[-96.0239,33.8571],[-96.0488,33.8365],[-96.1001,33.848],[-96.0994,33.8305],[-96.1481,33.8378],[-96.1508,33.817],[-96.179,33.8106],[-96.1704,33.7994],[-96.1564,33.8133],[-96.1781,33.7605],[-96.229,33.748],[-96.2937,33.7694],[-96.3169,33.699],[-96.3483,33.6864],[-96.4226,33.776],[-96.5003,33.7726],[-96.5267,33.8209],[-96.5729,33.8191],[-96.6293,33.8455],[-96.5879,33.8948],[-96.6283,33.8945],[-96.6672,33.9169],[-96.6996,33.839],[-96.7616,33.8244],[-96.7943,33.8689],[-96.8322,33.8748],[-96.8506,33.8472],[-96.8753,33.8605],[-96.9163,33.9578],[-96.9738,33.9357],[-96.9813,33.9564],[-96.9962,33.9417],[-96.9838,33.8909],[-97.0214,33.8464],[-97.0412,33.8378],[-97.0681,33.8605],[-97.0895,33.8498],[-97.0481,33.8175],[-97.0921,33.8041],[-97.0862,33.7439],[-97.1261,33.7169],[-97.1631,33.7293],[-97.1928,33.7612],[-97.2035,33.8218],[-97.1666,33.8473],[-97.1808,33.8952],[-97.2109,33.9161],[-97.2449,33.9031],[-97.2566,33.8633],[-97.2756,33.8582],[-97.3101,33.8885],[-97.3287,33.8554],[-97.3325,33.8843],[-97.3655,33.8238],[-97.4265,33.8194],[-97.4629,33.8418],[-97.4515,33.8709],[-97.4604,33.9039],[-97.501,33.9196],[-97.5811,33.8997],[-97.5971,33.9179],[-97.5904,33.9541],[-97.6718,33.9914],[-97.7253,33.941],[-97.7628,33.9344],[-97.7638,33.9142],[-97.7851,33.9168],[-97.7823,33.8923],[-97.7978,33.8993],[-97.8343,33.8577],[-97.8714,33.849],[-97.9678,33.8824],[-97.9845,33.9007],[-97.9572,33.9145],[-97.9534,33.9364],[-97.9742,33.9428],[-97.9457,33.9898],[-97.9742,34.0067],[-98.0277,33.9934],[-98.0882,34.0055],[-98.1063,34.0342],[-98.0838,34.0417],[-98.1202,34.0721],[-98.0898,34.1282],[-98.1095,34.1541],[-98.1691,34.1142],[-98.3656,34.157],[-98.3845,34.146],[-98.3798,34.1312],[-98.395,34.1313],[-98.4116,34.0881],[-98.4863,34.0626],[-98.5606,34.1236],[-98.5505,34.1322],[-98.5998,34.1606],[-98.6481,34.1644],[-98.6906,34.133],[-98.757,34.1246],[-98.813,34.1584],[-98.8681,34.1496],[-98.8729,34.1666],[-98.9525,34.2126],[-98.9741,34.2036],[-98.9873,34.2212],[-99.0435,34.1982],[-99.0795,34.2115],[-99.1266,34.203],[-99.1306,34.2194],[-99.1895,34.2143],[-99.1963,34.2815],[-99.2114,34.2927],[-99.2069,34.3383],[-99.2292,34.3365],[-99.2429,34.3727],[-99.2749,34.3849],[-99.2613,34.4035],[-99.3196,34.4089],[-99.3696,34.4587],[-99.395,34.4421],[-99.3877,34.412],[-99.403,34.3735],[-99.4249,34.3858],[-99.4365,34.3705],[-99.4999,34.4096],[-99.5697,34.4184],[-99.6,34.3747],[-99.695,34.3783],[-99.9232,34.5746],[-100.0004,34.5605],[-100.0004,36.4997],[-103.0024,36.5004]]]}},{"type":"Feature","properties":{"STATEFP":"53","STUSPS":"WA","NAME":"Washington"},"geometry":{"type":"MultiPolygon","coordinates":[[[[-122.3261,48.0103],[-122.3224,48.021],[-122.3035,48.0056],[-122.3261,48.0103]]],[[[-122.5049,47.5465],[-122.4914,47.5454],[-122.4795,47.5419],[-122.4891,47.5295],[-122.5049,47.5465]]],[[[-122.5189,47.3333],[-122.509,47.4611],[-122.4827,47.4831],[-122.4766,47.5111],[-122.4572,47.5058],[-122.46,47.4869],[-122.4334,47.4664],[-122.4377,47.4074],[-122.3736,47.3887],[-122.4378,47.3656],[-122.4575,47.3426],[-122.4745,47.3591],[-122.4331,47.3881],[-122.4396,47.4042],[-122.46,47.4016],[-122.4645,47.3907],[-122.445,47.3894],[-122.4842,47.3801],[-122.4931,47.3303],[-122.5189,47.3333]]],[[[-122.5275,48.3597],[-122.5302,48.3657],[-122.5245,48.3624],[-122.5275,48.3597]]],[[[-122.5507,48.5215],[-122.5449,48.5259],[-122.5454,48.5206],[-122.5507,48.5215]]],[[[-122.555,48.5347],[-122.5581,48.5371],[-122.5544,48.5369],[-122.555,48.5347]]],[[[-122.5702,48.5358],[-122.5686,48.538],[-122.5668,48.5361],[-122.5702,48.5358]]],[[[-122.5623,48.3979],[-122.5753,48.401],[-122.5601,48.4027],[-122.5623,48.3979]]],[[[-122.5795,48.4118],[-122.5779,48.4152],[-122.5769,48.4149],[-122.5795,48.4118]]],[[[-122.5908,47.6633],[-122.5657,47.6659],[-122.5528,47.7208],[-122.5283,47.7],[-122.5112,47.7087],[-122.4978,47.6618],[-122.5183,47.6521],[-122.4891,47.6332],[-122.5259,47.6192],[-122.5004,47.6178],[-122.4985,47.5972],[-122.5161,47.5957],[-122.4803,47.5833],[-122.5184,47.5741],[-122.548,47.6037],[-122.5733,47.5946],[-122.5908,47.6633]]],[[[-122.5838,48.6452],[-122.5838,48.66],[-122.5776,48.6476],[-122.5838,48.6452]]],[[[-122.6145,48.6131],[-122.6017,48.614],[-122.5985,48.6077],[-122.6061,48.6059],[-122.6145,48.6131]]],[[[-122.6134,48.5791],[-122.6129,48.5827],[-122.6093,48.5809],[-122.6134,48.5791]]],[[[-122.6406,47.1494],[-122.6359,47.164],[-122.6311,47.1677],[-122.6304,47.1535],[-122.6406,47.1494]]],[[[-122.6504,48.7123],[-122.6141,48.7151],[-122.6059,48.6997],[-122.6224,48.6939],[-122.6504,48.7123]]],[[[-122.6536,48.549],[-122.6426,48.5883],[-122.5789,48.5481],[-122.573,48.529],[-122.6404,48.5259],[-122.6536,48.549]]],[[[-122.6696,47.2765],[-122.6281,47.2675],[-122.5905,47.2278],[-122.6142,47.2209],[-122.6696,47.2765]]],[[[-122.6993,48.6211],[-122.6742,48.6299],[-122.657,48.6099],[-122.6768,48.6101],[-122.6993,48.6211]]],[[[-122.7128,48.4673],[-122.6996,48.4697],[-122.6949,48.4624],[-122.7057,48.4592],[-122.7128,48.4673]]],[[[-122.6909,48.4728],[-122.7092,48.4841],[-122.6861,48.4869],[-122.6909,48.4728]]],[[[-122.7223,48.7316],[-122.7157,48.7487],[-122.6875,48.7347],[-122.6652,48.6974],[-122.6182,48.6707],[-122.6086,48.6404],[-122.7223,48.7316]]],[[[-122.7269,47.2074],[-122.6852,47.2324],[-122.6418,47.205],[-122.6777,47.1911],[-122.7269,47.2074]]],[[[-122.7405,48.585],[-122.7111,48.6093],[-122.6682,48.5664],[-122.6961,48.5543],[-122.6859,48.5431],[-122.7224,48.5406],[-122.7189,48.5618],[-122.7405,48.585]]],[[[-122.7417,47.155],[-122.7067,47.1874],[-122.6739,47.1747],[-122.6755,47.142],[-122.6948,47.1438],[-122.6947,47.1259],[-122.7417,47.155]]],[[[-122.7666,48.7078],[-122.7596,48.6957],[-122.7608,48.6943],[-122.7643,48.6957],[-122.7666,48.7078]]],[[[-122.7699,48.2275],[-122.6737,48.3547],[-122.6647,48.4015],[-122.5967,48.4056],[-122.5802,48.3748],[-122.5971,48.3557],[-122.516,48.3204],[-122.5058,48.2977],[-122.5584,48.2722],[-122.5749,48.2949],[-122.6185,48.2942],[-122.6311,48.2671],[-122.643,48.2888],[-122.6627,48.2776],[-122.6587,48.2445],[-122.7324,48.2261],[-122.7212,48.2138],[-122.6483,48.2269],[-122.6064,48.2083],[-122.5679,48.1486],[-122.5577,48.1179],[-122.5719,48.1021],[-122.5463,48.076],[-122.5415,48.0177],[-122.5097,48.0398],[-122.5254,48.0965],[-122.4918,48.0971],[-122.4451,48.0517],[-122.3763,48.0345],[-122.3496,47.9588],[-122.3773,47.9059],[-122.3954,47.9221],[-122.431,47.9147],[-122.4467,47.9632],[-122.4727,47.9884],[-122.5468,47.9672],[-122.5429,47.9964],[-122.6073,48.031],[-122.5936,48.0472],[-122.614,48.0728],[-122.5983,48.1106],[-122.6127,48.1559],[-122.6796,48.1551],[-122.6931,48.1815],[-122.7699,48.2275]]],[[[-122.7748,48.6964],[-122.7759,48.7026],[-122.7745,48.703],[-122.7748,48.6964]]],[[[-122.8154,48.5899],[-122.8148,48.6],[-122.8046,48.5978],[-122.8154,48.5899]]],[[[-122.8311,48.5725],[-122.8109,48.5889],[-122.769,48.5593],[-122.8077,48.5313],[-122.8311,48.5725]]],[[[-122.8341,47.2568],[-122.8401,47.2681],[-122.8253,47.2705],[-122.8341,47.2568]]],[[[-122.842,48.3169],[-122.8425,48.3213],[-122.8382,48.3197],[-122.842,48.3169]]],[[[-122.8344,48.7435],[-122.8407,48.7495],[-122.8281,48.7453],[-122.8344,48.7435]]],[[[-122.9184,48.767],[-122.8987,48.7699],[-122.8894,48.7673],[-122.9123,48.7624],[-122.8834,48.7521],[-122.9122,48.7506],[-122.9184,48.767]]],[[[-122.9353,48.1213],[-122.9278,48.1328],[-122.9096,48.1266],[-122.9353,48.1213]]],[[[-122.9443,48.4579],[-122.932,48.5175],[-122.9161,48.523],[-122.9203,48.5507],[-122.8847,48.5732],[-122.883,48.5552],[-122.865,48.5614],[-122.8737,48.5447],[-122.8418,48.54],[-122.8733,48.506],[-122.8507,48.4817],[-122.8493,48.4472],[-122.8267,48.4607],[-122.837,48.5168],[-122.793,48.5254],[-122.7694,48.5121],[-122.8162,48.4878],[-122.8186,48.4574],[-122.8001,48.4472],[-122.8126,48.421],[-122.839,48.4317],[-122.8953,48.421],[-122.8771,48.4287],[-122.8888,48.437],[-122.8621,48.4396],[-122.9262,48.437],[-122.9175,48.456],[-122.9443,48.4579]]],[[[-122.9704,48.7864],[-122.9446,48.7867],[-122.9416,48.7842],[-122.948,48.7811],[-122.9704,48.7864]]],[[[-123.0174,48.5901],[-122.9666,48.5947],[-122.9378,48.5746],[-122.9221,48.5871],[-122.9028,48.5785],[-122.9483,48.5469],[-122.987,48.5571],[-122.9725,48.5587],[-123.0174,48.5901]]],[[[-123.0156,48.6028],[-123.0172,48.6063],[-123.0151,48.6068],[-123.0156,48.6028]]],[[[-123.025,48.5941],[-123.0192,48.5974],[-123.0184,48.5948],[-123.025,48.5941]]],[[[-123.0303,48.6299],[-122.9488,48.6937],[-122.9518,48.7122],[-122.8776,48.7127],[-122.7415,48.6603],[-122.8088,48.6199],[-122.7999,48.6018],[-122.8298,48.6012],[-122.831,48.6198],[-122.8817,48.6535],[-122.885,48.69],[-122.9181,48.6896],[-122.9098,48.6539],[-122.8619,48.6123],[-122.8842,48.5887],[-122.9475,48.5972],[-122.953,48.6253],[-122.9839,48.6421],[-122.9929,48.6346],[-122.9712,48.6038],[-123.0039,48.593],[-122.9932,48.6095],[-123.0032,48.6209],[-123.028,48.6108],[-123.0303,48.6299]]],[[[-123.0333,48.5908],[-123.0321,48.5932],[-123.0286,48.593],[-123.0333,48.5908]]],[[[-123.0384,48.7316],[-123.0321,48.7331],[-123.0318,48.7321],[-123.0384,48.7316]]],[[[-123.0504,48.6119],[-123.0425,48.6187],[-123.0386,48.6105],[-123.0504,48.6119]]],[[[-123.0679,48.7003],[-123.0098,48.7223],[-123.0047,48.6978],[-123.0423,48.6757],[-123.0364,48.6901],[-123.0679,48.7003]]],[[[-123.0869,48.6452],[-123.0784,48.6496],[-123.077,48.6477],[-123.0869,48.6452]]],[[[-123.0905,49.002],[-123.0354,49.0022],[-123.0215,48.9773],[-123.084,48.9715],[-123.0905,49.002]]],[[[-123.1314,48.6485],[-123.128,48.6507],[-123.1235,48.6477],[-123.1314,48.6485]]],[[[-123.1518,48.6388],[-123.1499,48.6414],[-123.1473,48.6385],[-123.1518,48.6388]]],[[[-123.1636,48.6492],[-123.1278,48.6437],[-123.1051,48.6334],[-123.1381,48.6385],[-123.1636,48.6492]]],[[[-123.2033,48.5955],[-123.1797,48.622],[-123.1053,48.6226],[-123.1005,48.599],[-123.0113,48.5596],[-122.9952,48.5355],[-122.9698,48.5361],[-122.9824,48.5145],[-123.0164,48.5186],[-123.0206,48.501],[-123.0059,48.4709],[-122.9638,48.4671],[-122.961,48.4512],[-123.0369,48.4579],[-123.133,48.4983],[-123.1632,48.5301],[-123.1711,48.5757],[-123.2033,48.5955]]],[[[-123.2361,48.685],[-123.1832,48.6843],[-123.1275,48.6568],[-123.1828,48.6574],[-123.2361,48.685]]],[[[-123.8845,46.9658],[-123.8648,46.9651],[-123.8534,46.9587],[-123.8605,46.9561],[-123.8845,46.9658]]],[[[-124.4838,47.6721],[-124.4851,47.6775],[-124.4807,47.6798],[-124.4838,47.6721]]],[[[-124.5081,47.7975],[-124.5072,47.7992],[-124.5044,47.7969],[-124.5081,47.7975]]],[[[-124.5994,48.3768],[-124.5994,48.3855],[-124.5929,48.3779],[-124.5994,48.3768]]],[[[-124.6516,47.9053],[-124.6457,47.9074],[-124.6459,47.9042],[-124.6516,47.9053]]],[[[-124.7328,48.1653],[-124.6961,48.1986],[-124.6904,48.2197],[-124.7059,48.2399],[-124.6847,48.2552],[-124.6863,48.2874],[-124.6659,48.2993],[-124.6589,48.3311],[-124.696,48.3443],[-124.7318,48.3812],[-124.6763,48.3914],[-124.6357,48.3882],[-124.6217,48.3678],[-124.5648,48.3679],[-124.2959,48.2587],[-124.2386,48.2625],[-124.1018,48.2169],[-124.1077,48.2001],[-124.0507,48.1777],[-123.981,48.1648],[-123.8072,48.1548],[-123.7095,48.1676],[-123.5908,48.1349],[-123.5511,48.1514],[-123.5072,48.1318],[-123.4401,48.142],[-123.4034,48.1414],[-123.4621,48.1347],[-123.4247,48.1181],[-123.3327,48.113],[-123.2391,48.1182],[-123.1448,48.1759],[-123.1019,48.185],[-123.1421,48.1571],[-123.0589,48.114],[-123.0406,48.0843],[-123.0468,48.0576],[-123.0206,48.0327],[-122.9971,48.024],[-123.0215,48.0841],[-122.9163,48.0954],[-122.9274,48.0645],[-122.8752,48.0464],[-122.8584,48.0177],[-122.8846,47.9897],[-122.8395,48.0018],[-122.8269,48.0461],[-122.8892,48.0771],[-122.8849,48.1051],[-122.8379,48.1365],[-122.7545,48.1443],[-122.7625,48.1312],[-122.7489,48.117],[-122.8014,48.0876],[-122.7653,48.0576],[-122.7651,48.0406],[-122.7399,48.0312],[-122.7483,48.0721],[-122.7333,48.0912],[-122.6876,48.1013],[-122.6706,48.0176],[-122.731,48.0213],[-122.7181,47.9877],[-122.6788,47.9679],[-122.682,47.9214],[-122.6992,47.9187],[-122.6774,47.9163],[-122.6577,47.9312],[-122.6478,47.896],[-122.6103,47.8873],[-122.6381,47.8655],[-122.6938,47.868],[-122.6873,47.831],[-122.7488,47.8017],[-122.7564,47.7513],[-122.7835,47.7224],[-122.7722,47.6917],[-122.7849,47.6873],[-122.8333,47.6925],[-122.7898,47.7909],[-122.7976,47.8259],[-122.8207,47.838],[-122.815,47.8075],[-122.8418,47.779],[-122.8551,47.7823],[-122.8473,47.801],[-122.8647,47.8047],[-122.8511,47.7385],[-122.8827,47.7312],[-122.8782,47.6901],[-122.9062,47.671],[-122.9041,47.6456],[-122.9274,47.651],[-122.9816,47.6131],[-123.0574,47.5008],[-123.1144,47.4633],[-123.1596,47.3544],[-123.1231,47.3378],[-123.103,47.3575],[-123.0303,47.3509],[-122.8746,47.4139],[-122.8677,47.4221],[-122.8884,47.424],[-122.9775,47.3962],[-123.0296,47.3588],[-123.1197,47.3855],[-122.9651,47.5852],[-122.8553,47.6476],[-122.8282,47.6551],[-122.8334,47.6378],[-122.7525,47.6678],[-122.7483,47.7179],[-122.7148,47.7675],[-122.6081,47.8567],[-122.5737,47.8576],[-122.5882,47.9129],[-122.6179,47.9253],[-122.617,47.939],[-122.5253,47.9123],[-122.5061,47.8317],[-122.4825,47.8155],[-122.5019,47.7907],[-122.4718,47.7498],[-122.5545,47.7457],[-122.5497,47.7309],[-122.5878,47.6912],[-122.6127,47.7119],[-122.6311,47.7073],[-122.6145,47.7016],[-122.6189,47.651],[-122.5911,47.6355],[-122.5917,47.5946],[-122.6075,47.5692],[-122.6984,47.5267],[-122.6063,47.5469],[-122.555,47.59],[-122.5527,47.5699],[-122.5328,47.5655],[-122.5473,47.5236],[-122.4953,47.511],[-122.5323,47.4692],[-122.5319,47.4288],[-122.5523,47.3946],[-122.5385,47.3759],[-122.576,47.3264],[-122.5475,47.2853],[-122.5858,47.2539],[-122.6001,47.2624],[-122.5924,47.272],[-122.6958,47.2814],[-122.678,47.3315],[-122.6585,47.3331],[-122.6713,47.3438],[-122.6262,47.3756],[-122.6839,47.3652],[-122.7296,47.3387],[-122.752,47.2906],[-122.7574,47.274],[-122.7184,47.2515],[-122.7189,47.2265],[-122.741,47.2062],[-122.7486,47.2197],[-122.7441,47.1786],[-122.7716,47.1671],[-122.8328,47.2434],[-122.7871,47.2997],[-122.789,47.3384],[-122.7691,47.3405],[-122.7961,47.347],[-122.7892,47.3615],[-122.8067,47.3578],[-122.8267,47.4058],[-122.8198,47.3278],[-122.8544,47.3096],[-122.8475,47.297],[-122.8715,47.2769],[-122.8703,47.2486],[-122.8392,47.2097],[-122.8632,47.1705],[-122.8418,47.1632],[-122.8478,47.1306],[-122.8299,47.1168],[-122.8152,47.1791],[-122.7863,47.1271],[-122.7132,47.0935],[-122.6765,47.1021],[-122.5908,47.1781],[-122.5297,47.2833],[-122.5474,47.3177],[-122.4368,47.2619],[-122.4092,47.2886],[-122.4446,47.3004],[-122.43,47.3197],[-122.3248,47.3485],[-122.3273,47.3956],[-122.3551,47.4419],[-122.3831,47.4505],[-122.3616,47.4853],[-122.394,47.5097],[-122.3983,47.5501],[-122.4211,47.576],[-122.3395,47.5991],[-122.4369,47.6617],[-122.4092,47.6717],[-122.4034,47.6977],[-122.3764,47.7165],[-122.3956,47.8068],[-122.3359,47.8523],[-122.307,47.9491],[-122.23,47.9709],[-122.219,48.0203],[-122.2899,48.0524],[-122.2721,48.0537],[-122.3616,48.1202],[-122.3703,48.1648],[-122.3575,48.1823],[-122.3839,48.2275],[-122.4496,48.2326],[-122.4421,48.2094],[-122.479,48.1757],[-122.359,48.0549],[-122.4675,48.1304],[-122.49,48.1206],[-122.5106,48.1322],[-122.5372,48.1837],[-122.531,48.2498],[-122.4809,48.2517],[-122.464,48.2705],[-122.397,48.2532],[-122.3717,48.2993],[-122.4889,48.3669],[-122.5079,48.3605],[-122.4955,48.3741],[-122.534,48.3758],[-122.5555,48.4201],[-122.5715,48.4188],[-122.5504,48.4484],[-122.6186,48.4126],[-122.6561,48.4078],[-122.6742,48.4247],[-122.6771,48.4441],[-122.6544,48.4576],[-122.6683,48.4863],[-122.7029,48.492],[-122.6845,48.5091],[-122.6,48.5209],[-122.6062,48.5069],[-122.5806,48.4637],[-122.579,48.4924],[-122.5587,48.4998],[-122.525,48.4583],[-122.4702,48.4688],[-122.5044,48.5648],[-122.5608,48.5816],[-122.4959,48.5759],[-122.4689,48.5573],[-122.4253,48.5995],[-122.5099,48.6644],[-122.4912,48.6836],[-122.5192,48.7172],[-122.4904,48.7511],[-122.5358,48.7761],[-122.6081,48.7628],[-122.6519,48.7159],[-122.6735,48.7331],[-122.6468,48.785],[-122.7003,48.8048],[-122.7103,48.787],[-122.7171,48.8472],[-122.7932,48.8929],[-122.7513,48.9112],[-122.7492,48.9348],[-122.8216,48.9414],[-122.758,49.0024],[-117.0324,48.9992],[-117.0347,46.4183],[-117.0627,46.3536],[-116.9867,46.2967],[-116.9911,46.2763],[-116.9553,46.2309],[-116.9658,46.2034],[-116.9219,46.1678],[-116.9553,46.1022],[-116.9825,46.0894],[-116.9427,46.061],[-116.916,45.9954],[-118.9871,45.9999],[-119.0271,45.9691],[-119.1261,45.9329],[-119.2571,45.9399],[-119.4878,45.9063],[-119.6005,45.9196],[-119.6699,45.8569],[-119.9657,45.8244],[-120.1705,45.762],[-120.2108,45.726],[-120.4824,45.6944],[-120.5595,45.7383],[-120.635,45.7458],[-120.6894,45.7158],[-120.8557,45.6715],[-120.8956,45.6429],[-120.944,45.6564],[-121.0644,45.6525],[-121.1455,45.6079],[-121.1966,45.6167],[-121.2158,45.6712],[-121.3378,45.7049],[-121.4236,45.694],[-121.5331,45.7265],[-121.7074,45.6948],[-121.8113,45.7068],[-121.8672,45.6933],[-121.9083,45.6544],[-121.983,45.6228],[-122.1017,45.5835],[-122.1837,45.5777],[-122.2667,45.5438],[-122.3315,45.5482],[-122.3803,45.5759],[-122.4387,45.5636],[-122.675,45.618],[-122.7638,45.6571],[-122.7745,45.6804],[-122.7615,45.7592],[-122.7956,45.81],[-122.785,45.8677],[-122.8115,45.9127],[-122.814,45.961],[-122.8781,46.0313],[-122.9041,46.0837],[-123.0042,46.1338],[-123.1159,46.1853],[-123.1664,46.189],[-123.2802,46.1448],[-123.3714,46.1464],[-123.431,46.1816],[-123.4276,46.2293],[-123.4748,46.2678],[-123.6695,46.2668],[-123.6806,46.296],[-123.7007,46.3046],[-123.7667,46.2735],[-123.8061,46.2836],[-123.8755,46.2398],[-123.9231,46.2518],[-124.0013,46.3133],[-124.0493,46.2958],[-124.042,46.2761],[-124.0778,46.2723],[-124.0574,46.4093],[-124.0643,46.6413],[-124.0353,46.636],[-124.0524,46.62],[-124.0236,46.5826],[-124.0317,46.4964],[-124.0153,46.3787],[-123.9537,46.3788],[-123.9499,46.4103],[-123.9653,46.4087],[-123.9653,46.4333],[-123.9917,46.4488],[-123.9927,46.4886],[-123.9791,46.4974],[-123.9708,46.4754],[-123.9425,46.4652],[-123.9426,46.4878],[-123.9243,46.5112],[-123.8955,46.5141],[-123.8933,46.5396],[-123.9537,46.6051],[-123.9606,46.6364],[-123.9361,46.627],[-123.9233,46.6727],[-123.8294,46.7134],[-123.8767,46.7307],[-123.8888,46.7504],[-123.9164,46.7413],[-123.9135,46.7267],[-123.975,46.7334],[-123.9737,46.7034],[-124.0922,46.7416],[-124.1081,46.8364],[-124.1382,46.9055],[-124.093,46.9017],[-124.0893,46.8677],[-124.0731,46.8615],[-124.0463,46.894],[-123.9851,46.9219],[-123.8389,46.954],[-123.8591,46.9676],[-124.0122,46.9852],[-124.0052,47.0039],[-124.0263,47.0302],[-124.1221,47.0416],[-124.1513,47.0211],[-124.1274,46.9455],[-124.1062,46.9376],[-124.1355,46.9435],[-124.1739,46.9272],[-124.1735,47.0664],[-124.209,47.2182],[-124.2363,47.2873],[-124.2794,47.3043],[-124.2999,47.3484],[-124.3194,47.3556],[-124.3662,47.5824],[-124.4252,47.7384],[-124.4539,47.7653],[-124.48,47.7673],[-124.4897,47.817],[-124.541,47.8341],[-124.5799,47.8746],[-124.6105,47.8717],[-124.6414,47.9079],[-124.6454,47.9353],[-124.6762,47.967],[-124.6965,48.0693],[-124.6871,48.0987],[-124.7328,48.1653]]],[[[-124.7465,48.3914],[-124.7372,48.3956],[-124.7322,48.3909],[-124.7465,48.3914]]],[[[-124.7486,48.1549],[-124.7514,48.1606],[-124.7455,48.1555],[-124.7486,48.1549]]],[[[-124.7623,48.1756],[-124.7557,48.1756],[-124.7552,48.1742],[-124.7623,48.1756]]]]}},{"type":"Feature","properties":{"STATEFP":"72","STUSPS":"PR","NAME":"Puerto Rico"},"geometry":{"type":"MultiPolygon","coordinates":[[[[-65.2377,18.3212],[-65.2214,18.3216],[-65.2211,18.3116],[-65.2301,18.3108],[-65.2377,18.3212]]],[[[-65.2667,18.3416],[-65.2552,18.3421],[-65.246,18.3346],[-65.2566,18.3332],[-65.2667,18.3416]]],[[[-65.3375,18.3027],[-65.3296,18.3159],[-65.3278,18.296],[-65.3375,18.3027]]],[[[-65.3415,18.3471],[-65.319,18.3292],[-65.2773,18.3324],[-65.2446,18.3045],[-65.2587,18.3082],[-65.2631,18.2897],[-65.3023,18.3095],[-65.2808,18.2884],[-65.2873,18.2782],[-65.3415,18.3471]]],[[[-65.5702,18.3762],[-65.5704,18.3785],[-65.5678,18.378],[-65.5702,18.3762]]],[[[-65.5689,18.3442],[-65.5648,18.3479],[-65.5678,18.3439],[-65.5689,18.3442]]],[[[-65.577,18.1197],[-65.4,18.1622],[-65.2677,18.134],[-65.3084,18.1346],[-65.3464,18.111],[-65.3404,18.1198],[-65.3619,18.1307],[-65.3769,18.1074],[-65.4093,18.1139],[-65.4188,18.1014],[-65.4292,18.1133],[-65.4232,18.0961],[-65.4482,18.1046],[-65.4474,18.0878],[-65.4798,18.0966],[-65.5328,18.0801],[-65.5694,18.092],[-65.577,18.1197]]],[[[-65.5781,18.2462],[-65.5766,18.2501],[-65.5758,18.2492],[-65.5781,18.2462]]],[[[-65.5921,18.385],[-65.5839,18.3866],[-65.5837,18.3836],[-65.5921,18.385]]],[[[-65.5979,18.2477],[-65.5856,18.2565],[-65.5828,18.2483],[-65.5979,18.2477]]],[[[-65.6043,18.2109],[-65.5995,18.2133],[-65.599,18.2111],[-65.6043,18.2109]]],[[[-66.1373,18.4666],[-66.1345,18.4721],[-66.1356,18.4666],[-66.1373,18.4666]]],[[[-66.5299,17.884],[-66.5241,17.8964],[-66.5108,17.9021],[-66.514,17.8939],[-66.5299,17.884]]],[[[-67.2712,18.3625],[-67.1573,18.4178],[-67.1662,18.4846],[-67.0986,18.5154],[-66.9016,18.4833],[-66.7896,18.4929],[-66.7099,18.472],[-66.6214,18.4931],[-66.4545,18.4692],[-66.3983,18.4926],[-66.2201,18.4661],[-66.1843,18.4756],[-66.173,18.451],[-66.1405,18.4643],[-66.1109,18.4285],[-66.0819,18.4395],[-66.124,18.4716],[-66.0232,18.4439],[-65.9906,18.4604],[-65.8971,18.4511],[-65.837,18.432],[-65.8148,18.4094],[-65.7896,18.4213],[-65.7961,18.4044],[-65.7704,18.4131],[-65.7431,18.3804],[-65.7235,18.3894],[-65.675,18.3626],[-65.6435,18.3785],[-65.6332,18.3697],[-65.6184,18.3875],[-65.636,18.348],[-65.6253,18.3037],[-65.6362,18.2884],[-65.6252,18.2565],[-65.6064,18.2618],[-65.5903,18.2281],[-65.611,18.2116],[-65.6279,18.2355],[-65.6392,18.2282],[-65.6328,18.2006],[-65.6651,18.2069],[-65.6908,18.1961],[-65.6924,18.1789],[-65.7334,18.1818],[-65.7669,18.1493],[-65.8017,18.0587],[-65.8383,18.054],[-65.8359,18.0132],[-65.9164,17.9762],[-65.9775,17.9676],[-66.0164,17.98],[-66.0475,17.9532],[-66.0808,17.9667],[-66.1558,17.9292],[-66.2081,17.9324],[-66.213,17.9434],[-66.1753,17.9487],[-66.2067,17.9632],[-66.2463,17.9389],[-66.2883,17.9426],[-66.2903,17.9606],[-66.3207,17.9785],[-66.3638,17.9674],[-66.3862,17.9382],[-66.4647,17.9909],[-66.579,17.9617],[-66.6133,17.9633],[-66.6275,17.9827],[-66.6738,17.9671],[-66.7253,17.9921],[-66.7566,17.9757],[-66.7675,18.0069],[-66.8059,17.9851],[-66.8057,17.9751],[-66.7837,17.9855],[-66.7873,17.9727],[-66.8361,17.9506],[-66.9025,17.9491],[-66.9252,17.9732],[-66.9312,17.9616],[-66.9093,17.9524],[-66.9325,17.9399],[-66.9241,17.9267],[-66.9572,17.9314],[-66.9868,17.9706],[-67.003,17.9607],[-67.0139,17.9745],[-67.0652,17.9756],[-67.1029,17.9463],[-67.1806,17.9644],[-67.1861,17.9312],[-67.2127,17.9526],[-67.2151,17.9829],[-67.1718,18.0214],[-67.2098,18.0362],[-67.1841,18.07],[-67.1994,18.0911],[-67.1822,18.11],[-67.1853,18.1649],[-67.1533,18.206],[-67.1956,18.2897],[-67.2364,18.3014],[-67.2712,18.3625]]],[[[-67.4791,18.3792],[-67.479,18.3893],[-67.4736,18.3822],[-67.4791,18.3792]]],[[[-67.9447,18.0846],[-67.933,18.1125],[-67.9091,18.1195],[-67.861,18.1219],[-67.8438,18.0961],[-67.8822,18.0548],[-67.9447,18.0846]]]]}},{"type":"Feature","properties":{"STATEFP":"28","STUSPS":"MS","NAME":"Mississippi"},"geometry":{"type":"MultiPolygon","coordinates":[[[[-88.505,30.2157],[-88.4534,30.2012],[-88.4131,30.2063],[-88.4537,30.1966],[-88.505,30.2157]]],[[[-88.5795,30.3299],[-88.571,30.341],[-88.5682,30.3322],[-88.5795,30.3299]]],[[[-88.7645,30.2438],[-88.7153,30.2523],[-88.5955,30.2242],[-88.7149,30.2437],[-88.7645,30.2438]]],[[[-88.8664,30.3815],[-88.8299,30.3716],[-88.8188,30.3609],[-88.8664,30.3815]]],[[[-88.898,30.2299],[-88.8814,30.2439],[-88.8728,30.2478],[-88.898,30.2299]]],[[[-88.9595,30.2085],[-88.9715,30.213],[-88.9519,30.2128],[-88.9595,30.2085]]],[[[-89.1311,30.231],[-89.078,30.2294],[-89.0657,30.2457],[-89.0851,30.2132],[-89.1311,30.231]]],[[[-91.655,31.2518],[-91.6413,31.2669],[-91.5642,31.2616],[-91.5121,31.2842],[-91.5087,31.3151],[-91.549,31.3473],[-91.5462,31.3825],[-91.569,31.3776],[-91.5783,31.3991],[-91.5652,31.4234],[-91.5406,31.4308],[-91.516,31.3703],[-91.4725,31.3713],[-91.4721,31.3959],[-91.5151,31.4492],[-91.5225,31.5221],[-91.4439,31.5425],[-91.4079,31.5694],[-91.4039,31.5898],[-91.4886,31.5875],[-91.5166,31.6118],[-91.5123,31.6347],[-91.4945,31.645],[-91.4296,31.6114],[-91.401,31.6204],[-91.3979,31.7094],[-91.3718,31.7429],[-91.2634,31.7545],[-91.263,31.767],[-91.286,31.7721],[-91.3655,31.7616],[-91.3457,31.8429],[-91.2934,31.8602],[-91.2822,31.8148],[-91.2556,31.8127],[-91.245,31.8314],[-91.2677,31.8627],[-91.1806,31.918],[-91.1932,31.9357],[-91.1848,31.9656],[-91.1644,31.9826],[-91.1041,31.9904],[-91.0759,32.0168],[-91.0881,32.0345],[-91.1514,32.0493],[-91.1603,32.0704],[-91.1393,32.0818],[-91.0802,32.0484],[-91.0815,32.0778],[-91.0347,32.1011],[-91.005,32.1429],[-91.0029,32.1621],[-91.0583,32.181],[-91.0532,32.1242],[-91.1628,32.1327],[-91.1746,32.155],[-91.1642,32.1969],[-91.0837,32.2264],[-91.0614,32.2186],[-91.039,32.2423],[-91.0029,32.2231],[-90.9952,32.1921],[-90.9694,32.2525],[-90.9795,32.2937],[-90.9478,32.2835],[-90.9222,32.2986],[-90.8756,32.3724],[-90.9124,32.3395],[-90.9936,32.354],[-91.0045,32.3681],[-90.9941,32.4039],[-90.9663,32.421],[-90.9696,32.4395],[-90.9939,32.4509],[-91.0529,32.4384],[-91.116,32.4831],[-91.0937,32.5491],[-91.0381,32.4904],[-90.9992,32.4826],[-90.9872,32.4957],[-91.0804,32.5564],[-91.0102,32.6019],[-91.0143,32.6405],[-91.0384,32.6364],[-91.0498,32.6072],[-91.1199,32.5848],[-91.1536,32.6262],[-91.1277,32.6653],[-91.0547,32.7192],[-91.1653,32.7513],[-91.145,32.8429],[-91.1056,32.8584],[-91.0644,32.9011],[-91.0868,32.9763],[-91.1066,32.9889],[-91.1355,32.9797],[-91.1313,32.9269],[-91.1517,32.9019],[-91.1968,32.9068],[-91.214,32.9272],[-91.1618,33.0198],[-91.1283,33.0343],[-91.1204,33.0545],[-91.2002,33.1069],[-91.1997,33.1285],[-91.1694,33.1426],[-91.1433,33.1298],[-91.0877,33.1354],[-91.0808,33.1822],[-91.1003,33.2194],[-91.0707,33.2273],[-91.0452,33.2654],[-91.0524,33.2854],[-91.0785,33.2833],[-91.1008,33.2383],[-91.1416,33.2995],[-91.1418,33.3501],[-91.0644,33.4185],[-91.0581,33.4465],[-91.087,33.4513],[-91.0995,33.4072],[-91.1488,33.3788],[-91.2092,33.4063],[-91.1319,33.4301],[-91.1169,33.452],[-91.1322,33.4816],[-91.1717,33.497],[-91.1765,33.4446],[-91.2352,33.439],[-91.1826,33.4992],[-91.2334,33.5627],[-91.1649,33.5702],[-91.1287,33.6085],[-91.16,33.6429],[-91.2189,33.6601],[-91.2299,33.6843],[-91.1604,33.7066],[-91.0914,33.6578],[-91.0339,33.6736],[-91.0304,33.6878],[-91.0605,33.7151],[-91.1174,33.7053],[-91.1488,33.7314],[-91.1341,33.7829],[-91.0184,33.7641],[-90.9885,33.7845],[-91.0491,33.816],[-91.0702,33.8453],[-91.0698,33.8727],[-91.0102,33.9316],[-91.0878,33.9593],[-91.0862,34.0064],[-91.0487,33.9927],[-91.0189,34.0032],[-91.0001,33.9664],[-90.9662,33.9647],[-90.9615,33.9799],[-90.9882,34.0192],[-90.8963,34.0252],[-90.8711,34.0812],[-90.8826,34.0966],[-90.9173,34.0926],[-90.9477,34.1096],[-90.9586,34.1355],[-90.91,34.1655],[-90.8472,34.1369],[-90.8076,34.1618],[-90.8166,34.183],[-90.9144,34.1957],[-90.9355,34.2378],[-90.9063,34.2444],[-90.8966,34.2258],[-90.8471,34.2061],[-90.8318,34.2769],[-90.7656,34.2695],[-90.738,34.2893],[-90.7644,34.3637],[-90.6762,34.3711],[-90.6931,34.3226],[-90.6693,34.313],[-90.6575,34.3222],[-90.6585,34.3757],[-90.5862,34.4092],[-90.5777,34.431],[-90.5927,34.4906],[-90.5396,34.5539],[-90.5911,34.6192],[-90.5701,34.6934],[-90.5415,34.6831],[-90.5551,34.6462],[-90.5321,34.6273],[-90.4628,34.6841],[-90.4742,34.7053],[-90.5324,34.6962],[-90.5719,34.7128],[-90.5394,34.7553],[-90.5442,34.7917],[-90.5141,34.8001],[-90.4928,34.7725],[-90.5242,34.7314],[-90.4917,34.7214],[-90.4484,34.7391],[-90.4765,34.7936],[-90.4554,34.8208],[-90.4813,34.8811],[-90.4366,34.8827],[-90.4294,34.8666],[-90.4497,34.8399],[-90.4387,34.8252],[-90.3894,34.8307],[-90.3384,34.8585],[-90.3074,34.8462],[-90.3177,34.8711],[-90.2579,34.8934],[-90.2413,34.919],[-90.2459,34.9487],[-90.3084,34.9957],[-88.2001,34.9956],[-88.1546,34.9224],[-88.0979,34.8922],[-88.4732,31.8939],[-88.3946,30.3501],[-88.4477,30.358],[-88.4538,30.3296],[-88.4801,30.3183],[-88.5269,30.3424],[-88.5798,30.3458],[-88.585,30.3687],[-88.6115,30.356],[-88.6123,30.3734],[-88.7289,30.3427],[-88.8117,30.3852],[-88.7898,30.3863],[-88.8578,30.4302],[-88.8711,30.4179],[-88.8592,30.39],[-89.0164,30.3846],[-89.0898,30.3647],[-89.0933,30.3477],[-89.0988,30.3626],[-89.2857,30.3031],[-89.2918,30.3281],[-89.2687,30.3406],[-89.2925,30.3656],[-89.311,30.361],[-89.308,30.3734],[-89.3359,30.374],[-89.3783,30.3433],[-89.3325,30.3379],[-89.3299,30.3029],[-89.4193,30.2543],[-89.4581,30.1778],[-89.4681,30.1938],[-89.4977,30.1823],[-89.5387,30.1958],[-89.5702,30.1803],[-89.6159,30.2232],[-89.6142,30.2446],[-89.6472,30.2894],[-89.6262,30.3143],[-89.6297,30.3393],[-89.6572,30.3565],[-89.6837,30.4059],[-89.6834,30.4518],[-89.7681,30.515],[-89.7796,30.5443],[-89.8039,30.5493],[-89.7869,30.5691],[-89.808,30.568],[-89.8139,30.6077],[-89.8308,30.6176],[-89.814,30.6382],[-89.8523,30.6629],[-89.8379,30.6725],[-89.8369,30.7347],[-89.8161,30.7394],[-89.8287,30.7395],[-89.8304,30.7798],[-89.8051,30.7906],[-89.7987,30.8209],[-89.7812,30.8201],[-89.7925,30.8504],[-89.7717,30.8547],[-89.7731,30.8983],[-89.7448,30.9189],[-89.7563,30.9435],[-89.7271,30.9674],[-89.7296,31.0039],[-91.6369,30.9994],[-91.5784,31.024],[-91.5599,31.0541],[-91.6265,31.1191],[-91.5901,31.1937],[-91.655,31.2518]]]]}},{"type":"Feature","properties":{"STATEFP":"27","STUSPS":"MN","NAME":"Minnesota"},"geometry":{"type":"MultiPolygon","coordinates":[[[[-89.5864,47.9588],[-89.5749,47.9807],[-89.5535,47.9733],[-89.5864,47.9588]]],[[[-89.6601,47.9508],[-89.6617,47.9548],[-89.6551,47.9527],[-89.6601,47.9508]]],[[[-91.5532,47.0876],[-91.5517,47.0906],[-91.5516,47.0873],[-91.5532,47.0876]]],[[[-97.2392,48.9687],[-97.2284,49.0007],[-95.1537,48.9989],[-95.1533,49.3844],[-95.0584,49.3532],[-94.9575,49.3702],[-94.8162,49.321],[-94.8256,49.2944],[-94.7981,49.1979],[-94.7732,49.1207],[-94.7503,49.0993],[-94.6843,48.884],[-94.6857,48.8401],[-94.7043,48.8243],[-94.6943,48.7822],[-94.6454,48.7441],[-94.5333,48.7012],[-94.4523,48.6924],[-94.4162,48.7109],[-94.2907,48.7077],[-94.2605,48.6964],[-94.2502,48.6563],[-94.2243,48.6495],[-93.8444,48.6302],[-93.8068,48.5776],[-93.8183,48.53],[-93.7945,48.516],[-93.6567,48.5157],[-93.6289,48.5312],[-93.6106,48.5217],[-93.4675,48.5457],[-93.4643,48.5918],[-93.2549,48.6428],[-93.2074,48.6425],[-93.1781,48.6233],[-92.9549,48.6315],[-92.9498,48.6083],[-92.728,48.5393],[-92.6349,48.5429],[-92.6272,48.5034],[-92.6988,48.4949],[-92.7126,48.463],[-92.656,48.4367],[-92.5073,48.4479],[-92.4563,48.4142],[-92.4767,48.3718],[-92.4699,48.3518],[-92.3692,48.2203],[-92.2697,48.2482],[-92.2945,48.2716],[-92.3063,48.3164],[-92.2623,48.3549],[-92.217,48.3451],[-92.145,48.3657],[-92.0552,48.3592],[-92.0466,48.3347],[-92.0001,48.3214],[-92.013,48.2974],[-92.0066,48.2654],[-91.9769,48.2446],[-91.9544,48.2517],[-91.9578,48.233],[-91.8935,48.2377],[-91.8644,48.207],[-91.7149,48.1991],[-91.7246,48.1707],[-91.7053,48.1708],[-91.6982,48.1416],[-91.712,48.1147],[-91.6828,48.1221],[-91.6876,48.1117],[-91.6533,48.1141],[-91.6402,48.0969],[-91.5593,48.1083],[-91.5755,48.0663],[-91.5673,48.0437],[-91.4886,48.0681],[-91.4503,48.0688],[-91.4296,48.0486],[-91.2664,48.0787],[-91.0827,48.1808],[-90.8855,48.2458],[-90.8392,48.2395],[-90.8363,48.177],[-90.8211,48.1847],[-90.7966,48.1594],[-90.7779,48.1638],[-90.798,48.1369],[-90.7821,48.1354],[-90.7516,48.091],[-90.5799,48.1239],[-90.5593,48.1217],[-90.5698,48.107],[-90.5568,48.096],[-90.4677,48.1088],[-90.3745,48.0909],[-90.1362,48.1121],[-90.0236,48.0847],[-89.993,48.0284],[-89.9345,48.0156],[-89.8974,47.9876],[-89.764,48.023],[-89.6511,48.0036],[-89.6104,48.0178],[-89.581,47.9959],[-89.494,48.0047],[-89.601,47.9803],[-89.6245,47.9947],[-89.6496,47.9793],[-89.6383,47.9543],[-89.6814,47.9636],[-89.6818,47.945],[-89.8388,47.8764],[-89.9191,47.864],[-89.9745,47.8311],[-90.1883,47.7771],[-90.5268,47.7065],[-90.777,47.6062],[-91.0456,47.4565],[-91.1548,47.3804],[-91.2492,47.2842],[-91.4615,47.1352],[-91.5738,47.0899],[-91.6421,47.0386],[-91.6374,47.0273],[-91.7046,47.0052],[-91.7807,46.9433],[-91.8461,46.923],[-92.0943,46.7884],[-92.0153,46.7065],[-92.0895,46.7492],[-92.1166,46.7486],[-92.1433,46.7346],[-92.1463,46.7159],[-92.1891,46.7175],[-92.2047,46.704],[-92.1761,46.6863],[-92.2071,46.6519],[-92.2706,46.6507],[-92.2913,46.6681],[-92.294,46.0744],[-92.3329,46.0627],[-92.3518,46.0157],[-92.4286,46.0242],[-92.4694,45.9738],[-92.5271,45.9832],[-92.5519,45.9517],[-92.6388,45.9342],[-92.7077,45.8949],[-92.7651,45.8302],[-92.7578,45.8066],[-92.7846,45.7642],[-92.8692,45.7176],[-92.8879,45.639],[-92.8837,45.5755],[-92.7702,45.5669],[-92.7261,45.5411],[-92.7267,45.5145],[-92.6466,45.4416],[-92.6504,45.3985],[-92.7027,45.3585],[-92.71,45.3213],[-92.7619,45.287],[-92.7517,45.2187],[-92.7671,45.1879],[-92.7396,45.1156],[-92.8031,45.061],[-92.7621,45.0243],[-92.7694,44.9721],[-92.7506,44.9373],[-92.7746,44.8981],[-92.7653,44.8372],[-92.8073,44.7504],[-92.6321,44.649],[-92.6215,44.615],[-92.5694,44.6035],[-92.5481,44.5678],[-92.3361,44.554],[-92.291,44.4855],[-92.2325,44.4454],[-92.0565,44.4027],[-91.9703,44.3658],[-91.9186,44.3227],[-91.9246,44.2918],[-91.8964,44.2747],[-91.8752,44.2006],[-91.7216,44.1303],[-91.7075,44.1039],[-91.5921,44.0314],[-91.4325,43.9968],[-91.2841,43.8471],[-91.2441,43.7747],[-91.2685,43.7098],[-91.2687,43.6153],[-91.2319,43.5818],[-91.2432,43.5403],[-91.2177,43.5005],[-96.4533,43.5004],[-96.4531,45.2981],[-96.4891,45.3571],[-96.5218,45.3756],[-96.6925,45.4173],[-96.7653,45.5214],[-96.8578,45.606],[-96.8358,45.6496],[-96.6626,45.7387],[-96.5831,45.82],[-96.5613,45.9457],[-96.5779,46.0269],[-96.5545,46.084],[-96.5799,46.1772],[-96.5927,46.1752],[-96.5838,46.2084],[-96.5986,46.2416],[-96.5839,46.2502],[-96.6004,46.2619],[-96.5998,46.3304],[-96.6454,46.3508],[-96.6851,46.4139],[-96.7047,46.4182],[-96.7046,46.4382],[-96.7219,46.4401],[-96.7142,46.471],[-96.7381,46.4778],[-96.7381,46.5346],[-96.7544,46.5567],[-96.7419,46.5642],[-96.7755,46.6212],[-96.787,46.6192],[-96.7784,46.627],[-96.7979,46.6291],[-96.7859,46.6402],[-96.8013,46.6685],[-96.7843,46.6851],[-96.7911,46.7178],[-96.7793,46.7274],[-96.7894,46.7575],[-96.7779,46.7616],[-96.7895,46.766],[-96.7757,46.766],[-96.7967,46.7775],[-96.7876,46.7862],[-96.8025,46.8115],[-96.7803,46.8258],[-96.7939,46.8331],[-96.7754,46.8389],[-96.7814,46.8794],[-96.7685,46.8796],[-96.7766,46.8957],[-96.7533,46.9246],[-96.7918,46.9285],[-96.8047,46.9475],[-96.795,46.9654],[-96.8219,46.9694],[-96.8213,47.0036],[-96.8395,47.0067],[-96.8127,47.0383],[-96.8304,47.0608],[-96.8168,47.1091],[-96.8376,47.122],[-96.82,47.1309],[-96.8411,47.1514],[-96.8227,47.1562],[-96.8334,47.1763],[-96.8216,47.1843],[-96.8447,47.1929],[-96.8272,47.2017],[-96.8456,47.2211],[-96.8289,47.2342],[-96.8473,47.2628],[-96.8346,47.267],[-96.8475,47.2718],[-96.8307,47.3054],[-96.847,47.3158],[-96.8288,47.3281],[-96.846,47.3284],[-96.8306,47.3386],[-96.8582,47.3676],[-96.8378,47.3708],[-96.8546,47.3738],[-96.8374,47.3893],[-96.8527,47.4059],[-96.8423,47.4119],[-96.8717,47.4194],[-96.8528,47.4323],[-96.8636,47.4573],[-96.8519,47.4787],[-96.8684,47.479],[-96.8522,47.4858],[-96.8651,47.4915],[-96.8423,47.5086],[-96.871,47.5279],[-96.8454,47.5396],[-96.8617,47.5595],[-96.8475,47.5662],[-96.8684,47.5658],[-96.8517,47.5685],[-96.8511,47.5979],[-96.8886,47.6384],[-96.8851,47.6738],[-96.9309,47.7154],[-96.9186,47.7239],[-96.9352,47.7675],[-96.991,47.8077],[-96.9742,47.823],[-96.9983,47.8417],[-97.0025,47.8687],[-97.0232,47.874],[-97.0178,47.9198],[-97.0546,47.9463],[-97.0723,48.0481],[-97.1045,48.0724],[-97.1022,48.0967],[-97.1232,48.1066],[-97.1335,48.1371],[-97.1223,48.1386],[-97.1467,48.1432],[-97.121,48.1591],[-97.1463,48.1686],[-97.1292,48.2096],[-97.139,48.2171],[-97.1178,48.2098],[-97.1351,48.2206],[-97.1517,48.2189],[-97.1207,48.2258],[-97.1444,48.2332],[-97.123,48.2617],[-97.1451,48.2677],[-97.1166,48.2797],[-97.1381,48.2908],[-97.1122,48.2965],[-97.138,48.3101],[-97.1156,48.3239],[-97.1417,48.3257],[-97.1259,48.3406],[-97.1563,48.3662],[-97.1334,48.382],[-97.1633,48.392],[-97.1315,48.4066],[-97.1548,48.4175],[-97.1225,48.4183],[-97.1458,48.4303],[-97.1266,48.4431],[-97.1505,48.4412],[-97.1293,48.454],[-97.1461,48.4741],[-97.1281,48.4736],[-97.1627,48.4778],[-97.1322,48.4884],[-97.1499,48.512],[-97.1269,48.5198],[-97.1541,48.5219],[-97.141,48.5342],[-97.166,48.5492],[-97.1383,48.5544],[-97.1753,48.5625],[-97.1492,48.57],[-97.1606,48.5809],[-97.1437,48.5824],[-97.154,48.5951],[-97.1345,48.6078],[-97.1498,48.6127],[-97.1204,48.618],[-97.1308,48.6321],[-97.1093,48.6326],[-97.1157,48.6445],[-97.0987,48.6613],[-97.1093,48.6641],[-97.0903,48.6845],[-97.1201,48.7014],[-97.11,48.7078],[-97.153,48.7528],[-97.1459,48.7656],[-97.159,48.7757],[-97.1473,48.7811],[-97.1736,48.7933],[-97.1626,48.8001],[-97.1812,48.7979],[-97.1575,48.8087],[-97.1903,48.8157],[-97.1738,48.8383],[-97.1904,48.8653],[-97.1778,48.8753],[-97.1995,48.8813],[-97.1898,48.8945],[-97.2105,48.9044],[-97.2392,48.9687]]]]}},{"type":"Feature","properties":{"STATEFP":"54","STUSPS":"WV","NAME":"West Virginia"},"geometry":{"type":"Polygon","coordinates":[[[-82.6432,38.1691],[-82.6113,38.1715],[-82.5984,38.2174],[-82.6123,38.2361],[-82.5747,38.2639],[-82.5831,38.2968],[-82.5718,38.3172],[-82.598,38.3449],[-82.5935,38.4218],[-82.5402,38.4037],[-82.3303,38.4445],[-82.3042,38.4963],[-82.2913,38.579],[-82.2621,38.5982],[-82.2052,38.5917],[-82.1773,38.6038],[-82.1825,38.7088],[-82.2216,38.7872],[-82.1449,38.8405],[-82.1432,38.8981],[-82.0377,39.0239],[-82.006,39.0294],[-81.9794,38.9932],[-81.9332,38.9877],[-81.8985,38.9296],[-81.928,38.8935],[-81.8985,38.8746],[-81.856,38.8927],[-81.8274,38.9459],[-81.7627,38.9241],[-81.757,38.9372],[-81.7818,38.9649],[-81.7643,39.0153],[-81.8034,39.0477],[-81.8139,39.0793],[-81.7473,39.0954],[-81.7558,39.181],[-81.727,39.2151],[-81.6924,39.2264],[-81.6836,39.2709],[-81.5702,39.2677],[-81.5575,39.3388],[-81.4561,39.4093],[-81.4127,39.3946],[-81.376,39.3417],[-81.2707,39.3859],[-81.2173,39.3876],[-81.1859,39.4307],[-81.1325,39.4463],[-81.0706,39.516],[-80.9704,39.5901],[-80.9258,39.6174],[-80.8804,39.6207],[-80.8637,39.6917],[-80.8298,39.7118],[-80.8691,39.7664],[-80.8261,39.7986],[-80.8261,39.8442],[-80.7908,39.8673],[-80.806,39.9171],[-80.7564,39.9139],[-80.7645,39.9502],[-80.7401,39.9708],[-80.7386,40.0757],[-80.7091,40.1015],[-80.7046,40.1548],[-80.6521,40.245],[-80.6193,40.2652],[-80.5999,40.3177],[-80.6097,40.375],[-80.6336,40.3905],[-80.6122,40.4027],[-80.5955,40.4753],[-80.6678,40.5781],[-80.6272,40.6199],[-80.5767,40.6142],[-80.519,40.6388],[-80.5193,39.7214],[-79.4767,39.7211],[-79.4869,39.206],[-79.4256,39.2257],[-79.346,39.294],[-79.2902,39.2993],[-79.282,39.323],[-79.2539,39.3372],[-79.2563,39.3572],[-79.2143,39.3635],[-79.1786,39.3966],[-79.1621,39.3883],[-79.1601,39.4164],[-79.1438,39.4052],[-79.1106,39.4327],[-79.0945,39.4652],[-79.1032,39.476],[-79.0581,39.4708],[-79.047,39.4834],[-78.9568,39.4403],[-78.9592,39.4619],[-78.9165,39.4865],[-78.8933,39.5238],[-78.8747,39.5226],[-78.8386,39.5673],[-78.8168,39.5617],[-78.826,39.5888],[-78.7959,39.6069],[-78.7953,39.6368],[-78.7658,39.6485],[-78.7785,39.6227],[-78.7338,39.6139],[-78.7781,39.6014],[-78.7567,39.5807],[-78.734,39.5866],[-78.725,39.564],[-78.6895,39.5458],[-78.4712,39.5161],[-78.4486,39.54],[-78.4602,39.5512],[-78.4384,39.5388],[-78.4374,39.5535],[-78.4176,39.5472],[-78.4572,39.5874],[-78.3953,39.5842],[-78.4303,39.6233],[-78.3747,39.6086],[-78.3825,39.6282],[-78.3558,39.6263],[-78.3519,39.6405],[-78.2668,39.6188],[-78.2236,39.6611],[-78.2316,39.6744],[-78.1828,39.6951],[-78.1078,39.6821],[-78.0067,39.6013],[-77.9576,39.6086],[-77.9421,39.5849],[-77.9375,39.6191],[-77.8885,39.5973],[-77.8851,39.6158],[-77.8336,39.6029],[-77.8363,39.5664],[-77.8889,39.556],[-77.8654,39.5384],[-77.8637,39.515],[-77.8254,39.5292],[-77.8457,39.4986],[-77.766,39.4957],[-77.7967,39.4805],[-77.7778,39.4619],[-77.7985,39.4607],[-77.7856,39.4454],[-77.8032,39.4371],[-77.7547,39.4247],[-77.7364,39.3927],[-77.7534,39.3821],[-77.7439,39.3599],[-77.7611,39.3398],[-77.7199,39.3197],[-77.7703,39.256],[-77.8282,39.1323],[-78.3471,39.466],[-78.3599,39.409],[-78.3432,39.3888],[-78.3669,39.3593],[-78.3393,39.3486],[-78.4194,39.2575],[-78.3997,39.2439],[-78.4387,39.198],[-78.4037,39.1675],[-78.5719,39.032],[-78.5505,39.0181],[-78.6017,38.9646],[-78.6257,38.9826],[-78.6805,38.9253],[-78.7186,38.9046],[-78.7171,38.936],[-78.786,38.8872],[-78.8693,38.763],[-78.9982,38.8474],[-79.0273,38.7921],[-79.055,38.7857],[-79.0928,38.7023],[-79.093,38.6595],[-79.1298,38.655],[-79.2106,38.4929],[-79.283,38.4181],[-79.3123,38.4119],[-79.4766,38.4572],[-79.5369,38.5509],[-79.6491,38.5915],[-79.673,38.5287],[-79.6621,38.5155],[-79.6976,38.4872],[-79.6897,38.4314],[-79.7263,38.3871],[-79.7256,38.3638],[-79.7644,38.3565],[-79.8102,38.3067],[-79.7889,38.2687],[-79.9163,38.1863],[-79.9187,38.1548],[-79.9448,38.1316],[-79.9263,38.1072],[-79.9994,37.9958],[-80.1622,37.8751],[-80.2271,37.7989],[-80.2157,37.7775],[-80.2574,37.7561],[-80.2531,37.7259],[-80.2961,37.6918],[-80.2675,37.6461],[-80.221,37.6278],[-80.3285,37.5643],[-80.3124,37.5462],[-80.3303,37.5362],[-80.2824,37.5335],[-80.2998,37.5083],[-80.4756,37.4229],[-80.4949,37.4351],[-80.5114,37.4817],[-80.552,37.4736],[-80.7701,37.3724],[-80.7842,37.3946],[-80.8596,37.4296],[-80.8832,37.3839],[-80.8495,37.3469],[-80.9479,37.2959],[-81.0948,37.2826],[-81.2251,37.2349],[-81.3622,37.3377],[-81.3943,37.3164],[-81.4167,37.2732],[-81.4801,37.2511],[-81.4989,37.258],[-81.5073,37.2338],[-81.5536,37.2084],[-81.6782,37.2015],[-81.744,37.2425],[-81.7576,37.274],[-81.8499,37.2852],[-81.8603,37.3157],[-81.9334,37.3693],[-81.9235,37.4114],[-81.9356,37.4384],[-81.9956,37.4698],[-81.9272,37.5153],[-81.9439,37.5129],[-81.944,37.531],[-81.9676,37.5328],[-81.9701,37.5465],[-82.0092,37.5332],[-82.0428,37.5484],[-82.0467,37.5282],[-82.075,37.5558],[-82.1332,37.5528],[-82.1446,37.5683],[-82.1273,37.5867],[-82.1567,37.5928],[-82.1642,37.6202],[-82.1814,37.6218],[-82.1753,37.648],[-82.1908,37.6451],[-82.1873,37.6269],[-82.2134,37.6252],[-82.2404,37.6616],[-82.304,37.6758],[-82.2966,37.7024],[-82.334,37.7432],[-82.3108,37.7627],[-82.334,37.7651],[-82.3237,37.775],[-82.3866,37.8182],[-82.4017,37.8101],[-82.4247,37.8619],[-82.4075,37.8673],[-82.4199,37.8849],[-82.4629,37.9148],[-82.4744,37.9],[-82.4803,37.9258],[-82.5022,37.9331],[-82.4643,37.9834],[-82.5192,38.0011],[-82.5496,38.0686],[-82.6365,38.1379],[-82.6432,38.1691]]]}},{"type":"Feature","properties":{"STATEFP":"24","STUSPS":"MD","NAME":"Maryland"},"geometry":{"type":"MultiPolygon","coordinates":[[[[-76.0465,37.9536],[-76.0449,38.0255],[-76.0215,38.0384],[-75.9801,38.0049],[-75.9939,37.9535],[-76.0465,37.9536]]],[[[-76.0542,38.0943],[-76.0335,38.091],[-76.048,38.1087],[-76.0147,38.1316],[-76.0127,38.0721],[-76.0542,38.0943]]],[[[-76.0645,38.1255],[-76.0646,38.1301],[-76.0611,38.1269],[-76.0645,38.1255]]],[[[-76.0888,38.1631],[-76.0872,38.1919],[-76.0588,38.191],[-76.0638,38.205],[-76.0224,38.1738],[-76.0403,38.1657],[-76.038,38.1472],[-76.0637,38.1709],[-76.0888,38.1631]]],[[[-76.0902,38.1448],[-76.0844,38.1454],[-76.0856,38.1386],[-76.0902,38.1448]]],[[[-76.0859,38.1167],[-76.0865,38.1244],[-76.0845,38.1227],[-76.0859,38.1167]]],[[[-76.0903,39.5338],[-76.0901,39.5366],[-76.0882,39.536],[-76.0903,39.5338]]],[[[-76.2458,38.9051],[-76.2491,38.9133],[-76.2431,38.9121],[-76.2458,38.9051]]],[[[-76.2577,38.3249],[-76.2546,38.3407],[-76.2545,38.3249],[-76.2577,38.3249]]],[[[-76.2723,39.2746],[-76.2664,39.2905],[-76.2604,39.2925],[-76.258,39.2878],[-76.2723,39.2746]]],[[[-76.3241,39.3126],[-76.3245,39.3138],[-76.3214,39.3129],[-76.3241,39.3126]]],[[[-76.3855,39.2476],[-76.3569,39.261],[-76.3438,39.2573],[-76.3715,39.238],[-76.3855,39.2476]]],[[[-76.3907,38.7663],[-76.3752,38.7826],[-76.3633,38.7466],[-76.3836,38.7455],[-76.3907,38.7663]]],[[[-76.3934,39.2319],[-76.3944,39.234],[-76.3903,39.2347],[-76.3934,39.2319]]],[[[-76.7475,38.2121],[-76.7423,38.209],[-76.745,38.2072],[-76.7475,38.2121]]],[[[-76.7931,38.2352],[-76.7941,38.2392],[-76.7898,38.2384],[-76.7931,38.2352]]],[[[-76.81,38.2504],[-76.8109,38.2529],[-76.8089,38.2509],[-76.81,38.2504]]],[[[-79.4869,39.206],[-79.4767,39.7211],[-75.7886,39.7222],[-75.6937,38.4601],[-75.0489,38.4513],[-75.0546,38.4148],[-75.1938,38.096],[-75.2425,38.027],[-75.6244,37.9942],[-75.6569,37.9533],[-75.7161,37.989],[-75.7365,37.9632],[-75.7468,37.9877],[-75.7465,37.9698],[-75.7838,37.9726],[-75.8093,37.9552],[-75.8187,37.9672],[-75.8209,37.9389],[-75.885,37.9117],[-75.8973,37.9263],[-75.8899,37.9537],[-75.8657,37.9515],[-75.8619,37.9734],[-75.8984,37.9748],[-75.8728,38.032],[-75.8435,38.0275],[-75.7737,38.0771],[-75.7882,38.0861],[-75.8129,38.0589],[-75.8242,38.0722],[-75.871,38.0592],[-75.8788,38.0761],[-75.8383,38.1262],[-75.7885,38.1458],[-75.8329,38.1517],[-75.8686,38.1344],[-75.9257,38.151],[-75.9206,38.1314],[-75.9418,38.1119],[-75.9596,38.1371],[-75.9424,38.1871],[-75.8264,38.2169],[-75.8203,38.2308],[-75.8613,38.2327],[-75.8013,38.2537],[-75.8219,38.2619],[-75.8696,38.2436],[-75.8767,38.2548],[-75.8914,38.2276],[-75.9203,38.2644],[-75.8503,38.3664],[-75.8654,38.3812],[-75.8636,38.3595],[-75.9122,38.3432],[-75.9383,38.3068],[-75.9386,38.2723],[-75.9549,38.264],[-75.9407,38.2469],[-75.9703,38.2338],[-75.9619,38.2514],[-76.0174,38.3091],[-75.9653,38.3225],[-75.9573,38.3476],[-76.0114,38.3768],[-76.0172,38.3329],[-76.0628,38.3046],[-76.027,38.2814],[-76.0406,38.2503],[-76.0585,38.2502],[-76.032,38.2167],[-76.0749,38.2549],[-76.0997,38.2536],[-76.1076,38.2625],[-76.077,38.2692],[-76.1159,38.2915],[-76.1058,38.3016],[-76.1288,38.3026],[-76.1235,38.2811],[-76.1492,38.2719],[-76.132,38.3078],[-76.1644,38.3158],[-76.1747,38.3246],[-76.1972,38.3169],[-76.1827,38.3368],[-76.1595,38.3274],[-76.1824,38.3596],[-76.2187,38.3651],[-76.2253,38.3951],[-76.2339,38.3653],[-76.2107,38.3292],[-76.2203,38.3102],[-76.2061,38.3003],[-76.1988,38.2899],[-76.1721,38.2972],[-76.1605,38.291],[-76.1778,38.2905],[-76.1796,38.2668],[-76.1257,38.239],[-76.1655,38.2428],[-76.2264,38.31],[-76.2329,38.3452],[-76.2781,38.3824],[-76.2828,38.4158],[-76.3335,38.4821],[-76.3269,38.4984],[-76.2654,38.4975],[-76.2473,38.5238],[-76.2202,38.5319],[-76.278,38.5335],[-76.2789,38.5577],[-76.305,38.5725],[-76.2662,38.5861],[-76.2623,38.6023],[-76.2749,38.6036],[-76.2861,38.6257],[-76.2699,38.61],[-76.2354,38.627],[-76.2363,38.6124],[-76.2124,38.6067],[-76.1702,38.6287],[-76.1613,38.5951],[-76.1413,38.606],[-76.1143,38.583],[-76.0883,38.5927],[-76.0472,38.5628],[-76.0265,38.5668],[-76.0831,38.6235],[-76.1108,38.6127],[-76.1472,38.6368],[-76.1772,38.693],[-76.1977,38.6711],[-76.2128,38.6819],[-76.2387,38.7128],[-76.2382,38.7369],[-76.2055,38.7392],[-76.2246,38.7604],[-76.2548,38.7492],[-76.2719,38.7102],[-76.2992,38.7193],[-76.2966,38.7459],[-76.3134,38.7491],[-76.334,38.7031],[-76.3232,38.6797],[-76.3397,38.6706],[-76.3346,38.7729],[-76.3022,38.8252],[-76.2774,38.8314],[-76.2794,38.8412],[-76.255,38.8623],[-76.2651,38.8454],[-76.2115,38.8055],[-76.2164,38.7867],[-76.1752,38.7544],[-76.1553,38.7723],[-76.173,38.7703],[-76.2003,38.803],[-76.1911,38.8297],[-76.2061,38.853],[-76.1968,38.8951],[-76.21,38.9463],[-76.2348,38.9425],[-76.2486,38.9667],[-76.2609,38.9327],[-76.2497,38.9209],[-76.2707,38.9421],[-76.2959,38.9287],[-76.2933,38.9032],[-76.3051,38.9243],[-76.318,38.9113],[-76.334,38.9181],[-76.331,38.8643],[-76.3682,38.8361],[-76.3617,38.9392],[-76.3053,39.0389],[-76.289,38.9967],[-76.2566,38.9754],[-76.2024,38.9731],[-76.164,38.9995],[-76.1842,39.0463],[-76.1406,39.0796],[-76.1343,39.1043],[-76.1682,39.0949],[-76.1658,39.1094],[-76.1814,39.1116],[-76.1931,39.0906],[-76.2078,39.0963],[-76.2153,39.0532],[-76.2015,39.0135],[-76.216,39.01],[-76.2427,39.0289],[-76.225,39.0502],[-76.2335,39.0914],[-76.2449,39.1306],[-76.2761,39.1462],[-76.2746,39.1655],[-76.2193,39.262],[-76.1689,39.2903],[-76.1867,39.3145],[-76.1704,39.3321],[-76.1407,39.3277],[-76.1105,39.3723],[-76.023,39.3619],[-75.9861,39.3795],[-76.041,39.3942],[-75.9666,39.4628],[-75.9837,39.4707],[-76.0123,39.4531],[-75.9449,39.593],[-75.9997,39.5605],[-76.0067,39.5389],[-76.0369,39.5529],[-76.0961,39.5369],[-76.1281,39.4867],[-76.072,39.475],[-76.0605,39.4483],[-76.1003,39.4432],[-76.227,39.3499],[-76.2534,39.3667],[-76.2246,39.4257],[-76.2415,39.4613],[-76.2869,39.369],[-76.2566,39.3389],[-76.2817,39.2997],[-76.2966,39.302],[-76.2944,39.3489],[-76.3225,39.3573],[-76.3059,39.3644],[-76.3071,39.3854],[-76.3571,39.3941],[-76.3306,39.3354],[-76.3494,39.3392],[-76.3518,39.3265],[-76.3292,39.315],[-76.34,39.3045],[-76.3682,39.3218],[-76.3833,39.2983],[-76.4088,39.3117],[-76.3828,39.2775],[-76.4019,39.2484],[-76.4508,39.2491],[-76.3981,39.237],[-76.4425,39.1954],[-76.4468,39.2183],[-76.4957,39.2019],[-76.4974,39.2269],[-76.5172,39.2416],[-76.5865,39.2613],[-76.5645,39.2246],[-76.5343,39.2132],[-76.5334,39.1904],[-76.5009,39.1554],[-76.4783,39.1671],[-76.431,39.1321],[-76.4219,39.077],[-76.4389,39.0528],[-76.3945,39.0127],[-76.4227,38.9866],[-76.4313,39.0015],[-76.4546,38.9745],[-76.4802,38.9777],[-76.4503,38.9411],[-76.4603,38.9071],[-76.4895,38.9274],[-76.5091,38.9199],[-76.4894,38.8874],[-76.5385,38.8614],[-76.5376,38.8486],[-76.4966,38.8531],[-76.4899,38.8387],[-76.5101,38.8012],[-76.56,38.7626],[-76.5494,38.7314],[-76.5262,38.7243],[-76.5324,38.6784],[-76.5113,38.6157],[-76.506,38.5046],[-76.3815,38.3853],[-76.4214,38.3189],[-76.4682,38.3289],[-76.4763,38.3135],[-76.4419,38.2916],[-76.4001,38.3095],[-76.375,38.2994],[-76.3993,38.2593],[-76.3852,38.2178],[-76.3201,38.1383],[-76.3413,38.1193],[-76.3222,38.0379],[-76.3612,38.0595],[-76.3923,38.1029],[-76.4212,38.106],[-76.4389,38.1608],[-76.4697,38.1534],[-76.4733,38.103],[-76.5021,38.1389],[-76.5299,38.1341],[-76.553,38.1872],[-76.5943,38.2158],[-76.7321,38.246],[-76.7523,38.2221],[-76.7786,38.2285],[-76.7778,38.2429],[-76.8059,38.2523],[-76.8023,38.2807],[-76.8416,38.3368],[-76.8271,38.3474],[-76.8561,38.3586],[-76.8693,38.3387],[-76.8337,38.2733],[-76.8421,38.2545],[-76.9239,38.2897],[-76.9303,38.3231],[-76.9783,38.3423],[-77.0164,38.4456],[-77.0506,38.4398],[-77.0911,38.4075],[-77.1233,38.4106],[-77.2073,38.3599],[-77.2502,38.3828],[-77.2742,38.4818],[-77.2377,38.5519],[-77.1832,38.6004],[-77.1105,38.6268],[-77.1302,38.635],[-77.1325,38.6738],[-77.0796,38.7128],[-77.0462,38.7144],[-77.0395,38.7911],[-76.9094,38.8928],[-77.041,38.9951],[-77.1198,38.9343],[-77.1482,38.965],[-77.2446,38.9825],[-77.2557,39.0024],[-77.246,39.0249],[-77.2931,39.0465],[-77.4614,39.0752],[-77.4858,39.1093],[-77.5199,39.1209],[-77.5273,39.1462],[-77.5106,39.1785],[-77.4774,39.1905],[-77.4602,39.2284],[-77.5406,39.2649],[-77.5666,39.3061],[-77.6159,39.3027],[-77.7596,39.3373],[-77.74,39.4017],[-77.7547,39.4247],[-77.8032,39.4371],[-77.7856,39.4454],[-77.7985,39.4607],[-77.7778,39.4619],[-77.7967,39.4805],[-77.766,39.4957],[-77.8457,39.4986],[-77.8254,39.5292],[-77.8637,39.515],[-77.8654,39.5384],[-77.8889,39.556],[-77.8363,39.5664],[-77.838,39.6061],[-77.8851,39.6158],[-77.8885,39.5973],[-77.9419,39.6188],[-77.9462,39.5848],[-77.9576,39.6086],[-78.01,39.6029],[-78.0823,39.6712],[-78.1766,39.696],[-78.2316,39.6744],[-78.2236,39.6611],[-78.2651,39.6193],[-78.3552,39.6406],[-78.3558,39.6263],[-78.3825,39.6282],[-78.3747,39.6086],[-78.4303,39.6233],[-78.3953,39.5842],[-78.4572,39.5874],[-78.4176,39.5472],[-78.4374,39.5535],[-78.4384,39.5388],[-78.4602,39.5512],[-78.4486,39.54],[-78.4686,39.5168],[-78.5659,39.5194],[-78.5916,39.5369],[-78.6756,39.5404],[-78.725,39.564],[-78.734,39.5866],[-78.7602,39.5822],[-78.7769,39.604],[-78.7336,39.6155],[-78.7785,39.6227],[-78.7658,39.6485],[-78.7953,39.6368],[-78.7959,39.6069],[-78.826,39.5888],[-78.8168,39.5617],[-78.8386,39.5673],[-78.8747,39.5226],[-78.8933,39.5238],[-78.9165,39.4865],[-78.9592,39.4619],[-78.9568,39.4403],[-79.047,39.4834],[-79.0581,39.4708],[-79.1032,39.476],[-79.0945,39.4652],[-79.1106,39.4327],[-79.1438,39.4052],[-79.1601,39.4164],[-79.1621,39.3883],[-79.1786,39.3966],[-79.2143,39.3635],[-79.2563,39.3572],[-79.2539,39.3372],[-79.282,39.323],[-79.2902,39.2993],[-79.346,39.294],[-79.4732,39.2021],[-79.4869,39.206]]]]}},{"type":"Feature","properties":{"STATEFP":"20","STUSPS":"KS","NAME":"Kansas"},"geometry":{"type":"Polygon","coordinates":[[[-102.0517,40.0031],[-95.3083,40.0],[-95.2503,39.9486],[-95.2044,39.9389],[-95.2019,39.9041],[-95.1497,39.9059],[-95.1371,39.8784],[-95.0902,39.8631],[-95.0378,39.8655],[-95.0132,39.9],[-94.9439,39.8981],[-94.9274,39.884],[-94.9398,39.8519],[-94.8869,39.8331],[-94.8759,39.8133],[-94.8841,39.7942],[-94.9353,39.7756],[-94.9123,39.7593],[-94.8696,39.7729],[-94.8629,39.743],[-94.8993,39.724],[-94.9487,39.7456],[-94.9653,39.7391],[-94.9713,39.6864],[-95.0276,39.6655],[-95.0549,39.625],[-95.0493,39.5896],[-95.1032,39.5778],[-95.1093,39.5423],[-95.0522,39.5],[-95.0375,39.4637],[-94.9821,39.4406],[-94.942,39.3895],[-94.885,39.3898],[-94.8814,39.3704],[-94.91,39.3525],[-94.9053,39.312],[-94.8315,39.2563],[-94.8238,39.2099],[-94.7815,39.2061],[-94.7419,39.1702],[-94.6803,39.1843],[-94.6558,39.1557],[-94.5884,39.1499],[-94.6083,39.1179],[-94.618,36.9989],[-102.0421,36.993],[-102.0517,40.0031]]]}},{"type":"Feature","properties":{"STATEFP":"49","STUSPS":"UT","NAME":"Utah"},"geometry":{"type":"Polygon","coordinates":[[[-114.0506,37.0004],[-114.0415,41.9939],[-111.0467,42.0017],[-111.0467,40.998],[-109.0501,41.0007],[-109.0601,38.2755],[-109.0418,38.1647],[-109.0452,36.9991],[-114.0506,37.0004]]]}},{"type":"Feature","properties":{"STATEFP":"48","STUSPS":"TX","NAME":"Texas"},"geometry":{"type":"MultiPolygon","coordinates":[[[[-94.7162,29.7278],[-94.7165,29.7335],[-94.7144,29.733],[-94.7162,29.7278]]],[[[-94.8233,29.3239],[-94.8105,29.3521],[-94.7812,29.3325],[-94.7984,29.3124],[-94.8233,29.3239]]],[[[-94.8242,29.3489],[-94.821,29.3527],[-94.8199,29.3502],[-94.8242,29.3489]]],[[[-94.9138,29.2699],[-94.9092,29.274],[-94.9092,29.2698],[-94.9138,29.2699]]],[[[-94.9168,29.5676],[-94.9196,29.5883],[-94.9074,29.5714],[-94.9168,29.5676]]],[[[-94.9244,29.2816],[-94.9227,29.2884],[-94.9197,29.2868],[-94.9244,29.2816]]],[[[-94.9784,29.6837],[-94.9477,29.6702],[-94.9448,29.613],[-94.9533,29.6187],[-94.9784,29.6837]]],[[[-94.9921,29.6984],[-94.9752,29.694],[-94.9738,29.6891],[-94.9796,29.6883],[-94.9921,29.6984]]],[[[-95.1221,29.0904],[-94.8744,29.2899],[-94.789,29.3119],[-94.7666,29.3373],[-94.7262,29.3325],[-95.1221,29.0904]]],[[[-97.109,27.892],[-97.1029,27.9034],[-97.0972,27.9035],[-97.109,27.892]]],[[[-97.1257,27.9075],[-97.125,27.9129],[-97.1221,27.9113],[-97.1257,27.9075]]],[[[-97.127,27.8411],[-97.1014,27.8832],[-97.09,27.8755],[-97.066,27.9062],[-97.0789,27.917],[-97.0563,27.9056],[-97.061,27.8463],[-97.127,27.8411]]],[[[-97.1317,27.896],[-97.1134,27.8921],[-97.1102,27.8892],[-97.1183,27.8856],[-97.1317,27.896]]],[[[-97.1297,27.8975],[-97.1289,27.9051],[-97.1271,27.904],[-97.1297,27.8975]]],[[[-97.1434,27.8495],[-97.1387,27.8558],[-97.1374,27.8494],[-97.1434,27.8495]]],[[[-97.1454,27.8766],[-97.1447,27.8809],[-97.1421,27.8811],[-97.1454,27.8766]]],[[[-97.1641,27.8206],[-97.1534,27.8219],[-97.1429,27.8204],[-97.1477,27.8161],[-97.1641,27.8206]]],[[[-97.1684,27.7544],[-97.1727,27.7608],[-97.1649,27.764],[-97.1684,27.7544]]],[[[-97.1878,27.8128],[-97.1785,27.8184],[-97.1775,27.8146],[-97.1878,27.8128]]],[[[-97.2203,27.8102],[-97.2041,27.8139],[-97.1964,27.814],[-97.2073,27.8073],[-97.2203,27.8102]]],[[[-97.2339,27.8289],[-97.2343,27.8358],[-97.23,27.83],[-97.2339,27.8289]]],[[[-97.2465,27.6825],[-97.2374,27.687],[-97.2155,27.6828],[-97.2315,27.6409],[-97.2281,27.6739],[-97.2465,27.6825]]],[[[-97.2549,26.4152],[-97.2524,26.4265],[-97.2517,26.4152],[-97.2549,26.4152]]],[[[-97.2676,27.8737],[-97.2522,27.8712],[-97.239,27.8398],[-97.2451,27.841],[-97.2676,27.8737]]],[[[-97.314,27.4975],[-97.3139,27.5054],[-97.3113,27.507],[-97.314,27.4975]]],[[[-97.3167,27.4779],[-97.3135,27.4905],[-97.3045,27.4955],[-97.3167,27.4779]]],[[[-97.3259,26.5608],[-97.2719,26.5599],[-97.1929,26.29],[-97.1537,26.0676],[-97.1693,26.0777],[-97.1973,26.278],[-97.2571,26.5003],[-97.286,26.5472],[-97.3259,26.5608]]],[[[-97.3984,26.8679],[-97.3899,27.205],[-97.3612,27.2726],[-97.3718,27.294],[-97.356,27.3087],[-97.3618,27.3591],[-97.2401,27.6333],[-97.2107,27.6241],[-97.2155,27.6444],[-97.2012,27.646],[-97.1968,27.6844],[-97.1512,27.7686],[-97.1215,27.7851],[-97.1212,27.8157],[-97.1354,27.8245],[-97.0568,27.842],[-97.0448,27.8345],[-97.1541,27.6969],[-97.2751,27.4754],[-97.3654,27.1999],[-97.3791,27.0472],[-97.3709,26.9109],[-97.2788,26.5646],[-97.31,26.5665],[-97.2875,26.5834],[-97.329,26.6468],[-97.3984,26.8679]]],[[[-97.4043,27.2902],[-97.4021,27.3105],[-97.4005,27.3109],[-97.4043,27.2902]]],[[[-97.4039,27.3149],[-97.4029,27.3232],[-97.4007,27.3255],[-97.4039,27.3149]]],[[[-97.4231,26.7407],[-97.4126,26.7519],[-97.4154,26.7407],[-97.4231,26.7407]]],[[[-106.6455,31.8987],[-106.6118,31.92],[-106.6297,31.9266],[-106.6196,31.9716],[-106.6395,31.9803],[-106.6185,32.0005],[-103.0644,32.0005],[-103.0646,32.9999],[-103.0435,34.018],[-103.0419,36.5004],[-100.0004,36.4997],[-100.0004,34.5605],[-99.9232,34.5746],[-99.695,34.3783],[-99.6,34.3747],[-99.5697,34.4184],[-99.4999,34.4096],[-99.4365,34.3705],[-99.4249,34.3858],[-99.403,34.3735],[-99.3877,34.412],[-99.395,34.4421],[-99.3696,34.4587],[-99.3196,34.4089],[-99.2613,34.4035],[-99.2749,34.3849],[-99.2429,34.3727],[-99.2292,34.3365],[-99.2069,34.3383],[-99.2114,34.2927],[-99.1963,34.2815],[-99.1895,34.2143],[-99.1306,34.2194],[-99.1266,34.203],[-99.0795,34.2115],[-99.0435,34.1982],[-98.9873,34.2212],[-98.9741,34.2036],[-98.9525,34.2126],[-98.8729,34.1666],[-98.8681,34.1496],[-98.813,34.1584],[-98.757,34.1246],[-98.6906,34.133],[-98.6481,34.1644],[-98.5998,34.1606],[-98.5505,34.1322],[-98.5606,34.1236],[-98.4863,34.0626],[-98.4116,34.0881],[-98.395,34.1313],[-98.3798,34.1312],[-98.3845,34.146],[-98.3656,34.157],[-98.1691,34.1142],[-98.1095,34.1541],[-98.0898,34.1282],[-98.1202,34.0721],[-98.0838,34.0417],[-98.1063,34.0342],[-98.0882,34.0055],[-98.0277,33.9934],[-97.9742,34.0067],[-97.9457,33.9898],[-97.9742,33.9428],[-97.9534,33.9364],[-97.9572,33.9145],[-97.9845,33.9007],[-97.9678,33.8824],[-97.8714,33.849],[-97.8343,33.8577],[-97.7978,33.8993],[-97.7823,33.8923],[-97.7851,33.9168],[-97.7638,33.9142],[-97.7628,33.9344],[-97.7253,33.941],[-97.6718,33.9914],[-97.5904,33.9541],[-97.5971,33.9179],[-97.5811,33.8997],[-97.501,33.9196],[-97.4604,33.9039],[-97.4515,33.8709],[-97.4629,33.8418],[-97.4265,33.8194],[-97.3655,33.8238],[-97.3325,33.8843],[-97.3287,33.8554],[-97.3101,33.8885],[-97.2756,33.8582],[-97.2566,33.8633],[-97.2449,33.9031],[-97.2109,33.9161],[-97.1808,33.8952],[-97.1666,33.8473],[-97.2035,33.8218],[-97.1928,33.7612],[-97.1631,33.7293],[-97.1261,33.7169],[-97.0862,33.7439],[-97.0921,33.8041],[-97.0481,33.8175],[-97.0895,33.8498],[-97.0681,33.8605],[-97.0412,33.8378],[-97.0214,33.8464],[-96.9838,33.8909],[-96.9962,33.9417],[-96.9813,33.9564],[-96.9738,33.9357],[-96.9163,33.9578],[-96.8753,33.8605],[-96.8506,33.8472],[-96.8322,33.8748],[-96.7943,33.8689],[-96.7616,33.8244],[-96.6996,33.839],[-96.6672,33.9169],[-96.6283,33.8945],[-96.5879,33.8948],[-96.6293,33.8455],[-96.5729,33.8191],[-96.5267,33.8209],[-96.5003,33.7726],[-96.4226,33.776],[-96.3483,33.6864],[-96.3169,33.699],[-96.2937,33.7694],[-96.229,33.748],[-96.1781,33.7605],[-96.1564,33.8133],[-96.1704,33.7994],[-96.179,33.8106],[-96.1508,33.817],[-96.1481,33.8378],[-96.0994,33.8305],[-96.1001,33.848],[-96.0488,33.8365],[-96.0239,33.8571],[-96.0196,33.8406],[-95.9959,33.8557],[-96.0034,33.8723],[-95.9843,33.8527],[-95.9443,33.8598],[-95.9296,33.885],[-95.8375,33.8356],[-95.8051,33.8613],[-95.7706,33.8453],[-95.7517,33.8556],[-95.7564,33.8926],[-95.6979,33.8861],[-95.6655,33.909],[-95.6291,33.9059],[-95.5938,33.943],[-95.5545,33.9281],[-95.5452,33.8803],[-95.5107,33.8979],[-95.5023,33.8747],[-95.4617,33.887],[-95.4642,33.8734],[-95.4409,33.8664],[-95.3625,33.8666],[-95.3264,33.8861],[-95.2893,33.8731],[-95.283,33.9074],[-95.2527,33.8942],[-95.2502,33.9385],[-95.2176,33.9626],[-95.1247,33.9347],[-95.122,33.9048],[-95.0824,33.9218],[-95.1002,33.8961],[-95.0896,33.8809],[-95.0657,33.916],[-95.0724,33.9027],[-95.0466,33.8626],[-94.9885,33.851],[-94.9689,33.8609],[-94.9644,33.837],[-94.9438,33.8293],[-94.9479,33.8084],[-94.9148,33.8245],[-94.922,33.7916],[-94.8765,33.7574],[-94.8681,33.7689],[-94.8771,33.7522],[-94.8607,33.7419],[-94.8225,33.7327],[-94.8218,33.7688],[-94.8023,33.7328],[-94.7644,33.7602],[-94.7578,33.7501],[-94.7883,33.7353],[-94.7525,33.7345],[-94.7521,33.7138],[-94.7352,33.7266],[-94.7538,33.7077],[-94.7359,33.6916],[-94.7166,33.6952],[-94.7323,33.716],[-94.7017,33.7034],[-94.7162,33.6879],[-94.651,33.6866],[-94.6443,33.7017],[-94.6455,33.6735],[-94.671,33.6684],[-94.6559,33.6602],[-94.6224,33.6824],[-94.598,33.6634],[-94.5871,33.6858],[-94.5799,33.6662],[-94.5603,33.6666],[-94.5908,33.6456],[-94.5464,33.6592],[-94.5695,33.6278],[-94.5218,33.6407],[-94.5274,33.6158],[-94.5173,33.6327],[-94.5046,33.6207],[-94.4486,33.6428],[-94.472,33.6027],[-94.43,33.5911],[-94.4122,33.5687],[-94.3829,33.5833],[-94.3801,33.5689],[-94.4016,33.5594],[-94.3861,33.5449],[-94.3559,33.5432],[-94.344,33.5678],[-94.3096,33.5517],[-94.287,33.5824],[-94.2909,33.5589],[-94.2756,33.558],[-94.2428,33.5897],[-94.2502,33.5568],[-94.2056,33.5672],[-94.1964,33.5551],[-94.1944,33.5737],[-94.2172,33.5807],[-94.1839,33.5947],[-94.1422,33.5814],[-94.1515,33.5684],[-94.1351,33.571],[-94.1287,33.551],[-94.0974,33.5737],[-94.0566,33.5678],[-94.0738,33.5558],[-94.0434,33.5514],[-94.0418,31.9924],[-94.0173,31.9893],[-93.9739,31.9217],[-93.9233,31.9078],[-93.9267,31.8883],[-93.8974,31.8944],[-93.9025,31.8753],[-93.8808,31.8648],[-93.8733,31.8149],[-93.8234,31.7751],[-93.8361,31.7485],[-93.8135,31.7259],[-93.8163,31.7075],[-93.7945,31.7021],[-93.8265,31.6669],[-93.8168,31.6225],[-93.8381,31.6068],[-93.8349,31.5862],[-93.7877,31.5273],[-93.7477,31.5307],[-93.7422,31.5155],[-93.7116,31.5128],[-93.7519,31.4831],[-93.7495,31.4687],[-93.7039,31.4555],[-93.7089,31.4417],[-93.6925,31.4382],[-93.7049,31.4109],[-93.6741,31.3977],[-93.6701,31.3657],[-93.6393,31.3715],[-93.6684,31.353],[-93.6869,31.3052],[-93.6415,31.2699],[-93.6203,31.271],[-93.618,31.2325],[-93.5966,31.2297],[-93.6073,31.2054],[-93.5885,31.1656],[-93.5333,31.1845],[-93.5487,31.1558],[-93.5397,31.1144],[-93.5635,31.094],[-93.5277,31.0746],[-93.5189,31.0619],[-93.5312,31.0517],[-93.5085,31.0294],[-93.5782,31.0],[-93.5643,30.9896],[-93.5728,30.9707],[-93.5318,30.9582],[-93.526,30.9375],[-93.5741,30.8845],[-93.5546,30.8232],[-93.5838,30.8018],[-93.5921,30.7637],[-93.6144,30.7599],[-93.6095,30.7231],[-93.6299,30.6799],[-93.6831,30.6408],[-93.6787,30.5941],[-93.7219,30.5803],[-93.7403,30.5396],[-93.7065,30.5099],[-93.7174,30.4838],[-93.6978,30.4406],[-93.7268,30.4297],[-93.7577,30.3904],[-93.7517,30.361],[-93.7658,30.3333],[-93.7439,30.304],[-93.7046,30.2899],[-93.7178,30.194],[-93.7055,30.1929],[-93.7065,30.1474],[-93.6886,30.1404],[-93.7341,30.0861],[-93.6994,30.0592],[-93.7173,30.0657],[-93.7421,30.0208],[-93.7869,29.9906],[-93.8384,29.8829],[-93.928,29.8096],[-93.9265,29.7896],[-93.8939,29.7673],[-93.8916,29.7446],[-93.87,29.7355],[-93.8377,29.679],[-94.0014,29.6815],[-94.0958,29.6605],[-94.5962,29.4679],[-94.6942,29.4156],[-94.731,29.3691],[-94.7787,29.3615],[-94.7743,29.3992],[-94.7035,29.4365],[-94.6767,29.4735],[-94.6066,29.4828],[-94.569,29.5302],[-94.4933,29.5136],[-94.4707,29.5566],[-94.5215,29.5408],[-94.561,29.5744],[-94.7407,29.5269],[-94.779,29.5302],[-94.7881,29.5469],[-94.7512,29.5505],[-94.7134,29.6101],[-94.6894,29.6933],[-94.6959,29.7591],[-94.7262,29.7951],[-94.8152,29.7585],[-94.8726,29.6713],[-94.901,29.6576],[-94.9205,29.6571],[-94.9427,29.6978],[-95.0165,29.7069],[-94.9828,29.6819],[-95.0156,29.6395],[-94.9827,29.6013],[-95.021,29.5515],[-94.9896,29.5169],[-94.9095,29.4968],[-94.9254,29.4709],[-94.9356,29.4812],[-94.9518,29.4675],[-94.892,29.4337],[-94.8898,29.3782],[-94.8644,29.3705],[-94.9066,29.356],[-94.9,29.3024],[-94.9183,29.2932],[-94.9288,29.2984],[-94.9073,29.3088],[-94.942,29.3135],[-95.0422,29.2069],[-95.1038,29.1754],[-95.1158,29.1995],[-95.157,29.195],[-95.1671,29.1131],[-95.1238,29.0706],[-95.3837,28.87],[-95.4632,28.8489],[-95.834,28.6556],[-96.2054,28.4979],[-96.3425,28.4187],[-96.4428,28.3177],[-96.632,28.2228],[-96.8129,28.0944],[-96.9619,27.9559],[-97.0461,27.8395],[-97.0561,27.8497],[-97.0457,27.89],[-96.997,27.9404],[-97.0357,27.9404],[-96.99,27.9491],[-96.9471,28.0535],[-96.9199,28.0935],[-96.8805,28.106],[-96.8969,28.1147],[-96.8801,28.1311],[-96.8256,28.1122],[-96.802,28.1408],[-96.8193,28.1433],[-96.817,28.1751],[-96.7864,28.1897],[-96.7204,28.186],[-96.6976,28.2022],[-96.7026,28.2155],[-96.6594,28.2274],[-96.6485,28.252],[-96.5959,28.2773],[-96.6112,28.2801],[-96.6036,28.2926],[-96.4406,28.343],[-96.4387,28.3688],[-96.4713,28.3676],[-96.4163,28.4139],[-96.453,28.4187],[-96.5731,28.3588],[-96.6251,28.3162],[-96.6204,28.304],[-96.6324,28.3187],[-96.6652,28.3096],[-96.7052,28.3488],[-96.7062,28.4046],[-96.7479,28.4095],[-96.7931,28.4804],[-96.8151,28.4752],[-96.8287,28.46],[-96.7935,28.4584],[-96.7648,28.4128],[-96.7868,28.4022],[-96.8381,28.4328],[-96.8596,28.4133],[-96.7919,28.3603],[-96.7918,28.3122],[-96.8096,28.2903],[-96.7768,28.2448],[-96.7852,28.2295],[-96.9131,28.1204],[-96.9261,28.1143],[-96.9072,28.1469],[-96.9316,28.1239],[-96.9674,28.1232],[-96.9254,28.1931],[-96.9425,28.2177],[-96.918,28.2694],[-96.9685,28.22],[-96.9459,28.1965],[-96.9724,28.1731],[-96.9797,28.1254],[-97.0254,28.1496],[-97.0088,28.1583],[-97.0167,28.2033],[-97.1692,28.1305],[-97.2228,28.0773],[-97.1219,28.0209],[-97.1059,28.038],[-97.1352,28.0479],[-97.0542,28.0928],[-97.0534,28.1183],[-97.025,28.1133],[-97.0368,28.0759],[-97.0252,28.0321],[-97.0437,28.0281],[-97.0644,27.9928],[-97.0751,27.9194],[-97.0796,27.9755],[-97.201,27.8213],[-97.2249,27.8267],[-97.2208,27.8503],[-97.2636,27.8808],[-97.3549,27.8511],[-97.3307,27.8738],[-97.3378,27.8836],[-97.4184,27.8704],[-97.4587,27.8789],[-97.4812,27.8601],[-97.4932,27.8841],[-97.5166,27.8714],[-97.5151,27.8512],[-97.4721,27.8242],[-97.3789,27.8359],[-97.3933,27.7829],[-97.3684,27.7417],[-97.3437,27.724],[-97.2531,27.6975],[-97.2435,27.6892],[-97.2692,27.6774],[-97.2946,27.5927],[-97.3222,27.5691],[-97.3694,27.4104],[-97.4144,27.3216],[-97.5083,27.275],[-97.5444,27.2842],[-97.5006,27.3066],[-97.5012,27.3282],[-97.4815,27.3405],[-97.4936,27.3906],[-97.5337,27.34],[-97.613,27.2852],[-97.6369,27.301],[-97.6332,27.3246],[-97.6584,27.3297],[-97.6613,27.3601],[-97.7088,27.3856],[-97.6844,27.3199],[-97.6549,27.3051],[-97.6637,27.2864],[-97.7401,27.2675],[-97.6473,27.2764],[-97.6311,27.2422],[-97.5429,27.2292],[-97.4226,27.262],[-97.4416,27.1638],[-97.431,27.1609],[-97.4394,27.0765],[-97.4179,27.0709],[-97.4392,27.0707],[-97.4533,26.9173],[-97.4373,26.9131],[-97.4532,26.9105],[-97.4569,26.8826],[-97.4102,26.8744],[-97.4576,26.8729],[-97.4603,26.8473],[-97.4127,26.8174],[-97.4648,26.824],[-97.4786,26.8067],[-97.4457,26.6094],[-97.4154,26.5528],[-97.4131,26.4812],[-97.3805,26.4806],[-97.2812,26.2805],[-97.2862,26.2675],[-97.3098,26.2883],[-97.3243,26.2773],[-97.2999,26.2674],[-97.3167,26.224],[-97.2972,26.2033],[-97.3036,26.1662],[-97.2828,26.1191],[-97.293,26.1302],[-97.3125,26.1203],[-97.2694,26.0861],[-97.1897,26.0716],[-97.1957,26.0466],[-97.1497,26.0641],[-97.1494,25.9534],[-97.1753,25.9655],[-97.247,25.9482],[-97.2844,25.9592],[-97.2772,25.9354],[-97.303,25.937],[-97.326,25.9177],[-97.3483,25.9311],[-97.3751,25.9072],[-97.3566,25.8877],[-97.374,25.8798],[-97.3586,25.8781],[-97.3762,25.8557],[-97.3641,25.85],[-97.4052,25.8377],[-97.4084,25.862],[-97.4249,25.8406],[-97.4541,25.8548],[-97.4447,25.8671],[-97.4557,25.884],[-97.4967,25.8797],[-97.4989,25.8987],[-97.5218,25.8865],[-97.5476,25.9351],[-97.5823,25.9327],[-97.5676,25.9518],[-97.5779,25.9429],[-97.5824,25.9625],[-97.6021,25.9574],[-97.6344,25.9903],[-97.6208,25.9921],[-97.6177,26.0011],[-97.6496,26.0113],[-97.639,26.023],[-97.6683,26.0198],[-97.6609,26.0307],[-97.6627,26.0381],[-97.6939,26.0313],[-97.6914,26.019],[-97.7066,26.0375],[-97.7382,26.022],[-97.7638,26.0273],[-97.769,26.0475],[-97.7762,26.0301],[-97.7923,26.0342],[-97.8013,26.0602],[-97.8129,26.0443],[-97.8172,26.0561],[-97.8605,26.0529],[-97.8613,26.0699],[-97.8686,26.0572],[-97.9339,26.0648],[-97.9354,26.0527],[-97.9674,26.0517],[-97.9813,26.0672],[-98.0118,26.056],[-98.0288,26.0665],[-98.0392,26.0413],[-98.0732,26.0365],[-98.0805,26.0709],[-98.0944,26.0586],[-98.1283,26.0619],[-98.1315,26.0742],[-98.1474,26.0495],[-98.1775,26.075],[-98.194,26.0533],[-98.2865,26.1023],[-98.2663,26.1207],[-98.2962,26.1203],[-98.3065,26.1043],[-98.3352,26.1376],[-98.3347,26.1656],[-98.3523,26.1511],[-98.3598,26.1723],[-98.3872,26.1583],[-98.4425,26.1992],[-98.4434,26.2237],[-98.4816,26.2194],[-98.478,26.2036],[-98.4827,26.2016],[-98.5453,26.2445],[-98.5588,26.2459],[-98.546,26.2369],[-98.5634,26.2253],[-98.5875,26.2578],[-98.6173,26.2468],[-98.6248,26.2592],[-98.6342,26.2426],[-98.6694,26.2363],[-98.6812,26.2627],[-98.7199,26.2727],[-98.7018,26.2862],[-98.7502,26.2957],[-98.7542,26.3079],[-98.7362,26.3076],[-98.751,26.3318],[-98.7898,26.3316],[-98.8073,26.3694],[-98.8967,26.3533],[-98.9269,26.3945],[-98.9422,26.3697],[-98.9564,26.3957],[-99.0117,26.3925],[-99.0317,26.413],[-99.0851,26.3988],[-99.1135,26.4325],[-99.092,26.4724],[-99.105,26.5003],[-99.1707,26.5403],[-99.2089,26.7248],[-99.24,26.7459],[-99.2686,26.8432],[-99.3168,26.8658],[-99.3247,26.916],[-99.3791,26.9345],[-99.3937,26.9607],[-99.3766,26.9777],[-99.4155,27.0172],[-99.4461,27.0233],[-99.4523,27.0627],[-99.4292,27.091],[-99.4421,27.1068],[-99.4263,27.1763],[-99.4415,27.2499],[-99.4633,27.2684],[-99.4879,27.2607],[-99.4946,27.3035],[-99.5378,27.3161],[-99.5048,27.3383],[-99.4875,27.4124],[-99.4951,27.4515],[-99.4793,27.4786],[-99.4968,27.5001],[-99.5283,27.4989],[-99.5122,27.5681],[-99.555,27.6145],[-99.5848,27.6039],[-99.577,27.6172],[-99.5962,27.6399],[-99.6243,27.644],[-99.6389,27.6268],[-99.6659,27.636],[-99.6689,27.66],[-99.7115,27.6584],[-99.7707,27.7321],[-99.7963,27.7356],[-99.8131,27.774],[-99.8388,27.7642],[-99.8509,27.794],[-99.8766,27.7974],[-99.8772,27.8422],[-99.9044,27.8753],[-99.8969,27.9077],[-99.9371,27.9405],[-99.9318,27.981],[-99.9914,27.9946],[-100.0179,28.0648],[-100.0531,28.0847],[-100.0834,28.144],[-100.2081,28.1904],[-100.2203,28.2322],[-100.2516,28.2362],[-100.2914,28.2754],[-100.2865,28.3123],[-100.3444,28.3897],[-100.3378,28.443],[-100.3683,28.4772],[-100.3338,28.4993],[-100.3889,28.5157],[-100.4114,28.5519],[-100.3984,28.5849],[-100.4473,28.6093],[-100.4471,28.6422],[-100.5004,28.662],[-100.5076,28.7406],[-100.5334,28.7592],[-100.5358,28.8059],[-100.5473,28.8258],[-100.5747,28.8288],[-100.6008,28.9008],[-100.6406,28.9142],[-100.6297,28.9211],[-100.6515,28.9434],[-100.6459,28.9864],[-100.6747,29.0998],[-100.7726,29.1685],[-100.7671,29.1953],[-100.8148,29.2637],[-100.876,29.2796],[-100.8868,29.3078],[-101.0106,29.3687],[-101.0602,29.4587],[-101.1443,29.4732],[-101.1738,29.5146],[-101.2549,29.5203],[-101.2612,29.5368],[-101.2412,29.5654],[-101.2504,29.6242],[-101.2692,29.63],[-101.291,29.5715],[-101.3055,29.5779],[-101.3024,29.65],[-101.3455,29.6622],[-101.3613,29.6501],[-101.3728,29.6994],[-101.4156,29.7465],[-101.4009,29.7701],[-101.4455,29.7494],[-101.4616,29.7898],[-101.5358,29.7589],[-101.5444,29.8119],[-101.5677,29.7987],[-101.5749,29.7699],[-101.626,29.7711],[-101.6464,29.7543],[-101.6625,29.7713],[-101.7089,29.7616],[-101.7738,29.7887],[-101.8075,29.7814],[-101.8036,29.8034],[-101.8183,29.8116],[-101.8241,29.7872],[-101.851,29.8079],[-101.9293,29.7826],[-101.9766,29.816],[-101.9886,29.7967],[-102.0348,29.804],[-102.05,29.7851],[-102.0736,29.7869],[-102.1423,29.8029],[-102.1801,29.8266],[-102.1852,29.8477],[-102.2235,29.8405],[-102.2469,29.8643],[-102.2614,29.8533],[-102.265,29.8678],[-102.3154,29.8799],[-102.3645,29.8454],[-102.3883,29.7613],[-102.4873,29.7866],[-102.5175,29.784],[-102.5134,29.7658],[-102.5483,29.7446],[-102.5677,29.7715],[-102.5741,29.7548],[-102.6302,29.7343],[-102.674,29.7446],[-102.6914,29.7214],[-102.6935,29.6765],[-102.7422,29.6325],[-102.74,29.599],[-102.7683,29.5947],[-102.7714,29.5485],[-102.8087,29.5223],[-102.8007,29.4862],[-102.8231,29.4633],[-102.8333,29.411],[-102.8127,29.4002],[-102.8444,29.3754],[-102.8394,29.3589],[-102.8844,29.3477],[-102.9063,29.26],[-102.8713,29.2416],[-102.8685,29.2229],[-102.8939,29.2087],[-102.9123,29.2194],[-102.9178,29.1907],[-102.9438,29.1912],[-102.9506,29.1737],[-102.9963,29.1783],[-103.036,29.0987],[-103.0761,29.0913],[-103.0859,29.0537],[-103.1001,29.0607],[-103.1153,28.9853],[-103.1639,28.9721],[-103.2278,28.9915],[-103.2496,28.9805],[-103.2663,28.996],[-103.2835,28.9769],[-103.2879,29.0022],[-103.3159,29.0104],[-103.3083,29.025],[-103.3383,29.0198],[-103.3309,29.043],[-103.3437,29.0464],[-103.3603,29.0185],[-103.3865,29.0216],[-103.3884,29.0339],[-103.4322,29.0437],[-103.4499,29.0727],[-103.4701,29.0662],[-103.4702,29.0855],[-103.5526,29.1573],[-103.6499,29.1564],[-103.6602,29.1709],[-103.7178,29.1806],[-103.7585,29.2329],[-103.7767,29.2201],[-103.784,29.2655],[-103.9752,29.296],[-104.0383,29.3202],[-104.1065,29.3731],[-104.1674,29.3947],[-104.2181,29.4577],[-104.213,29.4841],[-104.2311,29.4791],[-104.2617,29.5135],[-104.3155,29.5328],[-104.3381,29.52],[-104.476,29.628],[-104.509,29.6333],[-104.5442,29.681],[-104.5307,29.6914],[-104.5605,29.7354],[-104.5498,29.7406],[-104.5701,29.7529],[-104.5657,29.7705],[-104.6832,29.9295],[-104.6736,29.9568],[-104.6853,29.957],[-104.6802,29.977],[-104.6919,29.9739],[-104.6896,30.0149],[-104.7069,30.0507],[-104.685,30.0856],[-104.6964,30.1337],[-104.6867,30.1786],[-104.706,30.235],[-104.7497,30.2613],[-104.7613,30.3006],[-104.8119,30.3336],[-104.8176,30.3757],[-104.8595,30.3904],[-104.8473,30.4139],[-104.8679,30.4411],[-104.8668,30.495],[-104.9229,30.6038],[-104.9721,30.6103],[-105.0062,30.6856],[-105.0616,30.6857],[-105.1183,30.7497],[-105.1611,30.7521],[-105.1561,30.7696],[-105.1768,30.7681],[-105.1951,30.7921],[-105.2186,30.7852],[-105.215,30.8059],[-105.2579,30.7947],[-105.2922,30.8263],[-105.317,30.811],[-105.3393,30.8405],[-105.4005,30.8526],[-105.3999,30.8891],[-105.4665,30.9242],[-105.502,30.9677],[-105.5574,30.9902],[-105.6045,31.0837],[-105.7416,31.1644],[-105.7733,31.1669],[-105.7829,31.1976],[-105.8692,31.2888],[-105.9385,31.3187],[-105.9538,31.3647],[-106.0049,31.3925],[-106.0803,31.3987],[-106.2065,31.4662],[-106.381,31.7321],[-106.4511,31.7643],[-106.4846,31.7478],[-106.5101,31.7613],[-106.5471,31.8073],[-106.6027,31.825],[-106.602,31.8444],[-106.6359,31.8662],[-106.6292,31.8837],[-106.6455,31.8987]]]]}},{"type":"Feature","properties":{"STATEFP":"51","STUSPS":"VA","NAME":"Virginia"},"geometry":{"type":"MultiPolygon","coordinates":[[[[-75.7405,37.8012],[-75.7387,37.809],[-75.7331,37.8028],[-75.7405,37.8012]]],[[[-75.8541,37.7001],[-75.8508,37.7055],[-75.849,37.7018],[-75.8541,37.7001]]],[[[-75.8596,37.6822],[-75.8605,37.6931],[-75.8549,37.6889],[-75.8596,37.6822]]],[[[-75.8964,37.8021],[-75.8942,37.8057],[-75.8918,37.7962],[-75.8964,37.8021]]],[[[-75.9006,37.8938],[-75.901,37.8991],[-75.8987,37.8956],[-75.9006,37.8938]]],[[[-75.981,37.0971],[-75.962,37.1075],[-75.9429,37.098],[-75.9672,37.0846],[-75.981,37.0971]]],[[[-75.9883,37.8074],[-75.9969,37.8504],[-75.9735,37.8335],[-75.9883,37.8074]]],[[[-76.0023,37.862],[-76.0042,37.8705],[-75.9998,37.8603],[-76.0023,37.862]]],[[[-76.0248,37.2627],[-76.0149,37.3282],[-75.9683,37.3955],[-75.9796,37.4383],[-75.9323,37.5506],[-75.9412,37.5638],[-75.9176,37.5859],[-75.9236,37.6018],[-75.9054,37.6261],[-75.8928,37.6044],[-75.8773,37.6116],[-75.8894,37.6511],[-75.8459,37.6698],[-75.8377,37.713],[-75.795,37.7267],[-75.832,37.7281],[-75.7873,37.7571],[-75.8164,37.7893],[-75.7846,37.8068],[-75.7334,37.7859],[-75.7189,37.7933],[-75.7094,37.8458],[-75.685,37.8361],[-75.6726,37.847],[-75.6929,37.8678],[-75.6801,37.8753],[-75.6789,37.8883],[-75.6982,37.8919],[-75.6884,37.899],[-75.742,37.8968],[-75.7569,37.9016],[-75.7362,37.9022],[-75.7428,37.9132],[-75.7149,37.9374],[-75.643,37.9363],[-75.6482,37.9668],[-75.6244,37.9942],[-75.2425,38.027],[-75.3586,37.865],[-75.3848,37.8515],[-75.3946,37.8722],[-75.3625,37.8672],[-75.3462,37.8913],[-75.4064,37.8994],[-75.5268,37.7887],[-75.5894,37.6912],[-75.6145,37.6093],[-75.6022,37.5671],[-75.6911,37.4736],[-75.6633,37.4611],[-75.6621,37.4434],[-75.7436,37.3285],[-75.7976,37.2961],[-75.7972,37.2544],[-75.8185,37.2442],[-75.8014,37.2205],[-75.8293,37.2071],[-75.8186,37.199],[-75.8355,37.1745],[-75.9065,37.1146],[-75.9235,37.1128],[-75.9115,37.1229],[-75.9278,37.1303],[-75.9701,37.1172],[-76.0248,37.2627]]],[[[-76.0289,37.951],[-76.0414,37.954],[-75.9939,37.9535],[-76.0168,37.9465],[-76.0284,37.9205],[-76.0289,37.951]]],[[[-76.3027,36.9818],[-76.3026,36.9872],[-76.2999,36.9869],[-76.3027,36.9818]]],[[[-76.3186,36.9992],[-76.3177,37.0019],[-76.3171,36.9991],[-76.3186,36.9992]]],[[[-76.4193,37.5926],[-76.4178,37.5983],[-76.4173,37.592],[-76.4193,37.5926]]],[[[-83.6746,36.6031],[-83.5296,36.6662],[-83.4237,36.6674],[-83.3114,36.7103],[-83.1364,36.7431],[-83.1332,36.7846],[-83.0726,36.8546],[-83.0092,36.8473],[-82.8786,36.8896],[-82.858,36.9295],[-82.8675,36.9775],[-82.7225,37.0451],[-82.7221,37.1202],[-82.4989,37.227],[-82.3509,37.2671],[-81.968,37.538],[-81.9267,37.513],[-81.9961,37.4715],[-81.987,37.4549],[-81.9356,37.4384],[-81.9256,37.3573],[-81.8603,37.3157],[-81.8499,37.2852],[-81.7576,37.274],[-81.744,37.2425],[-81.6782,37.2015],[-81.5536,37.2084],[-81.5073,37.2338],[-81.4989,37.258],[-81.4801,37.2511],[-81.4167,37.2732],[-81.3943,37.3164],[-81.3622,37.3377],[-81.2251,37.2349],[-81.1126,37.2785],[-80.9796,37.3023],[-80.9666,37.2922],[-80.9005,37.315],[-80.8495,37.3469],[-80.8832,37.3839],[-80.8596,37.4296],[-80.7842,37.3946],[-80.7701,37.3724],[-80.552,37.4736],[-80.5114,37.4817],[-80.4949,37.4351],[-80.4756,37.4229],[-80.3093,37.5029],[-80.2824,37.5335],[-80.3303,37.5362],[-80.3124,37.5462],[-80.3285,37.5643],[-80.221,37.6278],[-80.2675,37.6461],[-80.2961,37.6918],[-80.2522,37.7273],[-80.2574,37.7561],[-80.2157,37.7775],[-80.2271,37.7989],[-80.1622,37.8751],[-79.9994,37.9958],[-79.9263,38.1072],[-79.9448,38.1316],[-79.9187,38.1548],[-79.9144,38.1884],[-79.7889,38.2687],[-79.8102,38.3067],[-79.7644,38.3565],[-79.7256,38.3638],[-79.7263,38.3871],[-79.6897,38.4314],[-79.6976,38.4872],[-79.6621,38.5155],[-79.673,38.5287],[-79.6491,38.5915],[-79.5369,38.5509],[-79.4766,38.4572],[-79.3123,38.4119],[-79.283,38.4181],[-79.2106,38.4929],[-79.1298,38.655],[-79.093,38.6595],[-79.0928,38.7023],[-79.055,38.7857],[-79.0273,38.7921],[-78.9982,38.8474],[-78.8693,38.763],[-78.786,38.8872],[-78.7171,38.936],[-78.7186,38.9046],[-78.6805,38.9253],[-78.6257,38.9826],[-78.6017,38.9646],[-78.5505,39.0181],[-78.5719,39.032],[-78.4037,39.1675],[-78.4387,39.198],[-78.3997,39.2439],[-78.4194,39.2575],[-78.3393,39.3486],[-78.3669,39.3593],[-78.3432,39.3888],[-78.3599,39.409],[-78.3471,39.466],[-77.8282,39.1323],[-77.73,39.3157],[-77.6758,39.3242],[-77.6159,39.3027],[-77.5666,39.3061],[-77.5406,39.2649],[-77.4577,39.225],[-77.4786,39.1892],[-77.5164,39.1709],[-77.5199,39.1209],[-77.4858,39.1093],[-77.4582,39.0737],[-77.3403,39.063],[-77.2484,39.0269],[-77.2446,38.9825],[-77.1466,38.9642],[-77.1034,38.9129],[-77.0406,38.8712],[-77.0433,38.719],[-77.122,38.6858],[-77.1302,38.635],[-77.202,38.6177],[-77.2157,38.6371],[-77.1943,38.6527],[-77.2359,38.6601],[-77.2239,38.646],[-77.2481,38.6323],[-77.247,38.5906],[-77.2653,38.5803],[-77.257,38.5605],[-77.3226,38.4671],[-77.3173,38.3836],[-77.2796,38.3394],[-77.2401,38.331],[-77.1627,38.346],[-77.1382,38.3679],[-77.0848,38.3683],[-77.0415,38.4002],[-77.0118,38.3746],[-77.0149,38.3328],[-77.0565,38.3171],[-76.9621,38.2565],[-76.9623,38.2141],[-76.8388,38.1635],[-76.7602,38.1666],[-76.7328,38.1318],[-76.7006,38.1602],[-76.6397,38.122],[-76.6434,38.1482],[-76.6121,38.1487],[-76.6009,38.1101],[-76.5374,38.0755],[-76.5214,38.0464],[-76.5505,38.0406],[-76.5551,38.0246],[-76.4767,38.0143],[-76.4632,38.0051],[-76.4728,37.9842],[-76.3438,37.9473],[-76.2367,37.8892],[-76.2661,37.8174],[-76.3122,37.8141],[-76.3153,37.782],[-76.2855,37.7841],[-76.316,37.7636],[-76.3072,37.7313],[-76.3221,37.737],[-76.3024,37.6909],[-76.3344,37.6845],[-76.325,37.6719],[-76.3399,37.656],[-76.3318,37.6298],[-76.3059,37.6411],[-76.2801,37.6151],[-76.3437,37.6238],[-76.3619,37.609],[-76.4555,37.6511],[-76.4724,37.6658],[-76.4543,37.6772],[-76.4687,37.6957],[-76.5102,37.6423],[-76.5342,37.6609],[-76.5372,37.6989],[-76.5843,37.7709],[-76.7261,37.8362],[-76.7792,37.9115],[-76.8354,37.9321],[-76.853,37.9746],[-76.8957,37.9891],[-76.9285,38.0686],[-76.9172,38.0296],[-76.9306,38.0243],[-76.9179,38.0028],[-76.9274,37.9818],[-76.8774,37.9705],[-76.8896,37.9528],[-76.7946,37.8952],[-76.7239,37.7885],[-76.6805,37.7801],[-76.677,37.7561],[-76.6167,37.7419],[-76.5794,37.6733],[-76.5897,37.6658],[-76.5493,37.6214],[-76.4334,37.6129],[-76.4251,37.5844],[-76.298,37.5599],[-76.3306,37.5471],[-76.3311,37.5255],[-76.335,37.5425],[-76.3588,37.5366],[-76.3605,37.5192],[-76.3233,37.4853],[-76.2882,37.5141],[-76.273,37.4848],[-76.2926,37.495],[-76.309,37.4886],[-76.2561,37.4526],[-76.2478,37.3788],[-76.2729,37.354],[-76.2762,37.3108],[-76.4129,37.4181],[-76.4099,37.3687],[-76.4548,37.3882],[-76.4696,37.3706],[-76.4037,37.3387],[-76.4386,37.3138],[-76.3947,37.3129],[-76.3829,37.2863],[-76.3546,37.2723],[-76.509,37.2395],[-76.4718,37.216],[-76.3866,37.2278],[-76.4021,37.2065],[-76.3925,37.1756],[-76.4123,37.1615],[-76.3707,37.1503],[-76.3487,37.1687],[-76.2993,37.1301],[-76.3018,37.1141],[-76.2714,37.0876],[-76.3043,37.0014],[-76.3407,37.0152],[-76.411,36.963],[-76.4253,36.9664],[-76.4613,37.0245],[-76.5186,37.0557],[-76.5603,37.1113],[-76.5571,37.0762],[-76.6255,37.1273],[-76.6044,37.1601],[-76.6499,37.2209],[-76.7582,37.2155],[-76.735,37.2032],[-76.7505,37.1901],[-76.7989,37.2347],[-76.8695,37.2422],[-76.8722,37.2627],[-76.9471,37.228],[-76.8984,37.1992],[-76.801,37.206],[-76.7373,37.1462],[-76.7153,37.148],[-76.6866,37.1973],[-76.6638,37.1739],[-76.6626,37.0457],[-76.5865,37.0287],[-76.5802,36.997],[-76.5569,37.002],[-76.4892,36.9597],[-76.4855,36.9386],[-76.4998,36.9294],[-76.4802,36.9143],[-76.4916,36.8811],[-76.4547,36.8841],[-76.4416,36.9061],[-76.3907,36.8957],[-76.3859,36.9232],[-76.3545,36.9228],[-76.3411,36.861],[-76.3705,36.8343],[-76.3398,36.8545],[-76.3016,36.8503],[-76.3279,36.8761],[-76.3141,36.9025],[-76.2875,36.9014],[-76.326,36.9037],[-76.3257,36.9632],[-76.2772,36.9679],[-76.0935,36.908],[-76.0335,36.9319],[-75.9963,36.922],[-75.8676,36.5504],[-80.1222,36.5426],[-81.6775,36.5881],[-81.6469,36.6119],[-81.9226,36.6162],[-81.9341,36.5942],[-83.6746,36.6031]]]]}},{"type":"Feature","properties":{"STATEFP":"09","STUSPS":"CT","NAME":"Connecticut"},"geometry":{"type":"MultiPolygon","coordinates":[[[[-72.2239,41.2935],[-72.2252,41.2953],[-72.2238,41.2949],[-72.2239,41.2935]]],[[[-72.7614,41.2423],[-72.7589,41.2538],[-72.7403,41.2565],[-72.7411,41.2527],[-72.7614,41.2423]]],[[[-72.7631,41.258],[-72.7623,41.2604],[-72.7612,41.259],[-72.7631,41.258]]],[[[-73.2176,41.1424],[-73.215,41.1445],[-73.2153,41.1426],[-73.2176,41.1424]]],[[[-73.3698,41.0888],[-73.3538,41.0875],[-73.3551,41.0835],[-73.3698,41.0888]]],[[[-73.3862,41.0584],[-73.3882,41.0733],[-73.3813,41.0707],[-73.3862,41.0584]]],[[[-73.4222,41.0476],[-73.4048,41.0621],[-73.3991,41.061],[-73.4222,41.0476]]],[[[-73.6125,40.9875],[-73.6097,40.9908],[-73.6076,40.9904],[-73.6125,40.9875]]],[[[-73.6301,40.9801],[-73.6295,40.9836],[-73.6219,40.9825],[-73.6301,40.9801]]],[[[-73.6408,40.9892],[-73.6384,40.9941],[-73.6391,40.9895],[-73.6408,40.9892]]],[[[-73.7278,41.1007],[-73.4827,41.2128],[-73.551,41.2954],[-73.4873,42.0496],[-72.8135,42.0365],[-72.8167,41.9976],[-72.7667,42.003],[-72.7558,42.0362],[-71.8007,42.0236],[-71.787,41.656],[-71.7977,41.4167],[-71.8426,41.4099],[-71.8294,41.3424],[-71.8575,41.3208],[-71.8775,41.336],[-71.9457,41.3378],[-72.0051,41.3067],[-72.0741,41.319],[-72.1118,41.2991],[-72.1563,41.3132],[-72.1644,41.3037],[-72.1841,41.324],[-72.203,41.3132],[-72.2058,41.2859],[-72.2238,41.302],[-72.3178,41.2778],[-72.3505,41.3118],[-72.3426,41.2688],[-72.3676,41.2635],[-72.4519,41.2789],[-72.507,41.2569],[-72.5294,41.2644],[-72.5439,41.2487],[-72.5833,41.2717],[-72.6657,41.2701],[-72.7061,41.2439],[-72.7058,41.2599],[-72.7621,41.2677],[-72.8946,41.2425],[-72.9131,41.2967],[-72.9392,41.2802],[-72.9313,41.2623],[-73.0145,41.2047],[-73.0496,41.2108],[-73.082,41.193],[-73.108,41.1688],[-73.103,41.1514],[-73.1778,41.1667],[-73.2624,41.1182],[-73.2868,41.1279],[-73.3682,41.1072],[-73.4333,41.0558],[-73.4667,41.0611],[-73.4774,41.0364],[-73.5006,41.0467],[-73.5233,41.0367],[-73.5231,41.02],[-73.5353,41.0319],[-73.5701,41.0016],[-73.604,41.0151],[-73.6568,40.9877],[-73.6553,41.0122],[-73.7278,41.1007]]]]}},{"type":"Feature","properties":{"STATEFP":"55","STUSPS":"WI","NAME":"Wisconsin"},"geometry":{"type":"MultiPolygon","coordinates":[[[[-86.8309,45.426],[-86.8101,45.4226],[-86.8054,45.4073],[-86.8296,45.4059],[-86.8309,45.426]]],[[[-86.9562,45.352],[-86.9374,45.421],[-86.9266,45.398],[-86.8775,45.414],[-86.8379,45.3937],[-86.8642,45.3651],[-86.869,45.3332],[-86.9032,45.3331],[-86.8971,45.2961],[-86.9562,45.352]]],[[[-86.9572,45.3048],[-86.9476,45.3123],[-86.9442,45.3006],[-86.9572,45.3048]]],[[[-87.2121,45.177],[-87.2071,45.18],[-87.2072,45.1776],[-87.2121,45.177]]],[[[-87.2637,45.1571],[-87.2647,45.1613],[-87.2622,45.1608],[-87.2637,45.1571]]],[[[-87.3775,45.1839],[-87.3752,45.1982],[-87.3351,45.2113],[-87.3326,45.1609],[-87.3775,45.1839]]],[[[-87.4928,45.0557],[-87.4972,45.0611],[-87.4918,45.0566],[-87.4928,45.0557]]],[[[-87.9893,44.6046],[-87.9813,44.597],[-87.9791,44.587],[-87.9813,44.5867],[-87.9893,44.6046]]],[[[-88.0006,44.6107],[-88.0034,44.6171],[-87.9915,44.6049],[-88.0006,44.6107]]],[[[-90.4653,47.0028],[-90.4483,47.0653],[-90.3951,47.077],[-90.4104,47.0169],[-90.4653,47.0028]]],[[[-90.5145,46.8775],[-90.4585,46.8973],[-90.4489,46.8965],[-90.4756,46.8751],[-90.5145,46.8775]]],[[[-90.5755,47.0339],[-90.5622,47.0399],[-90.5465,47.0177],[-90.5529,46.9997],[-90.5636,46.9972],[-90.5755,47.0339]]],[[[-90.5847,47.0626],[-90.5896,47.0724],[-90.5865,47.0757],[-90.5847,47.0626]]],[[[-90.625,47.004],[-90.606,47.007],[-90.6032,46.9954],[-90.6174,46.9894],[-90.625,47.004]]],[[[-90.6412,47.0256],[-90.645,47.0402],[-90.6371,47.0364],[-90.6412,47.0256]]],[[[-90.6543,46.9223],[-90.6371,46.9419],[-90.5765,46.9585],[-90.5288,46.9685],[-90.5086,46.9577],[-90.5455,46.9316],[-90.5397,46.9102],[-90.5685,46.9251],[-90.6391,46.9065],[-90.6543,46.9223]]],[[[-90.6784,46.9564],[-90.6549,46.9769],[-90.6341,46.9796],[-90.6612,46.9532],[-90.6784,46.9564]]],[[[-90.6803,47.0189],[-90.6887,47.0432],[-90.6487,47.0531],[-90.6803,47.0189]]],[[[-90.7027,46.887],[-90.6779,46.8959],[-90.6674,46.8914],[-90.6897,46.879],[-90.7027,46.887]]],[[[-90.7118,46.9876],[-90.6966,47.0085],[-90.6692,47.0001],[-90.6948,46.9829],[-90.7118,46.9876]]],[[[-90.7309,47.08],[-90.7208,47.0733],[-90.722,47.0632],[-90.73,47.0656],[-90.7309,47.08]]],[[[-90.7632,46.8333],[-90.7405,46.8701],[-90.7205,46.8657],[-90.744,46.8376],[-90.7632,46.8333]]],[[[-90.7653,46.947],[-90.7405,46.9642],[-90.7156,46.9584],[-90.689,46.9175],[-90.7367,46.9134],[-90.7653,46.947]]],[[[-90.7749,47.0245],[-90.7589,47.0347],[-90.7402,47.01],[-90.7659,47.0021],[-90.7749,47.0245]]],[[[-90.7916,46.785],[-90.733,46.8002],[-90.6165,46.8745],[-90.5689,46.8473],[-90.6738,46.8197],[-90.6572,46.7888],[-90.7165,46.7854],[-90.7636,46.7549],[-90.7879,46.7528],[-90.7916,46.785]]],[[[-90.8057,46.9718],[-90.7953,46.9805],[-90.7874,46.9795],[-90.7908,46.9704],[-90.8057,46.9718]]],[[[-90.8061,46.7303],[-90.7844,46.7294],[-90.7737,46.723],[-90.766,46.7129],[-90.8061,46.7303]]],[[[-90.8786,46.9913],[-90.8513,46.9854],[-90.851,46.983],[-90.8597,46.9764],[-90.8786,46.9913]]],[[[-90.9831,46.9822],[-90.9375,47.0031],[-90.9238,46.9879],[-90.932,46.9631],[-90.9658,46.9622],[-90.9831,46.9822]]],[[[-91.038,46.9419],[-91.0342,46.9452],[-91.0368,46.9408],[-91.038,46.9419]]],[[[-92.8881,45.6284],[-92.8692,45.7176],[-92.7846,45.7642],[-92.7578,45.8066],[-92.7651,45.8302],[-92.7125,45.8917],[-92.6388,45.9342],[-92.5519,45.9517],[-92.5271,45.9832],[-92.4694,45.9738],[-92.4286,46.0242],[-92.3518,46.0157],[-92.3329,46.0627],[-92.294,46.0744],[-92.2913,46.6681],[-92.2706,46.6507],[-92.2071,46.6519],[-92.1761,46.6863],[-92.2047,46.704],[-92.1891,46.7175],[-92.1463,46.7159],[-92.1379,46.7395],[-92.1082,46.7491],[-91.9526,46.6809],[-91.7901,46.6947],[-91.5907,46.7543],[-91.5111,46.7575],[-91.4085,46.7942],[-91.3726,46.7927],[-91.3148,46.8268],[-91.2567,46.8369],[-91.1866,46.8857],[-91.2044,46.8588],[-91.1783,46.8443],[-91.1402,46.8732],[-91.1349,46.859],[-91.1055,46.8576],[-91.0909,46.8827],[-91.053,46.8813],[-90.9684,46.9439],[-90.9218,46.9313],[-90.8559,46.9622],[-90.8317,46.9539],[-90.8249,46.9325],[-90.7921,46.9338],[-90.751,46.888],[-90.7771,46.886],[-90.7993,46.8232],[-90.885,46.7563],[-90.8538,46.6935],[-90.9116,46.6634],[-90.9218,46.6278],[-90.9516,46.601],[-90.9445,46.5877],[-90.9099,46.5824],[-90.7948,46.6249],[-90.7376,46.6553],[-90.7609,46.6604],[-90.7481,46.6698],[-90.6932,46.66],[-90.7534,46.7038],[-90.5581,46.5864],[-90.5059,46.5896],[-90.4181,46.5661],[-90.3933,46.5326],[-90.3319,46.5533],[-90.3109,46.5394],[-90.317,46.5173],[-90.2771,46.5245],[-90.273,46.5051],[-90.2166,46.5018],[-90.1188,46.3592],[-90.1205,46.3369],[-89.0916,46.1385],[-88.816,46.0206],[-88.7962,46.0337],[-88.7786,46.0313],[-88.7802,46.0154],[-88.74,46.0273],[-88.6791,46.0135],[-88.6708,45.9885],[-88.6164,45.9877],[-88.6014,46.0176],[-88.589,46.0051],[-88.5146,46.0199],[-88.4925,45.9922],[-88.4587,45.9994],[-88.4169,45.9753],[-88.3802,45.9917],[-88.327,45.9551],[-88.2491,45.9637],[-88.2331,45.9474],[-88.1898,45.9522],[-88.1029,45.9219],[-88.1018,45.8835],[-88.07,45.8738],[-88.1351,45.8217],[-88.1032,45.7914],[-88.0706,45.7799],[-87.9914,45.7954],[-87.9897,45.772],[-87.9635,45.7582],[-87.8776,45.7545],[-87.8555,45.7269],[-87.8059,45.7068],[-87.781,45.6739],[-87.8232,45.6627],[-87.8241,45.6471],[-87.7808,45.6146],[-87.7772,45.5885],[-87.7924,45.5631],[-87.8336,45.5625],[-87.8034,45.5383],[-87.7928,45.5],[-87.813,45.4642],[-87.8617,45.4345],[-87.8493,45.4039],[-87.8881,45.3547],[-87.8702,45.3664],[-87.8501,45.3404],[-87.8326,45.3522],[-87.7541,45.3494],[-87.694,45.3899],[-87.6573,45.3688],[-87.6481,45.3394],[-87.7104,45.2593],[-87.7417,45.1982],[-87.7365,45.1734],[-87.6839,45.1441],[-87.66,45.1075],[-87.5874,45.0871],[-87.6257,45.0452],[-87.6312,44.9844],[-87.7752,44.965],[-87.8393,44.9328],[-87.831,44.8926],[-87.8666,44.8427],[-87.9024,44.8278],[-87.9389,44.7591],[-87.9826,44.7218],[-87.9787,44.6551],[-87.9939,44.6772],[-88.0151,44.6349],[-88.0149,44.5855],[-88.0495,44.5656],[-88.0024,44.5387],[-87.929,44.536],[-87.8989,44.5741],[-87.9129,44.578],[-87.864,44.6155],[-87.7542,44.6506],[-87.7176,44.698],[-87.7209,44.7245],[-87.6101,44.8384],[-87.552,44.8521],[-87.5661,44.8304],[-87.5537,44.8245],[-87.5336,44.8577],[-87.5038,44.8547],[-87.5189,44.8726],[-87.4856,44.8546],[-87.4331,44.8927],[-87.4191,44.8854],[-87.4386,44.881],[-87.3843,44.8312],[-87.3836,44.8851],[-87.405,44.9118],[-87.3214,45.0382],[-87.3016,45.0542],[-87.2841,45.0465],[-87.2574,45.1216],[-87.2394,45.1281],[-87.2377,45.1682],[-87.2231,45.1746],[-87.1786,45.1484],[-87.1672,45.1836],[-87.12,45.1911],[-87.1087,45.257],[-87.0775,45.2527],[-87.0674,45.2958],[-87.0439,45.2848],[-86.9834,45.2954],[-86.9704,45.2785],[-86.9844,45.2644],[-86.9734,45.2433],[-86.9854,45.2158],[-87.0395,45.2274],[-87.0458,45.1587],[-87.0299,45.1454],[-87.0505,45.1367],[-87.0661,45.1574],[-87.085,45.145],[-87.051,45.1162],[-87.048,45.0878],[-87.0653,45.0782],[-87.0939,45.0934],[-87.0872,45.0561],[-87.0982,45.0699],[-87.1235,45.0671],[-87.1394,45.0126],[-87.1635,45.0049],[-87.1894,44.9686],[-87.1717,44.9315],[-87.216,44.9066],[-87.2045,44.8756],[-87.2674,44.8469],[-87.3185,44.7885],[-87.3538,44.7019],[-87.4681,44.5519],[-87.5454,44.3214],[-87.5084,44.2297],[-87.5129,44.1928],[-87.5632,44.1442],[-87.6481,44.1037],[-87.6561,44.0518],[-87.6837,44.0202],[-87.7363,43.881],[-87.7264,43.8104],[-87.6961,43.7646],[-87.7102,43.7371],[-87.7027,43.6876],[-87.7901,43.5631],[-87.7917,43.4922],[-87.8696,43.3872],[-87.9118,43.2504],[-87.8811,43.1706],[-87.9005,43.1259],[-87.8638,43.0706],[-87.895,43.0425],[-87.8975,43.0201],[-87.845,42.9611],[-87.8465,42.8841],[-87.8245,42.8347],[-87.7579,42.7821],[-87.7782,42.7628],[-87.778,42.7189],[-87.8171,42.6355],[-87.8021,42.4926],[-90.6428,42.5085],[-90.644,42.5399],[-90.7092,42.6361],[-90.9492,42.6856],[-91.0537,42.7382],[-91.1006,42.8831],[-91.1456,42.908],[-91.1454,42.9582],[-91.1795,43.0674],[-91.1753,43.1347],[-91.0579,43.2554],[-91.1072,43.3136],[-91.2148,43.3659],[-91.1977,43.3953],[-91.2334,43.4552],[-91.2174,43.5125],[-91.2432,43.5403],[-91.2319,43.5818],[-91.2687,43.6153],[-91.2733,43.6666],[-91.2441,43.7747],[-91.2841,43.8471],[-91.4374,44.0],[-91.5921,44.0314],[-91.7075,44.1039],[-91.7216,44.1303],[-91.8752,44.2006],[-91.8964,44.2747],[-91.9246,44.2918],[-91.9186,44.3227],[-91.9636,44.3621],[-92.0565,44.4027],[-92.2325,44.4454],[-92.291,44.4855],[-92.3361,44.554],[-92.5481,44.5678],[-92.5694,44.6035],[-92.6215,44.615],[-92.6321,44.649],[-92.8073,44.7504],[-92.7653,44.8372],[-92.7746,44.8981],[-92.7506,44.9373],[-92.7694,44.9721],[-92.7621,45.0243],[-92.8031,45.061],[-92.7396,45.1156],[-92.7671,45.1879],[-92.7517,45.2187],[-92.7619,45.287],[-92.71,45.3213],[-92.7027,45.3585],[-92.6504,45.3985],[-92.6466,45.4416],[-92.7267,45.5145],[-92.7261,45.5411],[-92.7702,45.5669],[-92.8811,45.5734],[-92.8881,45.6284]]]]}},{"type":"Feature","properties":{"STATEFP":"12","STUSPS":"FL","NAME":"Florida"},"geometry":{"type":"MultiPolygon","coordinates":[[[[-80.1771,25.5217],[-80.174,25.5254],[-80.1727,25.5221],[-80.1771,25.5217]]],[[[-80.2586,25.3596],[-80.2554,25.3807],[-80.2366,25.3893],[-80.2495,25.395],[-80.2092,25.4144],[-80.1757,25.5177],[-80.2038,25.4145],[-80.2314,25.3874],[-80.2393,25.3506],[-80.2586,25.3596]]],[[[-80.2968,25.3255],[-80.2937,25.3268],[-80.2937,25.3246],[-80.2968,25.3255]]],[[[-80.295,25.3767],[-80.2982,25.3822],[-80.2937,25.3855],[-80.295,25.3767]]],[[[-80.302,25.403],[-80.3002,25.4067],[-80.2997,25.4054],[-80.302,25.403]]],[[[-80.4558,25.0484],[-80.4486,25.0537],[-80.4463,25.0528],[-80.4558,25.0484]]],[[[-80.4823,25.1124],[-80.4769,25.1143],[-80.4759,25.1083],[-80.4823,25.1124]]],[[[-80.4826,25.0864],[-80.4739,25.0936],[-80.4777,25.1035],[-80.4688,25.092],[-80.4826,25.0864]]],[[[-80.4945,25.0978],[-80.4908,25.1035],[-80.4862,25.1086],[-80.4945,25.0978]]],[[[-80.4985,25.0759],[-80.4991,25.0809],[-80.4929,25.08],[-80.4985,25.0759]]],[[[-80.5092,25.1314],[-80.5054,25.1378],[-80.5077,25.131],[-80.5092,25.1314]]],[[[-80.5066,25.1473],[-80.5093,25.1552],[-80.5054,25.1487],[-80.5066,25.1473]]],[[[-80.5178,25.083],[-80.5111,25.0832],[-80.5106,25.0819],[-80.5178,25.083]]],[[[-80.5379,25.1827],[-80.5356,25.1951],[-80.5303,25.1876],[-80.5379,25.1827]]],[[[-80.5532,25.1614],[-80.5501,25.1619],[-80.5559,25.1582],[-80.5532,25.1614]]],[[[-80.5527,25.0629],[-80.5581,25.066],[-80.5558,25.0722],[-80.5527,25.0629]]],[[[-80.5677,25.1257],[-80.565,25.1279],[-80.568,25.1225],[-80.5677,25.1257]]],[[[-80.5619,25.1396],[-80.565,25.1497],[-80.5572,25.1404],[-80.5619,25.1396]]],[[[-80.5607,25.1074],[-80.5672,25.1083],[-80.5676,25.1191],[-80.5607,25.1074]]],[[[-80.5764,25.1502],[-80.5729,25.1567],[-80.5751,25.1484],[-80.5764,25.1502]]],[[[-80.5882,25.0565],[-80.5827,25.0612],[-80.5833,25.0569],[-80.5882,25.0565]]],[[[-80.6077,25.1749],[-80.5866,25.1714],[-80.5868,25.1626],[-80.5999,25.1637],[-80.6077,25.1749]]],[[[-80.6194,25.0715],[-80.6055,25.0704],[-80.6079,25.0569],[-80.6134,25.0562],[-80.6194,25.0715]]],[[[-80.6141,25.0032],[-80.6155,25.0078],[-80.6128,25.0067],[-80.6141,25.0032]]],[[[-80.6144,25.1758],[-80.6215,25.1837],[-80.6098,25.1824],[-80.6144,25.1758]]],[[[-80.6239,24.9988],[-80.626,25.0026],[-80.6228,25.0],[-80.6239,24.9988]]],[[[-80.6232,24.9586],[-80.6251,24.9614],[-80.6239,24.9637],[-80.6232,24.9586]]],[[[-80.6342,25.0243],[-80.6342,25.0281],[-80.6316,25.0255],[-80.6342,25.0243]]],[[[-80.6442,25.0469],[-80.6448,25.0528],[-80.6411,25.0498],[-80.6442,25.0469]]],[[[-80.6485,25.0324],[-80.6459,25.0363],[-80.6463,25.0332],[-80.6485,25.0324]]],[[[-80.6527,24.9808],[-80.6502,24.9895],[-80.6466,24.9874],[-80.6527,24.9808]]],[[[-80.6587,25.1071],[-80.6435,25.1121],[-80.6474,25.1387],[-80.6375,25.1373],[-80.6406,25.0734],[-80.6587,25.1071]]],[[[-80.6576,24.9878],[-80.6618,24.9953],[-80.6543,24.9949],[-80.6576,24.9878]]],[[[-80.6684,25.0335],[-80.6646,25.0372],[-80.664,25.0336],[-80.6684,25.0335]]],[[[-80.6664,24.9185],[-80.6652,24.9282],[-80.6608,24.924],[-80.6664,24.9185]]],[[[-80.6673,24.9864],[-80.6701,24.9902],[-80.6667,24.9872],[-80.6673,24.9864]]],[[[-80.6804,25.0993],[-80.6745,25.1041],[-80.6669,25.096],[-80.6804,25.0993]]],[[[-80.6762,25.031],[-80.6781,25.0353],[-80.6737,25.0329],[-80.6762,25.031]]],[[[-80.6759,25.1145],[-80.6841,25.1229],[-80.6795,25.1232],[-80.6759,25.1145]]],[[[-80.6871,25.0272],[-80.6821,25.0307],[-80.6821,25.0253],[-80.6871,25.0272]]],[[[-80.6945,25.0501],[-80.6956,25.0621],[-80.6926,25.0601],[-80.6945,25.0501]]],[[[-80.6972,25.0983],[-80.7002,25.1014],[-80.7009,25.1081],[-80.6972,25.0983]]],[[[-80.7009,25.1158],[-80.6945,25.1223],[-80.6944,25.1199],[-80.7009,25.1158]]],[[[-80.7026,24.897],[-80.6981,24.9089],[-80.6934,24.8995],[-80.7026,24.897]]],[[[-80.706,25.1289],[-80.7111,25.1431],[-80.6996,25.1257],[-80.706,25.1289]]],[[[-80.7146,25.1466],[-80.711,25.1458],[-80.7113,25.1444],[-80.7146,25.1466]]],[[[-80.7246,25.0938],[-80.7252,25.0992],[-80.7232,25.0981],[-80.7246,25.0938]]],[[[-80.7263,24.9962],[-80.7301,25.0024],[-80.7237,25.0051],[-80.7263,24.9962]]],[[[-80.728,25.0626],[-80.7343,25.0722],[-80.7282,25.0709],[-80.728,25.0626]]],[[[-80.7401,25.0083],[-80.7355,25.0054],[-80.7369,25.0025],[-80.7401,25.0083]]],[[[-80.7352,24.8488],[-80.733,24.8643],[-80.6907,24.8842],[-80.7352,24.8488]]],[[[-80.7583,25.0293],[-80.7545,25.0391],[-80.7496,25.0271],[-80.7583,25.0293]]],[[[-80.7609,25.1435],[-80.7605,25.1463],[-80.7588,25.1453],[-80.7609,25.1435]]],[[[-80.7847,24.9368],[-80.7839,24.9408],[-80.7827,24.9393],[-80.7847,24.9368]]],[[[-80.7892,25.0232],[-80.7863,25.0266],[-80.7852,25.0248],[-80.7892,25.0232]]],[[[-80.7867,25.1244],[-80.7893,25.132],[-80.7812,25.122],[-80.7867,25.1244]]],[[[-80.7911,25.0915],[-80.7857,25.0925],[-80.7877,25.0891],[-80.7911,25.0915]]],[[[-80.7923,25.0679],[-80.7887,25.071],[-80.7875,25.0687],[-80.7923,25.0679]]],[[[-80.8298,24.9877],[-80.8299,24.9945],[-80.8279,24.9879],[-80.8298,24.9877]]],[[[-80.8309,25.1152],[-80.8323,25.1217],[-80.8287,25.115],[-80.8309,25.1152]]],[[[-80.8482,24.8058],[-80.8305,24.8124],[-80.7905,24.8429],[-80.8102,24.8242],[-80.7884,24.8253],[-80.7945,24.812],[-80.8482,24.8058]]],[[[-80.8515,25.1077],[-80.8504,25.1107],[-80.8498,25.1085],[-80.8515,25.1077]]],[[[-80.8653,25.03],[-80.8626,25.034],[-80.8609,25.0311],[-80.8653,25.03]]],[[[-80.8761,25.1109],[-80.8808,25.1192],[-80.8765,25.1172],[-80.8761,25.1109]]],[[[-80.8854,25.0581],[-80.8848,25.0612],[-80.8836,25.0599],[-80.8854,25.0581]]],[[[-80.9041,25.0497],[-80.9018,25.0522],[-80.9016,25.0503],[-80.9041,25.0497]]],[[[-80.9054,25.1326],[-80.9042,25.1374],[-80.9002,25.1374],[-80.9054,25.1326]]],[[[-80.9111,25.102],[-80.912,25.1103],[-80.9078,25.1029],[-80.9111,25.102]]],[[[-80.9232,24.7667],[-80.9153,24.7779],[-80.9088,24.7776],[-80.9076,24.7686],[-80.9232,24.7667]]],[[[-80.9315,24.7634],[-80.926,24.7689],[-80.9264,24.7659],[-80.9315,24.7634]]],[[[-80.9299,25.0785],[-80.9295,25.0809],[-80.9252,25.0806],[-80.9299,25.0785]]],[[[-80.9416,25.1062],[-80.9353,25.1111],[-80.9325,25.1092],[-80.9416,25.1062]]],[[[-81.1248,24.7071],[-81.0654,24.7209],[-81.0416,24.7433],[-81.0169,24.7347],[-80.9887,24.7602],[-80.9314,24.7743],[-81.0159,24.7199],[-81.0671,24.7149],[-81.0773,24.69],[-81.108,24.6886],[-81.1248,24.7071]]],[[[-81.2301,24.7769],[-81.228,24.7818],[-81.2261,24.7757],[-81.2301,24.7769]]],[[[-81.2808,24.6556],[-81.26,24.6748],[-81.2432,24.674],[-81.2448,24.6692],[-81.2808,24.6556]]],[[[-81.2939,24.7726],[-81.2878,24.7764],[-81.2857,24.7682],[-81.2939,24.7726]]],[[[-81.3143,24.7508],[-81.3061,24.7571],[-81.299,24.7436],[-81.3143,24.7508]]],[[[-81.324,24.7596],[-81.3242,24.7671],[-81.3173,24.7568],[-81.324,24.7596]]],[[[-81.3306,24.7295],[-81.3284,24.7503],[-81.2974,24.7167],[-81.3033,24.714],[-81.3306,24.7295]]],[[[-81.3329,24.7316],[-81.3336,24.7442],[-81.3321,24.7327],[-81.3329,24.7316]]],[[[-81.3556,25.6925],[-81.3412,25.7126],[-81.3382,25.6929],[-81.3556,25.6925]]],[[[-81.4443,24.6329],[-81.4417,24.636],[-81.4409,24.633],[-81.4443,24.6329]]],[[[-81.4828,24.6181],[-81.469,24.6132],[-81.4677,24.61],[-81.4715,24.6099],[-81.4828,24.6181]]],[[[-81.8108,24.566],[-81.8109,24.5695],[-81.8096,24.5695],[-81.8108,24.566]]],[[[-81.812,24.5488],[-81.7995,24.5942],[-81.794,24.5757],[-81.7528,24.5802],[-81.722,24.6067],[-81.7653,24.6326],[-81.7543,24.654],[-81.5846,24.7367],[-81.5712,24.7564],[-81.5158,24.7562],[-81.4981,24.7926],[-81.4435,24.8134],[-81.4515,24.7669],[-81.4055,24.7927],[-81.3718,24.7791],[-81.3594,24.7286],[-81.3196,24.7027],[-81.2969,24.6554],[-81.3948,24.6211],[-81.4125,24.6467],[-81.5059,24.6545],[-81.519,24.6188],[-81.6043,24.5862],[-81.6852,24.5587],[-81.812,24.5488]]],[[[-81.8146,24.5604],[-81.8128,24.5636],[-81.8123,24.5608],[-81.8146,24.5604]]],[[[-81.8882,24.5578],[-81.8859,24.563],[-81.8837,24.5603],[-81.8882,24.5578]]],[[[-81.9211,24.6013],[-81.9231,24.6066],[-81.9195,24.6055],[-81.9211,24.6013]]],[[[-81.9249,24.54],[-81.9213,24.5485],[-81.9168,24.5454],[-81.9249,24.54]]],[[[-81.926,24.5265],[-81.9256,24.5329],[-81.9177,24.5305],[-81.926,24.5265]]],[[[-81.9643,24.5213],[-81.9631,24.525],[-81.9631,24.5213],[-81.9643,24.5213]]],[[[-81.9785,24.5232],[-81.9709,24.527],[-81.9682,24.5235],[-81.9785,24.5232]]],[[[-82.0065,24.5274],[-82.0075,24.5379],[-81.9983,24.5309],[-82.0065,24.5274]]],[[[-82.1454,24.5899],[-82.13,24.5975],[-82.1081,24.5906],[-82.1013,24.5655],[-82.1161,24.5495],[-82.1335,24.55],[-82.1104,24.5686],[-82.1454,24.5899]]],[[[-82.146,24.5489],[-82.1452,24.5525],[-82.1441,24.5513],[-82.146,24.5489]]],[[[-82.1564,24.5491],[-82.1645,24.5634],[-82.1567,24.5661],[-82.1564,24.5491]]],[[[-82.1729,26.4677],[-82.2143,26.6029],[-82.1778,26.4922],[-82.0884,26.4552],[-82.0626,26.4701],[-82.0139,26.4521],[-82.0829,26.4221],[-82.1729,26.4677]]],[[[-82.2625,26.6776],[-82.2461,26.7061],[-82.2211,26.6134],[-82.2625,26.6776]]],[[[-82.4199,27.8436],[-82.406,27.85],[-82.4052,27.849],[-82.4199,27.8436]]],[[[-82.4375,27.867],[-82.4354,27.8842],[-82.4246,27.8842],[-82.4243,27.8682],[-82.4375,27.867]]],[[[-82.4417,27.8235],[-82.4312,27.8386],[-82.4322,27.8223],[-82.4417,27.8235]]],[[[-82.5736,27.6313],[-82.5727,27.6369],[-82.5692,27.6305],[-82.5736,27.6313]]],[[[-82.6951,27.6616],[-82.6939,27.6687],[-82.6856,27.6647],[-82.6951,27.6616]]],[[[-82.7573,28.8007],[-82.7421,28.8032],[-82.7238,28.7905],[-82.7367,28.7737],[-82.7573,28.8007]]],[[[-82.7633,27.5821],[-82.7615,27.6031],[-82.7561,27.5761],[-82.7633,27.5821]]],[[[-82.8001,28.1732],[-82.7983,28.1749],[-82.7984,28.1739],[-82.8001,28.1732]]],[[[-82.8043,28.1764],[-82.8035,28.1779],[-82.8016,28.1765],[-82.8043,28.1764]]],[[[-82.8061,28.173],[-82.8042,28.1741],[-82.8041,28.1731],[-82.8061,28.173]]],[[[-82.8427,28.1112],[-82.8322,28.1291],[-82.8324,28.1067],[-82.8427,28.1112]]],[[[-82.8524,28.2102],[-82.8404,28.212],[-82.8427,28.1638],[-82.8499,28.1798],[-82.8524,28.2102]]],[[[-82.8737,24.6265],[-82.8633,24.6289],[-82.8629,24.6257],[-82.8737,24.6265]]],[[[-82.9261,24.6281],[-82.9218,24.6334],[-82.9167,24.6362],[-82.9261,24.6281]]],[[[-83.0345,29.1218],[-83.0278,29.127],[-83.024,29.1193],[-83.0345,29.1218]]],[[[-83.034,29.0955],[-83.0307,29.099],[-83.0259,29.0963],[-83.034,29.0955]]],[[[-83.076,29.1016],[-83.0618,29.1025],[-83.0599,29.0997],[-83.0654,29.0956],[-83.076,29.1016]]],[[[-83.0934,29.1318],[-83.0826,29.1289],[-83.0857,29.1202],[-83.0903,29.1187],[-83.0934,29.1318]]],[[[-83.829,29.9698],[-83.8278,29.9728],[-83.827,29.9711],[-83.829,29.9698]]],[[[-84.6747,29.7862],[-84.6245,29.7901],[-84.5725,29.8285],[-84.5794,29.8079],[-84.6237,29.7885],[-84.6747,29.7862]]],[[[-85.0972,29.6262],[-85.027,29.5967],[-84.9815,29.6086],[-84.8676,29.671],[-84.7905,29.6895],[-84.7986,29.7021],[-84.7822,29.6926],[-84.692,29.7649],[-84.777,29.6922],[-84.9565,29.614],[-85.0451,29.587],[-85.0972,29.6262]]],[[[-85.2225,29.6793],[-85.1143,29.6887],[-85.0743,29.674],[-85.0968,29.6331],[-85.1205,29.63],[-85.2225,29.6793]]],[[[-87.6348,30.8661],[-87.5921,30.9515],[-87.5989,30.9975],[-85.0019,31.0007],[-85.0059,30.977],[-84.9801,30.9613],[-84.9831,30.9348],[-84.9349,30.8845],[-84.9257,30.8427],[-84.9374,30.8209],[-84.9143,30.7536],[-84.8647,30.7115],[-82.2148,30.5686],[-82.2404,30.5378],[-82.2014,30.4852],[-82.2042,30.4013],[-82.1618,30.3579],[-82.06,30.3603],[-82.0368,30.3779],[-82.0055,30.5635],[-82.0495,30.6555],[-82.0448,30.7285],[-82.0368,30.7544],[-82.0114,30.7626],[-82.022,30.7882],[-81.9734,30.7788],[-81.9495,30.8279],[-81.9109,30.8161],[-81.9014,30.8299],[-81.8683,30.7929],[-81.7944,30.787],[-81.7822,30.7613],[-81.7617,30.7757],[-81.7199,30.7446],[-81.6728,30.7389],[-81.6831,30.7485],[-81.6633,30.7544],[-81.6531,30.7298],[-81.6244,30.7363],[-81.6107,30.7162],[-81.6009,30.7294],[-81.5384,30.7087],[-81.5312,30.7242],[-81.4873,30.7261],[-81.4258,30.7005],[-81.4419,30.6014],[-81.4358,30.5261],[-81.4559,30.5134],[-81.4132,30.4829],[-81.3919,30.3044],[-81.309,29.9694],[-81.2751,29.8988],[-81.2539,29.7769],[-81.1636,29.5553],[-80.9662,29.148],[-80.7097,28.7567],[-80.5742,28.5853],[-80.5251,28.4595],[-80.5781,28.4231],[-80.6043,28.3548],[-80.6033,28.2526],[-80.572,28.1116],[-80.3805,27.732],[-80.2966,27.471],[-80.0939,27.0186],[-80.0314,26.7963],[-80.0389,26.5693],[-80.1088,26.0901],[-80.121,25.8132],[-80.1308,25.7644],[-80.1594,25.733],[-80.1476,25.7235],[-80.1563,25.6662],[-80.1773,25.6866],[-80.1543,25.7232],[-80.2026,25.7482],[-80.2491,25.7134],[-80.272,25.6392],[-80.3067,25.6128],[-80.3027,25.5695],[-80.3315,25.5282],[-80.3405,25.4706],[-80.3204,25.4372],[-80.3279,25.3968],[-80.3054,25.3877],[-80.3423,25.3233],[-80.3706,25.3232],[-80.3724,25.2871],[-80.3981,25.2768],[-80.4167,25.1987],[-80.3528,25.2076],[-80.3322,25.263],[-80.3659,25.2854],[-80.3066,25.3006],[-80.267,25.3521],[-80.253,25.3383],[-80.3673,25.1687],[-80.3503,25.1702],[-80.3582,25.1532],[-80.4001,25.106],[-80.4239,25.1044],[-80.4721,25.0615],[-80.5658,24.9571],[-80.6577,24.8974],[-80.6232,24.9467],[-80.5976,24.9503],[-80.5988,24.9661],[-80.5584,24.9713],[-80.5438,25.014],[-80.5159,25.0147],[-80.4611,25.0791],[-80.4657,25.0917],[-80.4333,25.1078],[-80.4613,25.1325],[-80.4427,25.1916],[-80.4655,25.2118],[-80.5008,25.2116],[-80.498,25.1999],[-80.5193,25.2226],[-80.5391,25.2044],[-80.5628,25.2123],[-80.559,25.1996],[-80.5655,25.1929],[-80.5776,25.2012],[-80.5633,25.2074],[-80.5796,25.2121],[-80.6092,25.1837],[-80.605,25.2035],[-80.6522,25.1928],[-80.664,25.1767],[-80.6373,25.1783],[-80.6341,25.1765],[-80.6737,25.1383],[-80.6533,25.1645],[-80.6723,25.1747],[-80.6981,25.1634],[-80.7042,25.1408],[-80.7323,25.1676],[-80.7474,25.158],[-80.7227,25.1454],[-80.7689,25.1623],[-80.7695,25.145],[-80.7781,25.1382],[-80.7832,25.1659],[-80.8005,25.143],[-80.7935,25.1764],[-80.8085,25.1844],[-80.8264,25.1606],[-80.8389,25.1759],[-80.8755,25.1743],[-80.9001,25.162],[-80.9006,25.1397],[-80.9455,25.1284],[-81.0879,25.1162],[-81.141,25.1572],[-81.149,25.1977],[-81.172,25.2223],[-81.1519,25.3248],[-81.1182,25.3452],[-81.123,25.3791],[-81.1505,25.3873],[-81.168,25.4695],[-81.2097,25.5065],[-81.2044,25.5389],[-81.2336,25.5689],[-81.2417,25.6065],[-81.2715,25.6143],[-81.2903,25.6875],[-81.3819,25.7492],[-81.389,25.7813],[-81.4702,25.8033],[-81.464,25.8113],[-81.4996,25.8348],[-81.53,25.8386],[-81.5342,25.8566],[-81.5644,25.8562],[-81.6423,25.9054],[-81.6721,25.8818],[-81.6806,25.8453],[-81.7295,25.9094],[-81.7555,25.9573],[-81.7396,25.9757],[-81.8017,26.0914],[-81.8331,26.2945],[-81.8825,26.4027],[-81.9639,26.4572],[-81.9695,26.4765],[-82.0127,26.4869],[-81.9981,26.5327],[-82.0387,26.5256],[-82.0581,26.5484],[-82.0716,26.5257],[-82.0569,26.4937],[-82.1057,26.4839],[-82.1021,26.5195],[-82.1426,26.6439],[-82.1838,26.6878],[-82.1738,26.7056],[-82.1258,26.6995],[-82.099,26.646],[-82.0821,26.6536],[-82.0914,26.6668],[-82.051,26.7919],[-82.0511,26.865],[-82.0867,26.8885],[-82.0971,26.9145],[-82.0538,26.9398],[-82.1178,26.9651],[-82.1414,26.9239],[-82.1831,26.9358],[-82.1463,26.7829],[-82.2499,26.7629],[-82.2619,26.7171],[-82.2825,26.816],[-82.4457,27.0606],[-82.522,27.2284],[-82.5689,27.2756],[-82.5601,27.2951],[-82.6901,27.4344],[-82.7457,27.5388],[-82.708,27.5231],[-82.7068,27.4984],[-82.6413,27.5255],[-82.6117,27.5853],[-82.5774,27.5996],[-82.5143,27.7056],[-82.4785,27.7219],[-82.4814,27.7434],[-82.4426,27.7575],[-82.4105,27.8107],[-82.3859,27.8197],[-82.4026,27.8826],[-82.4424,27.9153],[-82.4605,27.9084],[-82.4619,27.9386],[-82.4917,27.9147],[-82.4724,27.8226],[-82.5339,27.8329],[-82.5546,27.848],[-82.5299,27.8775],[-82.5415,27.8844],[-82.5308,27.9283],[-82.5442,27.9562],[-82.6405,28.0168],[-82.6636,27.9999],[-82.6654,28.0281],[-82.6867,28.0302],[-82.6756,28.0054],[-82.6887,27.973],[-82.7218,27.9546],[-82.7259,27.9362],[-82.6297,27.907],[-82.6383,27.8929],[-82.5964,27.8641],[-82.5876,27.819],[-82.6224,27.7892],[-82.6398,27.7039],[-82.7134,27.7037],[-82.7237,27.6624],[-82.708,27.6301],[-82.6982,27.6378],[-82.705,27.6253],[-82.7347,27.6119],[-82.7403,27.7182],[-82.8491,27.8632],[-82.8185,28.0487],[-82.8049,27.966],[-82.7861,28.0479],[-82.8223,28.0541],[-82.8341,28.0638],[-82.8362,28.0919],[-82.8212,28.0602],[-82.7835,28.0526],[-82.7781,28.12],[-82.7991,28.1853],[-82.7701,28.2077],[-82.7484,28.2468],[-82.7582,28.2549],[-82.7254,28.2901],[-82.7352,28.3067],[-82.7013,28.3748],[-82.7068,28.4021],[-82.6645,28.4496],[-82.6805,28.4608],[-82.6645,28.4888],[-82.6782,28.4993],[-82.6443,28.5842],[-82.6777,28.6548],[-82.6551,28.6805],[-82.7208,28.7137],[-82.6901,28.7366],[-82.7025,28.7774],[-82.6915,28.7922],[-82.7387,28.8248],[-82.7279,28.8713],[-82.6898,28.8855],[-82.696,28.9308],[-82.7572,28.986],[-82.7638,29.0545],[-82.8049,29.0543],[-82.7835,29.0693],[-82.8156,29.073],[-82.8237,29.0989],[-82.8018,29.1166],[-82.8139,29.1625],[-82.9948,29.1752],[-83.0164,29.1386],[-83.0565,29.1299],[-83.0878,29.2164],[-83.0773,29.2553],[-83.1691,29.2898],[-83.1736,29.3099],[-83.1562,29.3249],[-83.2025,29.3713],[-83.2181,29.4205],[-83.2937,29.437],[-83.3144,29.4751],[-83.4003,29.5172],[-83.4086,29.6673],[-83.4837,29.6882],[-83.493,29.7127],[-83.5479,29.7281],[-83.566,29.7614],[-83.5842,29.7585],[-83.5868,29.8189],[-83.6808,29.9216],[-83.9254,30.0346],[-84.0068,30.0976],[-84.063,30.1014],[-84.1679,30.0714],[-84.1845,30.0773],[-84.175,30.0958],[-84.2056,30.1143],[-84.2034,30.0846],[-84.2623,30.1037],[-84.2731,30.0638],[-84.3616,30.0157],[-84.362,29.9877],[-84.3418,29.9703],[-84.4376,29.9881],[-84.4389,29.9602],[-84.3386,29.9465],[-84.3491,29.8968],[-84.4233,29.9033],[-84.4517,29.9291],[-84.492,29.9099],[-84.5218,29.9141],[-84.888,29.7224],[-84.9021,29.7353],[-84.8706,29.7971],[-84.9151,29.7833],[-84.9933,29.715],[-85.1017,29.7187],[-85.2509,29.6872],[-85.222,29.6855],[-85.2322,29.6774],[-85.2986,29.684],[-85.3515,29.6667],[-85.3753,29.6919],[-85.3984,29.743],[-85.4167,29.8202],[-85.4118,29.8598],[-85.3912,29.8743],[-85.4097,29.8024],[-85.3608,29.6787],[-85.3098,29.6932],[-85.3028,29.8089],[-85.4051,29.9385],[-85.5023,29.9678],[-85.5956,30.0506],[-85.6997,30.0987],[-85.8781,30.2156],[-86.1887,30.3342],[-86.3878,30.3776],[-86.7131,30.3948],[-87.206,30.3215],[-87.2709,30.3167],[-87.3012,30.3303],[-87.5183,30.2804],[-87.4524,30.3002],[-87.4501,30.3111],[-87.5028,30.3073],[-87.5047,30.324],[-87.46,30.3363],[-87.4296,30.4065],[-87.3666,30.4366],[-87.4251,30.4656],[-87.4477,30.5105],[-87.3973,30.6087],[-87.3962,30.6505],[-87.407,30.6752],[-87.5326,30.7435],[-87.545,30.7787],[-87.6348,30.8661]]]]}},{"type":"Feature","properties":{"STATEFP":"26","STUSPS":"MI","NAME":"Michigan"},"geometry":{"type":"MultiPolygon","coordinates":[[[[-83.191,42.0334],[-83.1899,42.036],[-83.1892,42.0333],[-83.191,42.0334]]],[[[-83.2121,45.0523],[-83.202,45.0461],[-83.1935,45.0342],[-83.2049,45.0407],[-83.2121,45.0523]]],[[[-83.227,45.0405],[-83.223,45.0507],[-83.2169,45.0438],[-83.227,45.0405]]],[[[-83.2339,45.055],[-83.2325,45.0568],[-83.2287,45.0564],[-83.2339,45.055]]],[[[-83.2906,45.0606],[-83.2917,45.0733],[-83.2891,45.0716],[-83.2906,45.0606]]],[[[-83.3249,45.1871],[-83.3299,45.1977],[-83.3199,45.1895],[-83.3249,45.1871]]],[[[-83.4151,44.9859],[-83.4176,44.9919],[-83.4118,44.9873],[-83.4151,44.9859]]],[[[-83.4255,43.8771],[-83.4239,43.8817],[-83.4146,43.8765],[-83.4255,43.8771]]],[[[-83.4212,43.827],[-83.4255,43.8406],[-83.4157,43.8342],[-83.4212,43.827]]],[[[-83.4412,44.038],[-83.4285,44.0327],[-83.4273,44.0287],[-83.4371,44.0232],[-83.4412,44.038]]],[[[-83.4486,43.8148],[-83.4453,43.8239],[-83.4331,43.8204],[-83.4486,43.8148]]],[[[-83.4494,43.8588],[-83.4316,43.8566],[-83.4381,43.8395],[-83.4456,43.845],[-83.4494,43.8588]]],[[[-83.4516,43.8124],[-83.4538,43.8324],[-83.4446,43.8344],[-83.4516,43.8124]]],[[[-83.4703,44.0015],[-83.4664,44.0037],[-83.4633,44.0014],[-83.4703,44.0015]]],[[[-83.4714,43.7562],[-83.477,43.7615],[-83.466,43.76],[-83.4714,43.7562]]],[[[-83.6957,46.0549],[-83.6919,46.0619],[-83.6901,46.057],[-83.6957,46.0549]]],[[[-83.702,46.0613],[-83.7007,46.0684],[-83.6997,46.067],[-83.702,46.0613]]],[[[-83.7079,46.0489],[-83.7028,46.0535],[-83.7009,46.0498],[-83.7079,46.0489]]],[[[-83.7204,46.044],[-83.7227,46.0508],[-83.7186,46.0466],[-83.7204,46.044]]],[[[-83.7284,46.038],[-83.7255,46.0406],[-83.7252,46.0374],[-83.7284,46.038]]],[[[-83.7335,46.0359],[-83.7335,46.0381],[-83.7327,46.0383],[-83.7335,46.0359]]],[[[-83.7694,45.9349],[-83.7681,45.9378],[-83.7686,45.9318],[-83.7694,45.9349]]],[[[-83.7665,46.0863],[-83.7651,46.0922],[-83.7625,46.0863],[-83.7665,46.0863]]],[[[-83.774,46.0515],[-83.7548,46.0661],[-83.7343,46.0507],[-83.7472,46.0348],[-83.774,46.0515]]],[[[-83.7723,46.0642],[-83.7708,46.0691],[-83.7701,46.0687],[-83.7723,46.0642]]],[[[-83.7826,46.0803],[-83.7824,46.0845],[-83.7813,46.085],[-83.7826,46.0803]]],[[[-83.792,46.0072],[-83.7904,46.0092],[-83.7897,46.0072],[-83.792,46.0072]]],[[[-83.7916,46.0344],[-83.7928,46.0375],[-83.7908,46.0384],[-83.7916,46.0344]]],[[[-83.7918,46.0626],[-83.7928,46.0638],[-83.7923,46.0639],[-83.7918,46.0626]]],[[[-83.7983,46.0561],[-83.7967,46.0604],[-83.7962,46.0565],[-83.7983,46.0561]]],[[[-83.8106,46.0741],[-83.8105,46.0781],[-83.8094,46.078],[-83.8106,46.0741]]],[[[-83.8251,46.0292],[-83.8229,46.0308],[-83.8239,46.0268],[-83.8251,46.0292]]],[[[-83.8274,46.0551],[-83.8265,46.0584],[-83.8258,46.0582],[-83.8274,46.0551]]],[[[-83.8276,46.1018],[-83.7935,46.1074],[-83.7765,46.092],[-83.8204,46.092],[-83.8276,46.1018]]],[[[-83.8276,46.0355],[-83.8286,46.039],[-83.8277,46.0397],[-83.8276,46.0355]]],[[[-83.8321,43.6663],[-83.8251,43.6752],[-83.8167,43.6725],[-83.8186,43.6655],[-83.8321,43.6663]]],[[[-83.8372,46.044],[-83.8358,46.0456],[-83.8365,46.043],[-83.8372,46.044]]],[[[-83.8446,46.0634],[-83.8476,46.0737],[-83.8414,46.0678],[-83.8446,46.0634]]],[[[-83.8542,46.08],[-83.851,46.0817],[-83.8502,46.0787],[-83.8542,46.08]]],[[[-83.8551,46.0535],[-83.8526,46.0589],[-83.8467,46.0539],[-83.8551,46.0535]]],[[[-83.8593,46.0694],[-83.8648,46.0811],[-83.8526,46.0752],[-83.8593,46.0694]]],[[[-83.8792,46.0542],[-83.8787,46.058],[-83.8779,46.0554],[-83.8792,46.0542]]],[[[-83.8829,45.9755],[-83.8451,46.0266],[-83.8061,45.9839],[-83.7658,46.0264],[-83.6861,46.0374],[-83.6774,46.073],[-83.7322,46.0869],[-83.7001,46.1039],[-83.5813,46.0896],[-83.5344,46.0077],[-83.4732,45.9844],[-83.5158,45.9236],[-83.5676,45.9226],[-83.5618,45.9126],[-83.6085,45.9261],[-83.6064,45.9407],[-83.631,45.929],[-83.6302,45.957],[-83.6394,45.9395],[-83.6991,45.9423],[-83.7157,45.9301],[-83.7656,45.9547],[-83.7862,45.9329],[-83.8179,45.9542],[-83.8365,45.9382],[-83.8306,45.9492],[-83.8829,45.9755]]],[[[-83.8841,46.0648],[-83.8795,46.0724],[-83.8768,46.0648],[-83.8841,46.0648]]],[[[-83.8987,46.0155],[-83.8986,46.0187],[-83.8971,46.0171],[-83.8987,46.0155]]],[[[-83.9861,46.0894],[-83.9848,46.0922],[-83.9836,46.0887],[-83.9861,46.0894]]],[[[-83.9911,46.1008],[-83.9897,46.1032],[-83.9877,46.0983],[-83.9911,46.1008]]],[[[-84.0117,46.0915],[-83.9953,46.0948],[-83.9734,46.0653],[-84.0012,46.0791],[-84.0117,46.0915]]],[[[-84.0204,46.1077],[-84.0207,46.1098],[-84.0197,46.1092],[-84.0204,46.1077]]],[[[-84.1684,46.2155],[-84.1698,46.2194],[-84.166,46.2153],[-84.1684,46.2155]]],[[[-84.2031,45.9685],[-84.1998,45.97],[-84.1999,45.9672],[-84.2031,45.9685]]],[[[-84.4298,45.9188],[-84.4312,45.926],[-84.4279,45.9189],[-84.4298,45.9188]]],[[[-84.4372,45.9803],[-84.422,45.9747],[-84.4222,45.9732],[-84.4372,45.9803]]],[[[-84.5167,46.4419],[-84.5154,46.4436],[-84.5141,46.4417],[-84.5167,46.4419]]],[[[-84.5679,45.9525],[-84.575,45.9707],[-84.5618,45.9591],[-84.5679,45.9525]]],[[[-84.5902,45.8128],[-84.5061,45.8109],[-84.4337,45.7867],[-84.4203,45.8113],[-84.4043,45.7852],[-84.3559,45.7707],[-84.4057,45.7223],[-84.4814,45.7301],[-84.5902,45.8128]]],[[[-84.6073,45.8256],[-84.5943,45.8306],[-84.5909,45.8224],[-84.6073,45.8256]]],[[[-84.6316,45.9554],[-84.6358,45.9809],[-84.6088,45.9675],[-84.6316,45.9554]]],[[[-84.6515,45.8628],[-84.6418,45.8855],[-84.6021,45.8521],[-84.6198,45.8455],[-84.6515,45.8628]]],[[[-84.6819,46.491],[-84.6822,46.4935],[-84.6791,46.4934],[-84.6819,46.491]]],[[[-84.7481,45.8344],[-84.7454,45.8393],[-84.7441,45.8366],[-84.7481,45.8344]]],[[[-84.869,45.855],[-84.8738,45.8667],[-84.8619,45.8566],[-84.869,45.855]]],[[[-85.034,45.761],[-85.027,45.7661],[-85.0195,45.763],[-85.034,45.761]]],[[[-85.0731,45.7624],[-85.0647,45.7666],[-85.0552,45.7644],[-85.0731,45.7624]]],[[[-85.2014,46.0431],[-85.202,46.0449],[-85.1995,46.0442],[-85.2014,46.0431]]],[[[-85.2998,45.8151],[-85.299,45.8175],[-85.2989,45.8163],[-85.2998,45.8151]]],[[[-85.3948,45.7771],[-85.3659,45.7989],[-85.378,45.8141],[-85.3581,45.8141],[-85.3576,45.7785],[-85.3948,45.7771]]],[[[-85.5299,45.8005],[-85.5168,45.8274],[-85.4537,45.7944],[-85.4664,45.7862],[-85.4555,45.7778],[-85.4956,45.7734],[-85.5028,45.7981],[-85.5299,45.8005]]],[[[-85.5674,45.0992],[-85.5677,45.1014],[-85.5659,45.0995],[-85.5674,45.0992]]],[[[-85.5706,44.8645],[-85.5812,44.8699],[-85.5699,44.8723],[-85.5706,44.8645]]],[[[-85.5892,45.8333],[-85.5882,45.8407],[-85.5838,45.8395],[-85.5892,45.8333]]],[[[-85.6111,45.8074],[-85.612,45.8143],[-85.6043,45.8118],[-85.6111,45.8074]]],[[[-85.626,45.6016],[-85.6039,45.6401],[-85.6035,45.6821],[-85.5622,45.7355],[-85.568,45.7586],[-85.5013,45.7544],[-85.5219,45.7394],[-85.4988,45.7263],[-85.4917,45.6075],[-85.5607,45.5716],[-85.6199,45.5829],[-85.626,45.6016]]],[[[-85.6931,45.7709],[-85.6882,45.7751],[-85.6841,45.7701],[-85.6931,45.7709]]],[[[-85.7008,45.7385],[-85.6889,45.7472],[-85.6449,45.7427],[-85.6805,45.6961],[-85.6976,45.6976],[-85.6871,45.7198],[-85.7008,45.7385]]],[[[-85.793,45.482],[-85.7706,45.4865],[-85.7701,45.4607],[-85.793,45.482]]],[[[-85.8343,45.6973],[-85.8407,45.7074],[-85.8372,45.7103],[-85.8343,45.6973]]],[[[-85.8847,45.4448],[-85.832,45.4205],[-85.8338,45.3796],[-85.8387,45.3772],[-85.8847,45.4448]]],[[[-86.0645,45.1396],[-86.0444,45.1596],[-85.9894,45.1511],[-85.9747,45.1226],[-85.9828,45.0808],[-85.9609,45.0605],[-86.0075,45.0572],[-86.0587,45.1008],[-86.0645,45.1396]]],[[[-86.1543,45.0027],[-86.1179,45.0485],[-86.0778,45.0324],[-86.0971,45.0301],[-86.0935,45.0078],[-86.1157,44.9991],[-86.1543,45.0027]]],[[[-86.6603,45.736],[-86.6582,45.7408],[-86.6571,45.7426],[-86.6575,45.7366],[-86.6603,45.736]]],[[[-86.6606,45.5786],[-86.6268,45.5729],[-86.6275,45.5495],[-86.6489,45.5443],[-86.6606,45.5786]]],[[[-86.6671,45.5217],[-86.6612,45.533],[-86.6599,45.5225],[-86.6671,45.5217]]],[[[-86.7017,45.6057],[-86.6924,45.6171],[-86.6679,45.606],[-86.6902,45.5957],[-86.7017,45.6057]]],[[[-86.709,46.5452],[-86.6534,46.5607],[-86.6263,46.5349],[-86.6468,46.4875],[-86.6282,46.4778],[-86.6096,46.4935],[-86.6096,46.4687],[-86.6352,46.4535],[-86.6478,46.4626],[-86.6366,46.4724],[-86.6599,46.4703],[-86.6717,46.4506],[-86.6876,46.4562],[-86.6838,46.4977],[-86.709,46.5452]]],[[[-86.707,45.6089],[-86.7081,45.6115],[-86.7052,45.6106],[-86.707,45.6089]]],[[[-86.7161,45.4978],[-86.7139,45.4998],[-86.714,45.4992],[-86.7161,45.4978]]],[[[-86.7193,46.479],[-86.7188,46.4822],[-86.7167,46.4786],[-86.7193,46.479]]],[[[-86.7229,45.5085],[-86.7207,45.5115],[-86.7167,45.5095],[-86.7229,45.5085]]],[[[-86.7262,45.5206],[-86.7251,45.5217],[-86.7231,45.5205],[-86.7262,45.5206]]],[[[-86.7482,46.5156],[-86.7373,46.5111],[-86.7369,46.504],[-86.7442,46.5053],[-86.7482,46.5156]]],[[[-86.7588,45.7967],[-86.7612,45.8015],[-86.7535,45.7988],[-86.7588,45.7967]]],[[[-86.7634,45.7436],[-86.7655,45.7488],[-86.7593,45.7443],[-86.7634,45.7436]]],[[[-86.7835,45.5023],[-86.7575,45.5041],[-86.7583,45.4793],[-86.7828,45.4868],[-86.7835,45.5023]]],[[[-86.8248,41.7602],[-86.6844,41.8402],[-86.5979,41.9183],[-86.489,42.1162],[-86.3852,42.2173],[-86.3283,42.298],[-86.2466,42.4901],[-86.2064,42.7095],[-86.2206,42.9558],[-86.2546,43.0834],[-86.427,43.3749],[-86.472,43.5007],[-86.5385,43.6175],[-86.5345,43.668],[-86.4543,43.7566],[-86.4302,43.8276],[-86.4631,43.971],[-86.5147,44.0581],[-86.4211,44.1295],[-86.2687,44.3453],[-86.2204,44.5682],[-86.259,44.6637],[-86.255,44.6919],[-86.0896,44.742],[-86.0665,44.8199],[-86.0667,44.9057],[-85.9852,44.9029],[-85.9316,44.9688],[-85.8699,44.939],[-85.8074,44.9498],[-85.7804,44.9779],[-85.78,45.0096],[-85.7446,45.0534],[-85.6811,45.0927],[-85.6184,45.187],[-85.586,45.1804],[-85.5407,45.2109],[-85.5267,45.1893],[-85.5617,45.1589],[-85.5584,45.1332],[-85.5739,45.1555],[-85.6143,45.1276],[-85.5665,45.044],[-85.589,45.0547],[-85.5997,45.0217],[-85.6495,44.9746],[-85.6295,44.9667],[-85.5994,44.9892],[-85.601,44.925],[-85.6246,44.9221],[-85.6524,44.8491],[-85.6333,44.8004],[-85.6389,44.7723],[-85.5954,44.7671],[-85.5248,44.8961],[-85.5645,44.8952],[-85.5336,44.9258],[-85.52,44.974],[-85.4749,44.9917],[-85.4649,44.9611],[-85.4875,44.9589],[-85.4997,44.8561],[-85.5559,44.8183],[-85.5766,44.7602],[-85.5272,44.7475],[-85.5048,44.7681],[-85.5074,44.7954],[-85.4629,44.8251],[-85.3893,44.9481],[-85.3635,45.1116],[-85.3899,45.2172],[-85.3716,45.2708],[-85.3007,45.3213],[-85.263,45.3195],[-85.2036,45.3619],[-85.1379,45.3735],[-85.0378,45.3621],[-84.9145,45.3956],[-84.922,45.4219],[-84.9909,45.4281],[-84.9851,45.4193],[-85.0625,45.4513],[-85.0937,45.4816],[-85.1155,45.5394],[-85.1169,45.5796],[-85.0703,45.634],[-85.007,45.6564],[-84.9438,45.7103],[-84.9579,45.7434],[-85.0083,45.7617],[-84.8079,45.7449],[-84.7789,45.7661],[-84.7916,45.782],[-84.7289,45.7881],[-84.7213,45.7664],[-84.5576,45.709],[-84.4792,45.6568],[-84.4286,45.6447],[-84.4159,45.653],[-84.4284,45.6689],[-84.3761,45.6554],[-84.3295,45.6644],[-84.2159,45.6348],[-84.1288,45.5619],[-84.12,45.5177],[-84.0969,45.4974],[-83.9095,45.4858],[-83.7869,45.4102],[-83.7161,45.4145],[-83.5844,45.3479],[-83.5382,45.3581],[-83.4945,45.3394],[-83.4949,45.3602],[-83.4773,45.3451],[-83.4857,45.33],[-83.4635,45.3305],[-83.3877,45.2763],[-83.3918,45.2526],[-83.4182,45.2558],[-83.4126,45.2392],[-83.3637,45.1665],[-83.3161,45.142],[-83.3198,45.1161],[-83.3009,45.0928],[-83.3199,45.087],[-83.3153,45.0526],[-83.2784,45.0458],[-83.2624,45.0254],[-83.3408,45.0423],[-83.3669,45.0762],[-83.385,45.0771],[-83.4379,45.055],[-83.4565,45.0172],[-83.4313,45.008],[-83.4638,45.0031],[-83.433,44.9329],[-83.3662,44.8905],[-83.3158,44.881],[-83.3212,44.853],[-83.2937,44.8083],[-83.2973,44.7461],[-83.2703,44.7088],[-83.3145,44.6087],[-83.307,44.5422],[-83.3337,44.3366],[-83.3736,44.3278],[-83.4492,44.2518],[-83.4418,44.2705],[-83.4795,44.2801],[-83.5377,44.2482],[-83.5677,44.1559],[-83.5644,44.1055],[-83.5914,44.0792],[-83.5799,44.0494],[-83.6211,44.0562],[-83.6715,44.0418],[-83.6892,44.0268],[-83.6806,43.9876],[-83.7384,44.0052],[-83.7628,43.9858],[-83.8482,43.9895],[-83.916,43.899],[-83.9268,43.7831],[-83.9539,43.7502],[-83.9054,43.67],[-83.8479,43.6415],[-83.8396,43.6541],[-83.735,43.6173],[-83.6852,43.5844],[-83.54,43.7084],[-83.5157,43.7185],[-83.5201,43.6975],[-83.4905,43.7026],[-83.4239,43.7839],[-83.4284,43.7969],[-83.4002,43.8115],[-83.3904,43.8484],[-83.3251,43.884],[-83.3294,43.9032],[-83.3964,43.9077],[-83.4009,43.9171],[-83.3092,43.9203],[-83.2625,43.9753],[-83.066,44.0034],[-83.0277,44.0462],[-82.9639,44.0683],[-82.8139,44.0324],[-82.7417,43.9904],[-82.6782,43.8806],[-82.6554,43.8678],[-82.615,43.7792],[-82.599,43.5936],[-82.5394,43.4368],[-82.5231,43.2254],[-82.486,43.1025],[-82.4135,42.9769],[-82.4699,42.8875],[-82.4826,42.8086],[-82.4678,42.7614],[-82.5233,42.6075],[-82.584,42.554],[-82.6431,42.5543],[-82.6791,42.5222],[-82.6479,42.5593],[-82.6941,42.5586],[-82.6565,42.5924],[-82.7012,42.586],[-82.713,42.5979],[-82.6765,42.613],[-82.6898,42.6271],[-82.6655,42.6242],[-82.6529,42.6506],[-82.6309,42.6421],[-82.6309,42.6733],[-82.6962,42.6903],[-82.8056,42.6488],[-82.8207,42.6153],[-82.7715,42.5927],[-82.7868,42.5922],[-82.7824,42.5648],[-82.8342,42.5678],[-82.8744,42.5235],[-82.8844,42.4766],[-82.8682,42.4533],[-82.8822,42.4052],[-82.9287,42.3584],[-82.9645,42.3552],[-82.9598,42.34],[-83.0636,42.3169],[-83.0973,42.2901],[-83.1264,42.2384],[-83.1344,42.1746],[-83.1192,42.1253],[-83.132,42.0902],[-83.191,42.0774],[-83.1876,42.0443],[-83.2131,42.0433],[-83.1857,42.0266],[-83.1857,42.009],[-83.2006,42.0185],[-83.2062,41.9921],[-83.2341,41.9945],[-83.2233,41.9892],[-83.2503,41.9738],[-83.2645,41.931],[-83.2915,41.9451],[-83.3197,41.9335],[-83.3428,41.8794],[-83.3837,41.8696],[-83.4101,41.8278],[-83.4396,41.8132],[-83.4276,41.742],[-83.4404,41.759],[-83.4799,41.7574],[-83.4554,41.7328],[-84.806,41.6961],[-84.8059,41.7602],[-86.8248,41.7602]]],[[[-86.8991,46.4841],[-86.8905,46.4862],[-86.8911,46.4795],[-86.8991,46.4841]]],[[[-87.4021,46.5935],[-87.4026,46.5955],[-87.3993,46.5947],[-87.4021,46.5935]]],[[[-87.4165,46.5975],[-87.4134,46.6054],[-87.4101,46.6027],[-87.4165,46.5975]]],[[[-87.4613,46.6363],[-87.4592,46.64],[-87.4569,46.6384],[-87.4613,46.6363]]],[[[-87.5418,46.7036],[-87.5405,46.7051],[-87.539,46.7047],[-87.5418,46.7036]]],[[[-87.6507,47.4175],[-87.6237,47.4263],[-87.5862,47.4183],[-87.6003,47.4077],[-87.6507,47.4175]]],[[[-87.9576,46.9492],[-87.9565,46.9516],[-87.9555,46.9495],[-87.9576,46.9492]]],[[[-87.9719,46.9504],[-87.969,46.9538],[-87.9636,46.9513],[-87.9719,46.9504]]],[[[-87.9994,46.9588],[-87.9983,46.9637],[-87.9973,46.9594],[-87.9994,46.9588]]],[[[-88.2693,47.0695],[-88.2704,47.0763],[-88.2681,47.074],[-88.2693,47.0695]]],[[[-88.3678,48.223],[-88.3525,48.2355],[-88.3363,48.2371],[-88.3678,48.223]]],[[[-88.7212,48.1039],[-88.7232,48.1041],[-88.7055,48.1112],[-88.7212,48.1039]]],[[[-88.8184,47.9281],[-88.799,47.9357],[-88.7823,47.9407],[-88.7975,47.935],[-88.8184,47.9281]]],[[[-88.8472,47.9126],[-88.8498,47.9143],[-88.8451,47.9152],[-88.8472,47.9126]]],[[[-89.2628,47.8699],[-89.2194,47.8839],[-89.2471,47.8885],[-89.1792,47.935],[-88.7876,48.063],[-88.6327,48.1486],[-88.547,48.1749],[-88.5011,48.1682],[-88.4226,48.191],[-88.4182,48.1804],[-88.5669,48.0937],[-88.5859,48.0543],[-88.6701,48.0114],[-88.8992,47.9533],[-89.0051,47.8987],[-88.9504,47.8905],[-88.8997,47.9024],[-88.9117,47.8913],[-89.162,47.8236],[-89.2018,47.8502],[-89.2345,47.8517],[-89.2038,47.8863],[-89.2628,47.8699]]],[[[-90.4181,46.5661],[-90.333,46.6087],[-90.3066,46.6027],[-90.0279,46.6737],[-89.8491,46.7951],[-89.7888,46.8181],[-89.6734,46.8332],[-89.6193,46.8189],[-89.5139,46.8418],[-89.4253,46.8415],[-89.2279,46.913],[-89.1287,46.9926],[-88.9728,47.0021],[-88.9336,47.0308],[-88.8891,47.1006],[-88.7613,47.1568],[-88.6724,47.2191],[-88.577,47.244],[-88.4245,47.3689],[-88.2392,47.43],[-88.2182,47.4495],[-87.9758,47.4802],[-87.8012,47.4733],[-87.7192,47.443],[-87.7124,47.4014],[-87.8154,47.3848],[-87.9571,47.3873],[-87.9656,47.3686],[-87.9434,47.3359],[-88.0601,47.2958],[-88.1664,47.2155],[-88.229,47.199],[-88.242,47.1748],[-88.2322,47.146],[-88.2775,47.1409],[-88.2976,47.0985],[-88.35,47.0764],[-88.3676,47.0192],[-88.4101,46.98],[-88.4465,46.9702],[-88.4843,46.8325],[-88.4629,46.7866],[-88.4821,46.7826],[-88.4973,46.7551],[-88.4506,46.7632],[-88.3814,46.8385],[-88.404,46.8478],[-88.3897,46.8671],[-88.3519,46.857],[-88.2444,46.9296],[-88.143,46.9669],[-88.1291,46.9627],[-88.2341,46.8947],[-88.2834,46.823],[-88.2153,46.8913],[-88.0819,46.9205],[-87.9987,46.9054],[-87.9014,46.9098],[-87.8462,46.8839],[-87.8168,46.8912],[-87.7716,46.8632],[-87.741,46.8652],[-87.7273,46.8259],[-87.6939,46.827],[-87.6807,46.8425],[-87.6679,46.8171],[-87.5904,46.7824],[-87.5827,46.7305],[-87.5406,46.6969],[-87.5207,46.6911],[-87.503,46.6475],[-87.4625,46.6357],[-87.4641,46.6148],[-87.4344,46.5917],[-87.377,46.5903],[-87.393,46.5725],[-87.3749,46.5466],[-87.394,46.5332],[-87.3594,46.5035],[-87.2587,46.4883],[-87.1661,46.5062],[-87.1166,46.4948],[-87.0053,46.534],[-86.9645,46.5165],[-86.9471,46.4721],[-86.9037,46.4661],[-86.8752,46.4373],[-86.816,46.4379],[-86.7892,46.4784],[-86.7502,46.4791],[-86.7032,46.4394],[-86.6553,46.4425],[-86.6622,46.4187],[-86.6447,46.4108],[-86.4677,46.5525],[-86.4439,46.5473],[-86.3499,46.578],[-86.1617,46.6695],[-86.0879,46.6553],[-85.8779,46.6909],[-85.5005,46.676],[-85.2569,46.7534],[-84.9562,46.7719],[-85.0076,46.7283],[-85.0301,46.6848],[-85.0255,46.5464],[-85.0561,46.5265],[-85.0498,46.504],[-85.0152,46.4797],[-84.9355,46.4891],[-84.9219,46.47],[-84.8614,46.4699],[-84.8173,46.4443],[-84.6784,46.4877],[-84.631,46.4849],[-84.5735,46.4279],[-84.6024,46.4379],[-84.5833,46.4135],[-84.5003,46.4467],[-84.4718,46.4343],[-84.4555,46.4539],[-84.4633,46.4674],[-84.4203,46.5011],[-84.3414,46.5077],[-84.2758,46.4928],[-84.2261,46.5339],[-84.1289,46.5301],[-84.1112,46.5041],[-84.1462,46.4185],[-84.1389,46.3722],[-84.1062,46.322],[-84.1196,46.315],[-84.1156,46.2682],[-84.0978,46.2565],[-84.153,46.2159],[-84.1759,46.246],[-84.1863,46.2343],[-84.212,46.2466],[-84.2132,46.2316],[-84.273,46.2015],[-84.221,46.1631],[-84.1791,46.1857],[-84.1328,46.1692],[-84.1228,46.1789],[-84.0958,46.1477],[-84.0296,46.1345],[-84.0717,46.0924],[-83.9777,46.0194],[-83.9368,46.0302],[-83.8955,45.9864],[-83.9138,45.9557],[-83.9138,45.9665],[-83.9787,45.9687],[-83.9965,45.9615],[-83.9953,45.9458],[-84.1007,45.9676],[-84.117,45.9833],[-84.1825,45.9812],[-84.1703,45.9656],[-84.2672,45.9908],[-84.2584,45.9572],[-84.3558,45.9586],[-84.3452,45.9453],[-84.3551,45.9398],[-84.391,45.9493],[-84.3816,45.9336],[-84.435,45.9611],[-84.4203,45.9578],[-84.4125,45.9792],[-84.4289,45.9931],[-84.3921,45.9854],[-84.4227,46.002],[-84.465,46.0055],[-84.4631,45.9689],[-84.5058,45.998],[-84.5141,45.9713],[-84.5324,45.9694],[-84.5444,46.0229],[-84.6091,46.0264],[-84.6566,46.0527],[-84.6905,46.0279],[-84.6853,45.9735],[-84.723,45.9673],[-84.7401,45.9418],[-84.7136,45.9167],[-84.7366,45.9128],[-84.7204,45.8748],[-84.7299,45.8698],[-84.7021,45.8507],[-84.7524,45.8397],[-84.8314,45.872],[-84.8394,45.8976],[-84.9136,45.9259],[-85.014,46.0108],[-85.1803,46.0617],[-85.1957,46.0456],[-85.3359,46.0926],[-85.378,46.0749],[-85.4121,46.1014],[-85.4485,46.0851],[-85.5062,46.0964],[-85.5924,46.0379],[-85.6589,45.9658],[-85.7405,45.963],[-85.8101,45.9802],[-85.8402,45.9652],[-85.8944,45.9669],[-85.9233,45.9476],[-85.9138,45.9194],[-86.0721,45.9653],[-86.1506,45.9537],[-86.2083,45.963],[-86.2758,45.9436],[-86.3242,45.9061],[-86.3469,45.7973],[-86.416,45.7938],[-86.4366,45.7617],[-86.5324,45.7466],[-86.5218,45.7333],[-86.5373,45.7084],[-86.5809,45.7119],[-86.5875,45.6665],[-86.6274,45.6599],[-86.6053,45.6078],[-86.6143,45.6001],[-86.6775,45.6276],[-86.6976,45.6557],[-86.7081,45.648],[-86.7175,45.6803],[-86.6762,45.6919],[-86.6716,45.7208],[-86.6236,45.751],[-86.6311,45.7821],[-86.5596,45.7722],[-86.5818,45.7948],[-86.528,45.8533],[-86.5352,45.8858],[-86.5823,45.8961],[-86.6244,45.8698],[-86.6476,45.8336],[-86.7192,45.8394],[-86.7496,45.8678],[-86.7821,45.8602],[-86.7881,45.8356],[-86.7694,45.7974],[-86.8065,45.7877],[-86.7895,45.7718],[-86.8215,45.7704],[-86.8427,45.7197],[-86.9183,45.6961],[-86.9415,45.7022],[-86.9679,45.6683],[-86.9846,45.7058],[-86.9816,45.7922],[-87.0055,45.8288],[-86.9482,45.8768],[-86.9499,45.8989],[-86.9779,45.9056],[-87.022,45.8601],[-86.999,45.8477],[-87.0574,45.8125],[-87.0643,45.7588],[-87.0382,45.7415],[-87.0848,45.7092],[-87.0642,45.7077],[-87.1973,45.6387],[-87.3331,45.4472],[-87.3277,45.4253],[-87.3921,45.3694],[-87.4365,45.2944],[-87.5998,45.1505],[-87.612,45.1234],[-87.5922,45.0948],[-87.66,45.1075],[-87.6839,45.1441],[-87.7365,45.1734],[-87.7417,45.1982],[-87.7104,45.2593],[-87.6481,45.3394],[-87.6573,45.3688],[-87.694,45.3899],[-87.7541,45.3494],[-87.8326,45.3522],[-87.8501,45.3404],[-87.8702,45.3664],[-87.8881,45.3547],[-87.8493,45.4039],[-87.8617,45.4345],[-87.813,45.4642],[-87.7928,45.5],[-87.8034,45.5383],[-87.8336,45.5625],[-87.7924,45.5631],[-87.7772,45.5885],[-87.7808,45.6146],[-87.8247,45.6532],[-87.7822,45.6831],[-87.8758,45.7539],[-87.9635,45.7582],[-87.9897,45.772],[-87.9914,45.7954],[-88.0721,45.7803],[-88.1295,45.8093],[-88.1351,45.8217],[-88.0699,45.8727],[-88.1018,45.8835],[-88.1029,45.9219],[-88.192,45.9527],[-88.2399,45.9494],[-88.2463,45.9634],[-88.327,45.9551],[-88.3802,45.9917],[-88.4169,45.9753],[-88.4587,45.9994],[-88.4925,45.9922],[-88.5146,46.0199],[-88.589,46.0051],[-88.6014,46.0176],[-88.6164,45.9877],[-88.6708,45.9885],[-88.6791,46.0135],[-88.74,46.0273],[-88.7802,46.0154],[-88.7786,46.0313],[-88.7962,46.0337],[-88.816,46.0206],[-89.0916,46.1385],[-90.1205,46.3369],[-90.1188,46.3592],[-90.2166,46.5018],[-90.273,46.5051],[-90.2771,46.5245],[-90.317,46.5173],[-90.3109,46.5394],[-90.3319,46.5533],[-90.3933,46.5326],[-90.4181,46.5661]]]]}},{"type":"Feature","properties":{"STATEFP":"06","STUSPS":"CA","NAME":"California"},"geometry":{"type":"MultiPolygon","coordinates":[[[[-118.6044,33.4786],[-118.5386,33.477],[-118.4974,33.442],[-118.4776,33.4484],[-118.3703,33.4093],[-118.3051,33.3103],[-118.3252,33.2991],[-118.3748,33.3201],[-118.4654,33.3261],[-118.4875,33.3509],[-118.4753,33.3832],[-118.4887,33.4198],[-118.5754,33.4402],[-118.6044,33.4786]]],[[[-118.6105,33.0329],[-118.5739,33.0305],[-118.4995,32.9337],[-118.3542,32.8209],[-118.3918,32.8263],[-118.4318,32.8015],[-118.5062,32.853],[-118.6105,33.0329]]],[[[-119.047,33.4838],[-119.0285,33.4874],[-119.0337,33.4658],[-119.0429,33.4706],[-119.047,33.4838]]],[[[-119.3723,34.0121],[-119.3626,34.0171],[-119.3577,34.016],[-119.3723,34.0121]]],[[[-119.442,34.0136],[-119.3963,34.0059],[-119.3793,34.0096],[-119.3908,34.0029],[-119.442,34.0136]]],[[[-119.5773,33.2786],[-119.5288,33.2854],[-119.4606,33.2567],[-119.4344,33.227],[-119.4703,33.2147],[-119.5462,33.2326],[-119.5773,33.2786]]],[[[-119.9299,34.0597],[-119.9129,34.0775],[-119.8187,34.053],[-119.7594,34.0588],[-119.6865,34.0198],[-119.6377,34.0132],[-119.5843,34.0536],[-119.5206,34.0343],[-119.5605,33.9955],[-119.6628,33.9859],[-119.7212,33.9596],[-119.8182,33.9599],[-119.8734,33.9804],[-119.887,34.0086],[-119.8763,34.0321],[-119.9299,34.0597]]],[[[-120.2495,34.0025],[-120.0433,34.0358],[-120.0466,34.0],[-120.0129,33.981],[-119.9802,33.9837],[-119.9686,33.9429],[-120.1159,33.8944],[-120.1804,33.9251],[-120.2221,33.9876],[-120.2495,34.0025]]],[[[-120.4501,34.0342],[-120.3909,34.052],[-120.3683,34.0765],[-120.3586,34.0502],[-120.3312,34.0491],[-120.3072,34.0224],[-120.3579,34.015],[-120.4501,34.0342]]],[[[-122.3777,37.8305],[-122.3629,37.8227],[-122.3623,37.807],[-122.3728,37.8111],[-122.3777,37.8305]]],[[[-122.4228,37.8253],[-122.4202,37.8265],[-122.4207,37.8252],[-122.4228,37.8253]]],[[[-122.4408,37.8554],[-122.4301,37.8721],[-122.4186,37.8533],[-122.4408,37.8554]]],[[[-123.0139,37.7004],[-123.0035,37.7044],[-122.9988,37.6974],[-123.0028,37.6927],[-123.0139,37.7004]]],[[[-124.215,41.9497],[-124.2162,41.9522],[-124.213,41.951],[-124.215,41.9497]]],[[[-124.4086,40.4432],[-124.3294,40.6164],[-124.1583,40.8761],[-124.1118,41.0269],[-124.1291,41.0511],[-124.1536,41.0536],[-124.1654,41.1298],[-124.1438,41.1447],[-124.107,41.2297],[-124.0661,41.4703],[-124.1474,41.718],[-124.1701,41.7433],[-124.195,41.7368],[-124.255,41.7782],[-124.2084,41.8882],[-124.2116,41.9985],[-122.3785,42.0095],[-119.9992,41.9949],[-120.001,38.9996],[-118.7143,38.1022],[-117.5001,37.2204],[-115.8529,35.9697],[-114.6335,35.0019],[-114.6344,34.8729],[-114.5868,34.8357],[-114.5527,34.7669],[-114.4705,34.7114],[-114.4582,34.6579],[-114.4242,34.6105],[-114.4365,34.5954],[-114.3808,34.5297],[-114.3867,34.4579],[-114.3354,34.45],[-114.2261,34.3659],[-114.1769,34.3493],[-114.1383,34.3032],[-114.1312,34.2627],[-114.1646,34.259],[-114.2297,34.1869],[-114.4117,34.11],[-114.4342,34.0874],[-114.4383,34.0226],[-114.5355,33.9347],[-114.5079,33.9038],[-114.5259,33.901],[-114.503,33.868],[-114.5306,33.8554],[-114.528,33.815],[-114.4942,33.7079],[-114.5315,33.6751],[-114.5141,33.6602],[-114.5332,33.6517],[-114.5221,33.6113],[-114.5406,33.5914],[-114.5246,33.5522],[-114.5916,33.4994],[-114.6433,33.4167],[-114.7253,33.405],[-114.698,33.3524],[-114.7312,33.3024],[-114.6721,33.2585],[-114.6895,33.2464],[-114.6736,33.2231],[-114.6754,33.1855],[-114.7065,33.0882],[-114.689,33.084],[-114.6651,33.0339],[-114.646,33.0489],[-114.6188,33.0272],[-114.5201,33.03],[-114.4929,32.9718],[-114.469,32.9723],[-114.4809,32.9353],[-114.4629,32.9079],[-114.469,32.8452],[-114.5308,32.7935],[-114.5269,32.7571],[-114.6184,32.7282],[-114.7019,32.7455],[-114.7196,32.7188],[-117.1237,32.5344],[-117.1377,32.6246],[-117.1607,32.6657],[-117.2127,32.6879],[-117.2431,32.6645],[-117.2561,32.7937],[-117.2819,32.8328],[-117.2562,32.8594],[-117.2537,32.9038],[-117.3125,33.087],[-117.3419,33.1433],[-117.4698,33.2964],[-117.6527,33.4462],[-117.7146,33.4599],[-117.7843,33.5418],[-117.928,33.6072],[-118.1327,33.7532],[-118.1808,33.7651],[-118.1857,33.733],[-118.2428,33.7434],[-118.2471,33.7152],[-118.2678,33.7221],[-118.2941,33.7051],[-118.3643,33.7382],[-118.4105,33.741],[-118.4282,33.7743],[-118.394,33.8042],[-118.3905,33.8388],[-118.4514,33.9591],[-118.5244,34.0307],[-118.5715,34.0417],[-118.7424,34.0329],[-118.8066,34.0004],[-118.8549,34.0349],[-118.9363,34.0436],[-119.086,34.0993],[-119.1293,34.1008],[-119.2164,34.1461],[-119.2786,34.2669],[-119.3904,34.3182],[-119.461,34.3741],[-119.564,34.4153],[-119.6719,34.4161],[-119.7091,34.3954],[-119.7936,34.4183],[-119.8783,34.4073],[-120.0081,34.4604],[-120.1412,34.4734],[-120.2951,34.4706],[-120.4528,34.4424],[-120.4714,34.4478],[-120.5114,34.523],[-120.5813,34.557],[-120.6367,34.561],[-120.6491,34.5786],[-120.6004,34.7046],[-120.6374,34.7559],[-120.6103,34.8582],[-120.6473,34.9011],[-120.6723,34.9025],[-120.6299,35.0615],[-120.6461,35.1439],[-120.7142,35.176],[-120.7489,35.1778],[-120.7605,35.1597],[-120.856,35.2065],[-120.8996,35.2553],[-120.8621,35.347],[-120.8848,35.4302],[-120.9079,35.4491],[-121.0034,35.4607],[-121.1008,35.5489],[-121.1658,35.6353],[-121.2865,35.6655],[-121.3324,35.7831],[-121.4621,35.8861],[-121.5008,35.9981],[-121.5746,36.0252],[-121.6327,36.1205],[-121.7172,36.1951],[-121.8263,36.2421],[-121.852,36.2778],[-121.9027,36.3064],[-121.9016,36.387],[-121.9542,36.5222],[-121.9247,36.5256],[-121.9325,36.5599],[-121.9768,36.5794],[-121.9364,36.6367],[-121.8897,36.6013],[-121.8662,36.6066],[-121.8137,36.6824],[-121.7883,36.804],[-121.8623,36.9316],[-121.9301,36.9781],[-121.9728,36.9542],[-122.0127,36.9632],[-122.0656,36.9485],[-122.1352,36.9678],[-122.2238,37.0257],[-122.2849,37.1017],[-122.3371,37.1174],[-122.3671,37.1728],[-122.4051,37.1958],[-122.4191,37.2415],[-122.4009,37.3592],[-122.4596,37.4927],[-122.4993,37.4953],[-122.5195,37.5373],[-122.5209,37.5942],[-122.5014,37.5996],[-122.4941,37.644],[-122.5145,37.7808],[-122.4768,37.8094],[-122.4095,37.8089],[-122.3877,37.7888],[-122.3746,37.7329],[-122.3593,37.7286],[-122.3942,37.7076],[-122.3743,37.6622],[-122.3893,37.6402],[-122.3556,37.6153],[-122.3785,37.6056],[-122.2629,37.5739],[-122.1621,37.5002],[-122.131,37.5037],[-122.1231,37.474],[-122.0887,37.4523],[-122.0386,37.4546],[-122.0555,37.4952],[-122.1094,37.5003],[-122.1676,37.6772],[-122.2042,37.7116],[-122.2147,37.6992],[-122.2522,37.725],[-122.2617,37.7434],[-122.2439,37.7518],[-122.332,37.782],[-122.3423,37.8056],[-122.2966,37.8285],[-122.3159,37.8368],[-122.2992,37.8405],[-122.3014,37.8555],[-122.3252,37.8743],[-122.3085,37.8709],[-122.3269,37.8887],[-122.3114,37.8958],[-122.3648,37.9179],[-122.3635,37.9056],[-122.3905,37.9091],[-122.4301,37.9631],[-122.4029,37.9549],[-122.401,37.9685],[-122.3676,37.9782],[-122.3679,38.0125],[-122.3326,38.0015],[-122.2835,38.0227],[-122.2629,38.0446],[-122.2828,38.0829],[-122.3936,38.1434],[-122.4435,38.117],[-122.4448,38.1383],[-122.4975,38.1151],[-122.4838,38.0718],[-122.4978,38.0194],[-122.4473,37.9844],[-122.4956,37.9705],[-122.4795,37.9425],[-122.5051,37.9364],[-122.4383,37.8824],[-122.4596,37.8627],[-122.4729,37.8848],[-122.5043,37.8941],[-122.4721,37.8351],[-122.5,37.8209],[-122.5307,37.818],[-122.5615,37.8518],[-122.6588,37.9047],[-122.7252,37.9027],[-122.8214,37.9967],[-122.8821,38.0253],[-122.9568,38.0287],[-122.9831,38.0058],[-122.9635,37.9899],[-123.0241,37.9949],[-122.9491,38.1541],[-122.9956,38.2386],[-122.9728,38.2296],[-122.9771,38.2679],[-123.0243,38.3106],[-123.0637,38.3022],[-123.0798,38.3241],[-123.0683,38.3599],[-123.1288,38.4504],[-123.3319,38.5655],[-123.4461,38.7037],[-123.5148,38.742],[-123.572,38.7982],[-123.5933,38.799],[-123.6598,38.8725],[-123.728,38.9194],[-123.7419,38.9562],[-123.7111,38.9773],[-123.6912,39.0508],[-123.7194,39.1345],[-123.7714,39.1942],[-123.789,39.2697],[-123.8038,39.2788],[-123.7966,39.3013],[-123.8137,39.3083],[-123.8009,39.3183],[-123.8277,39.3484],[-123.8087,39.4274],[-123.8199,39.4395],[-123.7665,39.5528],[-123.7886,39.6],[-123.7942,39.69],[-123.8295,39.7231],[-123.8517,39.832],[-123.9077,39.863],[-123.93,39.9097],[-124.0359,40.0133],[-124.08,40.0298],[-124.0807,40.0661],[-124.1105,40.1038],[-124.1879,40.1305],[-124.3606,40.2572],[-124.3479,40.3146],[-124.3736,40.3929],[-124.4086,40.4432]]]]}},{"type":"Feature","properties":{"STATEFP":"78","STUSPS":"VI","NAME":"United States Virgin Islands"},"geometry":{"type":"MultiPolygon","coordinates":[[[[-64.6226,17.7838],[-64.6244,17.7902],[-64.6121,17.7872],[-64.6226,17.7838]]],[[[-64.6503,18.3243],[-64.6506,18.3284],[-64.6487,18.3281],[-64.6503,18.3243]]],[[[-64.6654,17.7646],[-64.666,17.7685],[-64.6649,17.7686],[-64.6654,17.7646]]],[[[-64.6878,18.3148],[-64.6893,18.3176],[-64.6865,18.3156],[-64.6878,18.3148]]],[[[-64.7038,17.7493],[-64.7016,17.7503],[-64.7019,17.7489],[-64.7038,17.7493]]],[[[-64.757,18.3558],[-64.7558,18.3573],[-64.7559,18.3557],[-64.757,18.3558]]],[[[-64.7586,18.3692],[-64.7574,18.3712],[-64.755,18.3705],[-64.7586,18.3692]]],[[[-64.7619,17.6825],[-64.7605,17.6851],[-64.7594,17.6836],[-64.7619,17.6825]]],[[[-64.7898,18.3542],[-64.789,18.3564],[-64.7886,18.3542],[-64.7898,18.3542]]],[[[-64.7942,18.3528],[-64.7928,18.3543],[-64.7918,18.3525],[-64.7942,18.3528]]],[[[-64.7948,18.3688],[-64.7937,18.3706],[-64.7931,18.3696],[-64.7948,18.3688]]],[[[-64.7963,18.355],[-64.7972,18.3568],[-64.7958,18.3561],[-64.7963,18.355]]],[[[-64.7986,18.3282],[-64.7862,18.3531],[-64.7805,18.346],[-64.7446,18.3575],[-64.7488,18.3729],[-64.6913,18.3611],[-64.6609,18.3429],[-64.6709,18.3301],[-64.6812,18.3468],[-64.6928,18.3401],[-64.6913,18.3567],[-64.7154,18.3461],[-64.6974,18.322],[-64.7031,18.2982],[-64.7207,18.3189],[-64.7805,18.3109],[-64.7986,18.3282]]],[[[-64.8056,18.3661],[-64.8,18.3697],[-64.7991,18.3688],[-64.8056,18.3661]]],[[[-64.8079,18.3288],[-64.8069,18.3313],[-64.8069,18.3286],[-64.8079,18.3288]]],[[[-64.8092,18.3587],[-64.8012,18.3654],[-64.7983,18.3636],[-64.8092,18.3587]]],[[[-64.8165,18.2946],[-64.8146,18.2962],[-64.8142,18.2953],[-64.8165,18.2946]]],[[[-64.8226,18.3588],[-64.8156,18.3605],[-64.8153,18.3592],[-64.8226,18.3588]]],[[[-64.8282,18.2975],[-64.824,18.3032],[-64.8217,18.298],[-64.8282,18.2975]]],[[[-64.8297,18.3057],[-64.8309,18.3154],[-64.8227,18.3129],[-64.8297,18.3057]]],[[[-64.8371,18.3569],[-64.8298,18.3605],[-64.8262,18.3603],[-64.8371,18.3569]]],[[[-64.8654,18.313],[-64.8641,18.3143],[-64.8637,18.3137],[-64.8654,18.313]]],[[[-64.8686,18.3146],[-64.8674,18.316],[-64.8668,18.3152],[-64.8686,18.3146]]],[[[-64.8655,18.3056],[-64.8683,18.309],[-64.8622,18.3072],[-64.8655,18.3056]]],[[[-64.8746,18.3608],[-64.8513,18.3611],[-64.8481,18.3576],[-64.8514,18.3555],[-64.8746,18.3608]]],[[[-64.8871,18.274],[-64.8867,18.2767],[-64.8857,18.276],[-64.8871,18.274]]],[[[-64.8959,18.2747],[-64.8926,18.2795],[-64.8909,18.2775],[-64.8959,18.2747]]],[[[-64.9036,17.6804],[-64.8836,17.708],[-64.894,17.7474],[-64.8724,17.771],[-64.8365,17.7615],[-64.7789,17.7838],[-64.7589,17.7681],[-64.749,17.7834],[-64.7086,17.7468],[-64.6556,17.7635],[-64.5656,17.7552],[-64.7178,17.6991],[-64.7633,17.6966],[-64.7711,17.709],[-64.7653,17.6904],[-64.9036,17.6804]]],[[[-64.9086,18.3089],[-64.9074,18.3106],[-64.9072,18.3098],[-64.9086,18.3089]]],[[[-64.9095,18.4143],[-64.908,18.4157],[-64.908,18.4139],[-64.9095,18.4143]]],[[[-64.9066,18.4066],[-64.9055,18.4121],[-64.9029,18.4082],[-64.9066,18.4066]]],[[[-64.9166,18.4051],[-64.9053,18.4027],[-64.8993,18.3927],[-64.9077,18.3876],[-64.9166,18.4051]]],[[[-64.9362,18.3269],[-64.9318,18.3288],[-64.9329,18.3231],[-64.9362,18.3269]]],[[[-64.9609,18.3137],[-64.9468,18.329],[-64.9427,18.3278],[-64.9403,18.3181],[-64.9609,18.3137]]],[[[-64.9741,18.3933],[-64.9686,18.395],[-64.9683,18.3926],[-64.9741,18.3933]]],[[[-64.9732,18.3808],[-64.9677,18.3842],[-64.9658,18.3767],[-64.9732,18.3808]]],[[[-64.9898,18.3156],[-64.989,18.3179],[-64.9883,18.3173],[-64.9898,18.3156]]],[[[-64.9982,18.3053],[-65.0012,18.3088],[-64.9999,18.309],[-64.9982,18.3053]]],[[[-65.0416,18.3534],[-64.9521,18.3762],[-64.9273,18.3588],[-64.9373,18.3815],[-64.8635,18.3503],[-64.845,18.3306],[-64.8541,18.3223],[-64.8384,18.3268],[-64.8318,18.3248],[-64.8453,18.3118],[-64.8666,18.3214],[-64.8824,18.3165],[-64.8704,18.3068],[-64.878,18.3028],[-64.9229,18.3198],[-64.9274,18.3403],[-64.9624,18.3246],[-64.9877,18.3501],[-65.0265,18.3413],[-65.0416,18.3534]]],[[[-65.046,18.3567],[-65.0433,18.3593],[-65.0443,18.3566],[-65.046,18.3567]]],[[[-65.052,18.3593],[-65.0501,18.3628],[-65.0508,18.3591],[-65.052,18.3593]]],[[[-65.0585,18.3496],[-65.057,18.3514],[-65.0571,18.3495],[-65.0585,18.3496]]],[[[-65.0615,18.3782],[-65.0611,18.3817],[-65.0593,18.3812],[-65.0615,18.3782]]],[[[-65.0778,18.3367],[-65.082,18.3417],[-65.075,18.3466],[-65.0778,18.3367]]]]}},{"type":"Feature","properties":{"STATEFP":"66","STUSPS":"GU","NAME":"Guam"},"geometry":{"type":"MultiPolygon","coordinates":[[[[144.6467,13.2342],[144.6571,13.2424],[144.6585,13.2419],[144.6467,13.2342]]],[[[144.6181,13.4478],[144.6383,13.4648],[144.7694,13.4811],[144.7723,13.5045],[144.8049,13.5154],[144.8585,13.654],[144.9079,13.6053],[144.9567,13.5982],[144.9267,13.522],[144.7839,13.4216],[144.7721,13.3025],[144.726,13.2476],[144.6773,13.2546],[144.6619,13.2714],[144.6574,13.3165],[144.6361,13.3416],[144.6634,13.4011],[144.6181,13.4478]]]]}},{"type":"Feature","properties":{"STATEFP":"33","STUSPS":"NH","NAME":"New Hampshire"},"geometry":{"type":"MultiPolygon","coordinates":[[[[-70.614,42.9733],[-70.6146,42.9786],[-70.6106,42.9764],[-70.614,42.9733]]],[[[-70.6261,42.9677],[-70.6225,42.9682],[-70.6225,42.9675],[-70.6261,42.9677]]],[[[-70.6278,42.9754],[-70.6269,42.9782],[-70.6243,42.9767],[-70.6278,42.9754]]],[[[-72.5396,42.8048],[-72.5528,42.885],[-72.5244,42.9156],[-72.5322,42.9549],[-72.4738,42.972],[-72.4438,43.0062],[-72.4674,43.0526],[-72.4362,43.0817],[-72.433,43.1197],[-72.4571,43.1485],[-72.4387,43.2529],[-72.3955,43.313],[-72.4104,43.3317],[-72.3901,43.3569],[-72.416,43.3765],[-72.3817,43.4801],[-72.3986,43.5134],[-72.3801,43.5736],[-72.3285,43.6008],[-72.3344,43.6193],[-72.3141,43.6428],[-72.2996,43.7063],[-72.2051,43.7711],[-72.1833,43.8082],[-72.1879,43.8561],[-72.1679,43.8691],[-72.1727,43.8843],[-72.1204,43.9196],[-72.1186,43.946],[-72.0914,43.9655],[-72.1147,43.9683],[-72.117,43.9945],[-72.1025,44.0149],[-72.0901,44.0099],[-72.0953,44.0219],[-72.0525,44.0767],[-72.0318,44.0785],[-72.0451,44.0879],[-72.0309,44.0997],[-72.0551,44.1104],[-72.0334,44.1311],[-72.0662,44.1898],[-72.0479,44.2385],[-72.0654,44.2772],[-72.0327,44.3025],[-72.0328,44.3204],[-71.9811,44.3375],[-71.9094,44.3484],[-71.8725,44.3366],[-71.8144,44.3545],[-71.8144,44.3819],[-71.7939,44.3993],[-71.7022,44.4138],[-71.6597,44.4415],[-71.6328,44.4839],[-71.627,44.4743],[-71.5768,44.5026],[-71.5943,44.5217],[-71.572,44.5382],[-71.5961,44.5609],[-71.559,44.5644],[-71.5354,44.5871],[-71.5622,44.6016],[-71.5472,44.6304],[-71.5874,44.6597],[-71.5815,44.6732],[-71.6319,44.7525],[-71.5713,44.7933],[-71.5769,44.8152],[-71.5511,44.837],[-71.5497,44.8615],[-71.4949,44.9043],[-71.523,44.9393],[-71.5162,44.9641],[-71.5413,44.9851],[-71.5248,45.0019],[-71.4646,45.0136],[-71.5011,45.0133],[-71.4911,45.0437],[-71.5051,45.0515],[-71.4288,45.1239],[-71.4372,45.1423],[-71.3978,45.2036],[-71.4434,45.2377],[-71.3849,45.2334],[-71.3573,45.2533],[-71.3607,45.2698],[-71.2844,45.3024],[-71.2311,45.2497],[-71.1479,45.2393],[-71.0839,45.3055],[-71.031,44.6555],[-70.9727,43.5703],[-70.9508,43.551],[-70.9742,43.4774],[-70.9612,43.4383],[-70.9868,43.4143],[-70.9876,43.3895],[-70.9672,43.3438],[-70.9327,43.3368],[-70.906,43.2917],[-70.8179,43.2379],[-70.8281,43.1291],[-70.7564,43.08],[-70.7065,43.0753],[-70.7121,43.0437],[-70.794,42.9399],[-70.8173,42.8723],[-70.8486,42.8609],[-70.9149,42.8866],[-71.0312,42.8591],[-71.0642,42.8063],[-71.1325,42.8214],[-71.1656,42.8087],[-71.1861,42.7907],[-71.1818,42.7376],[-71.2455,42.7426],[-71.2942,42.697],[-72.4585,42.7269],[-72.4911,42.7725],[-72.5161,42.7659],[-72.5089,42.7799],[-72.5396,42.8048]]]]}},{"type":"Feature","properties":{"STATEFP":"69","STUSPS":"MP","NAME":"Commonwealth of the Northern Mariana Islands"},"geometry":{"type":"MultiPolygon","coordinates":[[[[145.6327,16.3665],[145.7035,16.3697],[145.7238,16.3512],[145.7025,16.3335],[145.6472,16.3325],[145.6327,16.3665]]],[[[145.5824,15.0178],[145.5968,15.0535],[145.6453,15.1008],[145.6588,15.0578],[145.6486,15.0336],[145.6736,15.0065],[145.6654,14.9498],[145.6423,14.9243],[145.5824,15.0178]]],[[[145.5374,14.8456],[145.5454,14.8553],[145.5783,14.8631],[145.5625,14.844],[145.5374,14.8456]]],[[[145.3896,19.6921],[145.4016,19.7069],[145.4181,19.6907],[145.3997,19.6764],[145.3896,19.6921]]],[[[145.2277,20.0128],[145.2306,20.0238],[145.2335,20.0283],[145.2387,20.0202],[145.2277,20.0128]]],[[[145.2185,20.0304],[145.2207,20.0356],[145.2297,20.0319],[145.2185,20.0304]]],[[[145.2103,20.0124],[145.2107,20.0309],[145.2167,20.0108],[145.2103,20.0124]]],[[[145.1212,14.1206],[145.1597,14.1681],[145.2413,14.2002],[145.29,14.19],[145.2834,14.1607],[145.2411,14.1514],[145.2125,14.1153],[145.1699,14.1106],[145.1442,14.1396],[145.1212,14.1206]]],[[[144.8943,20.5365],[144.8934,20.5532],[144.9029,20.5457],[144.8943,20.5365]]],[[[146.0638,16.0224],[146.0538,16.0135],[146.063,16.0277],[146.0638,16.0224]]],[[[145.8328,17.3038],[145.8495,17.3173],[145.8449,17.2971],[145.8328,17.3038]]],[[[145.815,17.604],[145.838,17.6192],[145.8505,17.5918],[145.8253,17.581],[145.815,17.604]]],[[[145.8134,15.2565],[145.8145,15.2582],[145.8143,15.2566],[145.8134,15.2565]]],[[[145.7901,15.1493],[145.7909,15.1515],[145.7926,15.1495],[145.7901,15.1493]]],[[[145.7667,16.7053],[145.7812,16.7171],[145.7872,16.6919],[145.776,16.694],[145.7667,16.7053]]],[[[145.7115,15.2407],[145.7137,15.2411],[145.7131,15.24],[145.7115,15.2407]]],[[[145.7079,18.0476],[145.717,18.0758],[145.7565,18.0996],[145.7592,18.1598],[145.802,18.1624],[145.8095,18.1323],[145.7949,18.1027],[145.7674,18.103],[145.7388,18.0584],[145.7079,18.0476]]],[[[145.6901,15.1202],[145.7171,15.2192],[145.8189,15.2865],[145.8282,15.2615],[145.8107,15.2587],[145.7787,15.2089],[145.7961,15.1669],[145.7883,15.1505],[145.7615,15.1636],[145.7408,15.1392],[145.7566,15.1208],[145.7505,15.0934],[145.6901,15.1202]]],[[[145.6363,18.7773],[145.6537,18.8107],[145.6779,18.8066],[145.6966,18.7894],[145.6906,18.7408],[145.6547,18.7339],[145.6363,18.7773]]]]}},{"type":"Feature","properties":{"STATEFP":"15","STUSPS":"HI","NAME":"Hawaii"},"geometry":{"type":"MultiPolygon","coordinates":[[[[-156.0608,19.7305],[-156.0383,19.7872],[-155.973,19.848],[-155.9221,19.8572],[-155.8907,19.9286],[-155.8324,19.9739],[-155.8231,20.0276],[-155.8835,20.1062],[-155.9044,20.1961],[-155.8826,20.2568],[-155.837,20.267],[-155.7572,20.2388],[-155.7249,20.2016],[-155.5891,20.1192],[-155.5561,20.1292],[-155.4378,20.0927],[-155.2056,19.9694],[-155.0808,19.8478],[-155.0871,19.728],[-155.0035,19.7363],[-154.9781,19.689],[-154.9809,19.6383],[-154.9452,19.6212],[-154.9471,19.6049],[-154.9026,19.5684],[-154.8068,19.516],[-154.8352,19.4617],[-154.9719,19.3499],[-155.1571,19.2653],[-155.2932,19.2639],[-155.4501,19.1491],[-155.51,19.129],[-155.5549,19.0778],[-155.5539,19.0455],[-155.5992,18.9684],[-155.6196,18.9677],[-155.6381,18.9362],[-155.6828,18.9104],[-155.684,18.9342],[-155.7236,18.9664],[-155.8796,19.0335],[-155.9068,19.0799],[-155.9182,19.1344],[-155.8867,19.3456],[-155.9278,19.4588],[-155.9198,19.4753],[-155.9504,19.4866],[-155.9602,19.515],[-155.9738,19.6039],[-155.9913,19.6362],[-156.029,19.6501],[-156.0268,19.6762],[-156.0608,19.7305]]],[[[-156.6974,20.9164],[-156.6657,21.0038],[-156.6378,21.013],[-156.6411,21.0233],[-156.5885,21.0308],[-156.5254,20.9873],[-156.5252,20.9643],[-156.4797,20.8981],[-156.3837,20.916],[-156.3218,20.9471],[-156.2403,20.9359],[-156.1667,20.8656],[-156.1304,20.8595],[-156.1161,20.8266],[-156.0005,20.7915],[-155.9789,20.7646],[-155.9834,20.7218],[-156.0466,20.6526],[-156.1107,20.6397],[-156.139,20.6181],[-156.1913,20.6285],[-156.2996,20.5831],[-156.4123,20.5829],[-156.4537,20.637],[-156.4414,20.6528],[-156.4613,20.7785],[-156.4997,20.7965],[-156.5377,20.7746],[-156.6229,20.809],[-156.6893,20.8819],[-156.6974,20.9164]]],[[[-156.7,20.5279],[-156.6775,20.555],[-156.5753,20.6034],[-156.539,20.5762],[-156.554,20.5369],[-156.5318,20.5283],[-156.5452,20.512],[-156.6403,20.505],[-156.6461,20.5159],[-156.6663,20.5009],[-156.7,20.5279]]],[[[-157.0602,20.9019],[-157.0015,20.9277],[-156.9004,20.9149],[-156.8288,20.8559],[-156.8062,20.8066],[-156.8369,20.7603],[-156.8904,20.735],[-156.9633,20.7319],[-156.9915,20.7799],[-156.9918,20.8266],[-157.0112,20.854],[-157.0497,20.8702],[-157.0602,20.9019]]],[[[-157.3041,21.0952],[-157.2514,21.1778],[-157.2541,21.2241],[-156.9982,21.1792],[-156.9706,21.2155],[-156.9439,21.1729],[-156.9014,21.162],[-156.7702,21.1762],[-156.7091,21.1587],[-156.7749,21.0822],[-156.8745,21.0455],[-157.0669,21.1005],[-157.2497,21.0848],[-157.3041,21.0952]]],[[[-157.6596,21.327],[-157.6566,21.3317],[-157.6541,21.326],[-157.6596,21.327]]],[[[-157.7904,21.4316],[-157.7872,21.4358],[-157.788,21.4311],[-157.7904,21.4316]]],[[[-158.2776,21.577],[-158.1228,21.5835],[-158.0278,21.6897],[-157.9674,21.7104],[-157.9141,21.6497],[-157.9194,21.6263],[-157.8769,21.5574],[-157.8507,21.5549],[-157.8368,21.5319],[-157.8348,21.509],[-157.8526,21.5],[-157.841,21.4595],[-157.8166,21.4546],[-157.778,21.4118],[-157.7575,21.4347],[-157.7768,21.4432],[-157.7727,21.4569],[-157.7225,21.4592],[-157.7433,21.4137],[-157.7059,21.3803],[-157.6938,21.3329],[-157.6491,21.3106],[-157.651,21.2988],[-157.6987,21.2607],[-157.7194,21.2844],[-157.8062,21.255],[-157.8867,21.3066],[-157.9472,21.3038],[-157.9702,21.3283],[-157.9783,21.3159],[-158.1083,21.2976],[-158.1411,21.3764],[-158.1792,21.4043],[-158.1899,21.4465],[-158.2311,21.4827],[-158.2298,21.5343],[-158.2776,21.577]]],[[[-159.7879,22.0301],[-159.7837,22.0649],[-159.7452,22.0975],[-159.7221,22.1503],[-159.5811,22.2235],[-159.549,22.2249],[-159.5108,22.2035],[-159.4879,22.2295],[-159.429,22.2176],[-159.4025,22.2326],[-159.34,22.2085],[-159.2933,22.1443],[-159.2966,22.1051],[-159.3355,22.046],[-159.3299,21.9602],[-159.3519,21.9601],[-159.3468,21.9364],[-159.4449,21.8686],[-159.5944,21.9042],[-159.6033,21.8922],[-159.6687,21.9536],[-159.7594,21.9795],[-159.7879,22.0301]]],[[[-160.0961,22.0148],[-160.1002,22.029],[-160.0878,22.0239],[-160.0961,22.0148]]],[[[-160.2452,21.8472],[-160.187,21.9249],[-160.1255,21.9537],[-160.1117,21.9936],[-160.092,22.0055],[-160.053,21.9923],[-160.083,21.9279],[-160.0748,21.8948],[-160.159,21.8653],[-160.2035,21.7792],[-160.2334,21.7925],[-160.2452,21.8472]]],[[[-160.537,21.6496],[-160.5401,21.6602],[-160.5378,21.6591],[-160.537,21.6496]]],[[[-161.9258,23.0542],[-161.9164,23.0609],[-161.9156,23.0583],[-161.9258,23.0542]]],[[[-166.1656,23.7291],[-166.1639,23.7296],[-166.1638,23.7269],[-166.1656,23.7291]]],[[[-166.1665,23.733],[-166.1654,23.7354],[-166.165,23.7333],[-166.1665,23.733]]],[[[-166.1702,23.6424],[-166.1713,23.6441],[-166.1697,23.6433],[-166.1702,23.6424]]],[[[-166.208,23.7858],[-166.2092,23.7882],[-166.2075,23.7868],[-166.208,23.7858]]],[[[-166.2238,23.8612],[-166.2225,23.8622],[-166.2217,23.8606],[-166.2238,23.8612]]],[[[-166.2883,23.8673],[-166.2811,23.8717],[-166.2799,23.8715],[-166.2883,23.8673]]],[[[-167.9985,24.9971],[-167.9977,25.0044],[-167.9956,25.0019],[-167.9985,24.9971]]],[[[-171.7452,25.7709],[-171.7351,25.7818],[-171.7256,25.7793],[-171.7331,25.7573],[-171.7452,25.7709]]],[[[-173.9699,26.0646],[-173.9647,26.0765],[-173.9642,26.0623],[-173.9699,26.0646]]],[[[-175.7377,27.9236],[-175.7382,27.927],[-175.7369,27.9271],[-175.7377,27.9236]]],[[[-175.8179,27.7879],[-175.8158,27.791],[-175.8145,27.7893],[-175.8179,27.7879]]],[[[-175.909,27.7724],[-175.9063,27.7742],[-175.9059,27.7734],[-175.909,27.7724]]],[[[-175.9426,27.7624],[-175.9436,27.7659],[-175.9419,27.7639],[-175.9426,27.7624]]],[[[-178.333,28.3945],[-178.2889,28.4021],[-178.2881,28.3924],[-178.3045,28.3854],[-178.333,28.3945]]]]}},{"type":"Feature","properties":{"STATEFP":"22","STUSPS":"LA","NAME":"Louisiana"},"geometry":{"type":"MultiPolygon","coordinates":[[[[-88.8651,29.8485],[-88.8627,29.8568],[-88.8623,29.8462],[-88.8651,29.8485]]],[[[-88.8761,29.875],[-88.8783,29.877],[-88.8753,29.8819],[-88.8761,29.875]]],[[[-88.8815,30.0532],[-88.8337,29.9988],[-88.817,29.9342],[-88.8327,29.8241],[-88.8751,29.7598],[-88.843,29.826],[-88.8282,29.9207],[-88.8409,29.9956],[-88.8815,30.0532]]],[[[-89.2622,29.8275],[-89.2495,29.8286],[-89.2455,29.8266],[-89.2489,29.8232],[-89.2622,29.8275]]],[[[-89.2934,29.9947],[-89.2878,29.9996],[-89.2899,29.9952],[-89.2934,29.9947]]],[[[-89.2987,29.3815],[-89.2983,29.3854],[-89.297,29.3833],[-89.2987,29.3815]]],[[[-89.3266,29.947],[-89.3222,29.9542],[-89.3194,29.9489],[-89.3266,29.947]]],[[[-89.334,29.9591],[-89.3357,29.9628],[-89.3322,29.9624],[-89.334,29.9591]]],[[[-89.3367,29.988],[-89.3396,29.994],[-89.3367,29.9942],[-89.3367,29.988]]],[[[-89.3422,30.0592],[-89.3188,30.0651],[-89.303,30.0916],[-89.1857,30.157],[-89.2431,30.1007],[-89.2291,30.0989],[-89.2208,30.0714],[-89.1757,30.0628],[-89.184,30.0328],[-89.213,30.0274],[-89.2016,30.0014],[-89.2295,30.0004],[-89.2443,30.0583],[-89.2758,30.0231],[-89.2876,30.0406],[-89.324,30.0478],[-89.3332,30.0348],[-89.3422,30.0592]]],[[[-89.3404,29.9762],[-89.3458,29.9769],[-89.3435,29.9813],[-89.3404,29.9762]]],[[[-89.3603,29.9199],[-89.3578,29.934],[-89.3524,29.9244],[-89.3603,29.9199]]],[[[-89.3686,29.9538],[-89.3668,29.9767],[-89.3604,29.9792],[-89.3537,29.9596],[-89.3686,29.9538]]],[[[-89.3784,30.0042],[-89.3797,30.0146],[-89.3648,30.009],[-89.3784,30.0042]]],[[[-89.429,30.1286],[-89.4421,30.1444],[-89.4177,30.1437],[-89.429,30.1286]]],[[[-89.576,29.5741],[-89.5747,29.578],[-89.5691,29.5752],[-89.576,29.5741]]],[[[-89.6268,29.5352],[-89.5752,29.5499],[-89.5646,29.5438],[-89.5997,29.5076],[-89.6268,29.5352]]],[[[-89.6433,29.5537],[-89.641,29.5591],[-89.6396,29.5557],[-89.6433,29.5537]]],[[[-89.6436,29.564],[-89.6371,29.5692],[-89.6303,29.5687],[-89.6436,29.564]]],[[[-89.6661,29.5504],[-89.6634,29.5561],[-89.6579,29.5471],[-89.6661,29.5504]]],[[[-89.9009,29.3165],[-89.8902,29.3239],[-89.8612,29.3117],[-89.8835,29.3071],[-89.9009,29.3165]]],[[[-89.9442,29.2717],[-89.943,29.2765],[-89.9066,29.2966],[-89.9442,29.2717]]],[[[-89.9579,29.3025],[-89.9598,29.3068],[-89.957,29.3037],[-89.9579,29.3025]]],[[[-89.9795,29.2776],[-89.9669,29.2826],[-89.9671,29.2714],[-89.9795,29.2776]]],[[[-89.984,29.3208],[-89.9703,29.3169],[-89.9732,29.301],[-89.9816,29.3088],[-89.984,29.3208]]],[[[-90.0246,29.2411],[-90.0145,29.2509],[-90.008,29.2395],[-90.0246,29.2411]]],[[[-90.0269,29.26],[-90.0226,29.2672],[-90.0199,29.2649],[-90.0269,29.26]]],[[[-90.0427,29.2027],[-89.9882,29.2601],[-89.9497,29.2649],[-89.9556,29.2528],[-90.0427,29.2027]]],[[[-90.3286,29.0653],[-90.3216,29.0709],[-90.3193,29.0699],[-90.3286,29.0653]]],[[[-90.3477,29.1777],[-90.3448,29.1879],[-90.338,29.1894],[-90.3477,29.1777]]],[[[-90.356,29.1019],[-90.3518,29.1075],[-90.3431,29.1062],[-90.356,29.1019]]],[[[-90.3726,29.1111],[-90.3515,29.1311],[-90.3396,29.1267],[-90.3467,29.1171],[-90.3726,29.1111]]],[[[-90.4109,29.2027],[-90.4108,29.2107],[-90.4078,29.2039],[-90.4109,29.2027]]],[[[-90.4414,29.2521],[-90.4394,29.2568],[-90.4351,29.2534],[-90.4414,29.2521]]],[[[-90.5503,29.0921],[-90.4701,29.0669],[-90.4237,29.0609],[-90.4733,29.0595],[-90.5503,29.0921]]],[[[-90.6187,29.1953],[-90.6143,29.1963],[-90.6134,29.1932],[-90.6187,29.1953]]],[[[-90.7593,29.0469],[-90.7118,29.0623],[-90.6617,29.0626],[-90.7409,29.0468],[-90.7593,29.0469]]],[[[-90.8681,29.0572],[-90.8439,29.05],[-90.8062,29.0538],[-90.8343,29.0449],[-90.8681,29.0572]]],[[[-90.9357,29.0556],[-90.9264,29.0515],[-90.9155,29.0499],[-90.9265,29.0491],[-90.9357,29.0556]]],[[[-91.0401,29.1887],[-91.0363,29.1902],[-91.0363,29.1877],[-91.0401,29.1887]]],[[[-92.0319,29.5776],[-91.989,29.6114],[-91.9399,29.6103],[-91.9285,29.6351],[-91.9031,29.6374],[-91.843,29.6277],[-91.8027,29.5887],[-91.7753,29.5879],[-91.7759,29.5678],[-91.7333,29.5808],[-91.7368,29.5623],[-91.7081,29.5688],[-91.7654,29.5248],[-91.7683,29.4904],[-91.8216,29.4739],[-92.0319,29.5776]]],[[[-94.0418,31.9924],[-94.043,33.0192],[-91.1661,33.0043],[-91.214,32.9303],[-91.1702,32.8994],[-91.134,32.9177],[-91.1355,32.9797],[-91.0969,32.9864],[-91.0644,32.9011],[-91.1056,32.8584],[-91.145,32.8429],[-91.1653,32.7513],[-91.0547,32.7192],[-91.1498,32.644],[-91.1513,32.6159],[-91.1199,32.5848],[-91.0498,32.6072],[-91.0384,32.6364],[-91.0143,32.6405],[-91.0102,32.6019],[-91.0804,32.5564],[-90.9872,32.4957],[-90.9992,32.4826],[-91.0381,32.4904],[-91.0937,32.5491],[-91.116,32.4831],[-91.0529,32.4384],[-90.9939,32.4509],[-90.9696,32.4395],[-90.9663,32.421],[-90.9941,32.4039],[-91.0045,32.3681],[-90.9936,32.354],[-90.9124,32.3395],[-90.8756,32.3724],[-90.9222,32.2986],[-90.9478,32.2835],[-90.9795,32.2937],[-90.9694,32.2525],[-90.9952,32.1921],[-91.0029,32.2231],[-91.039,32.2423],[-91.0614,32.2186],[-91.0837,32.2264],[-91.1642,32.1969],[-91.1746,32.155],[-91.1628,32.1327],[-91.0532,32.1242],[-91.0583,32.181],[-91.0029,32.1621],[-91.0041,32.1462],[-91.0347,32.1011],[-91.0815,32.0778],[-91.0802,32.0484],[-91.1393,32.0818],[-91.1603,32.0704],[-91.1514,32.0493],[-91.0881,32.0345],[-91.0759,32.0168],[-91.1041,31.9904],[-91.1644,31.9826],[-91.1848,31.9656],[-91.1932,31.9357],[-91.1806,31.918],[-91.2677,31.8627],[-91.245,31.8314],[-91.2556,31.8127],[-91.2822,31.8148],[-91.2934,31.8602],[-91.3457,31.8429],[-91.3655,31.7616],[-91.286,31.7721],[-91.263,31.767],[-91.2634,31.7545],[-91.3718,31.7429],[-91.3979,31.7094],[-91.401,31.6204],[-91.4367,31.6127],[-91.4977,31.6454],[-91.5155,31.6304],[-91.5166,31.6118],[-91.4886,31.5875],[-91.4227,31.5971],[-91.4054,31.5765],[-91.4439,31.5425],[-91.5225,31.5221],[-91.5134,31.4444],[-91.4721,31.3959],[-91.4789,31.365],[-91.5218,31.3752],[-91.5416,31.4317],[-91.5763,31.4105],[-91.569,31.3776],[-91.5462,31.3825],[-91.549,31.3473],[-91.5087,31.3151],[-91.5156,31.2782],[-91.654,31.2558],[-91.5889,31.189],[-91.626,31.1169],[-91.5599,31.0541],[-91.5784,31.024],[-91.6369,30.9994],[-89.7296,31.0039],[-89.7271,30.9674],[-89.7563,30.9435],[-89.7448,30.9189],[-89.7731,30.8983],[-89.7717,30.8547],[-89.7925,30.8504],[-89.7812,30.8201],[-89.7987,30.8209],[-89.8051,30.7906],[-89.8304,30.7798],[-89.8287,30.7395],[-89.8161,30.7394],[-89.8369,30.7347],[-89.8379,30.6725],[-89.8519,30.6612],[-89.814,30.6382],[-89.8308,30.6176],[-89.8139,30.6077],[-89.808,30.568],[-89.7869,30.5691],[-89.8039,30.5493],[-89.7796,30.5443],[-89.7681,30.515],[-89.6834,30.4518],[-89.6837,30.4059],[-89.6572,30.3565],[-89.6297,30.3393],[-89.6262,30.3143],[-89.6472,30.2894],[-89.6142,30.2446],[-89.6159,30.2232],[-89.5745,30.1817],[-89.5281,30.189],[-89.5871,30.1506],[-89.6241,30.1574],[-89.6782,30.1083],[-89.6849,30.0752],[-89.7309,30.0607],[-89.7177,30.0253],[-89.7679,30.0457],[-89.8183,30.0457],[-89.8603,30.0031],[-89.8462,29.9564],[-89.7981,29.9317],[-89.7294,29.9575],[-89.7148,29.947],[-89.7472,29.9308],[-89.7449,29.9079],[-89.7053,29.8743],[-89.65,29.8621],[-89.5964,29.8796],[-89.5704,29.9615],[-89.5801,29.9905],[-89.4915,30.0375],[-89.4844,30.0788],[-89.4311,30.0518],[-89.4426,30.0463],[-89.4304,30.0338],[-89.3727,30.0498],[-89.3746,30.0326],[-89.4078,30.0239],[-89.3991,30.0009],[-89.43,30.0289],[-89.449,30.0192],[-89.4321,30.0105],[-89.4578,29.9982],[-89.4334,29.9912],[-89.4235,29.9634],[-89.3812,29.9595],[-89.3983,29.9578],[-89.3701,29.8921],[-89.3176,29.9212],[-89.2733,29.9938],[-89.2478,29.9973],[-89.25,29.9756],[-89.2255,29.9671],[-89.2324,29.9304],[-89.2798,29.9272],[-89.342,29.8831],[-89.3351,29.8728],[-89.2403,29.8786],[-89.2764,29.8489],[-89.306,29.8657],[-89.3124,29.8236],[-89.3275,29.8233],[-89.3408,29.8497],[-89.3857,29.8355],[-89.3794,29.8221],[-89.3493,29.8208],[-89.357,29.8],[-89.3365,29.7852],[-89.2925,29.7992],[-89.2857,29.7634],[-89.3947,29.7902],[-89.4308,29.7408],[-89.4303,29.7126],[-89.3878,29.68],[-89.4242,29.6976],[-89.4456,29.6519],[-89.4656,29.6517],[-89.4676,29.699],[-89.4851,29.72],[-89.5249,29.7266],[-89.5077,29.692],[-89.5249,29.6828],[-89.5145,29.6688],[-89.5315,29.6664],[-89.5005,29.6341],[-89.5654,29.6593],[-89.6205,29.6361],[-89.6616,29.6465],[-89.6299,29.6289],[-89.629,29.6138],[-89.6021,29.6103],[-89.6204,29.6053],[-89.6013,29.5836],[-89.6378,29.5967],[-89.6493,29.6252],[-89.6845,29.6248],[-89.671,29.6016],[-89.6827,29.5969],[-89.6418,29.5756],[-89.6845,29.5633],[-89.6835,29.5493],[-89.6402,29.5036],[-89.5696,29.494],[-89.5523,29.4555],[-89.5228,29.4562],[-89.5388,29.4317],[-89.52,29.3996],[-89.5529,29.4095],[-89.5613,29.3952],[-89.5123,29.3823],[-89.4701,29.4015],[-89.4221,29.3884],[-89.4217,29.3763],[-89.3837,29.3884],[-89.3375,29.3795],[-89.3483,29.3661],[-89.3386,29.3554],[-89.3084,29.3715],[-89.2667,29.3499],[-89.2354,29.3043],[-89.1878,29.342],[-89.1151,29.2529],[-89.1306,29.2266],[-89.1167,29.2195],[-89.122,29.2021],[-89.0963,29.188],[-89.026,29.2152],[-89.0062,29.1863],[-89.0143,29.1691],[-89.0471,29.1844],[-89.0512,29.1705],[-89.1118,29.16],[-89.097,29.1388],[-89.0395,29.1355],[-89.0666,29.0907],[-89.1037,29.1167],[-89.1165,29.0741],[-89.147,29.071],[-89.1586,29.0218],[-89.1377,29.0189],[-89.1537,28.9875],[-89.2187,29.0225],[-89.2215,29.0646],[-89.2517,29.0832],[-89.2594,29.0584],[-89.2832,29.0533],[-89.4179,28.9286],[-89.343,29.0577],[-89.31,29.071],[-89.3124,29.1175],[-89.2786,29.1376],[-89.2765,29.1736],[-89.295,29.1989],[-89.3285,29.1906],[-89.3319,29.1486],[-89.3506,29.1296],[-89.3996,29.1237],[-89.4828,29.2151],[-89.606,29.2537],[-89.6397,29.2905],[-89.8426,29.3188],[-89.8221,29.3566],[-89.8015,29.3533],[-89.7906,29.3283],[-89.7597,29.3502],[-89.6468,29.3763],[-89.6233,29.3463],[-89.5955,29.356],[-89.6088,29.3875],[-89.6474,29.4099],[-89.6449,29.39],[-89.768,29.3894],[-89.7909,29.4108],[-89.8147,29.4001],[-89.8436,29.4217],[-89.8353,29.4522],[-89.816,29.4603],[-89.852,29.4757],[-89.8795,29.4345],[-89.9193,29.4484],[-89.9343,29.4397],[-89.964,29.463],[-89.9918,29.4506],[-89.9704,29.4318],[-90.0089,29.3792],[-90.042,29.3607],[-90.0159,29.354],[-89.9975,29.3705],[-89.9789,29.347],[-90.0318,29.3443],[-90.0377,29.3092],[-90.0163,29.3005],[-90.0186,29.2868],[-90.0753,29.296],[-90.1081,29.265],[-90.0705,29.2082],[-90.0479,29.2153],[-90.0479,29.1896],[-90.2229,29.0871],[-90.2481,29.0966],[-90.2344,29.1288],[-90.2778,29.1428],[-90.2453,29.1497],[-90.2815,29.1565],[-90.2588,29.1656],[-90.2853,29.178],[-90.2635,29.1806],[-90.2592,29.1996],[-90.2728,29.199],[-90.3053,29.2684],[-90.3541,29.3054],[-90.3766,29.2933],[-90.3726,29.2648],[-90.4033,29.2338],[-90.3929,29.2966],[-90.4402,29.3494],[-90.4791,29.2922],[-90.5232,29.3042],[-90.5543,29.2852],[-90.577,29.3132],[-90.5976,29.3033],[-90.5927,29.2459],[-90.5618,29.235],[-90.616,29.2364],[-90.6118,29.2148],[-90.6357,29.2139],[-90.6468,29.1687],[-90.685,29.1656],[-90.6943,29.1251],[-90.7114,29.1164],[-90.73,29.138],[-90.8022,29.0938],[-90.8059,29.0645],[-90.8361,29.0661],[-90.8698,29.0988],[-90.8691,29.1183],[-90.9524,29.1833],[-91.0083,29.1743],[-91.0383,29.2104],[-91.0647,29.1841],[-91.1299,29.2207],[-91.2152,29.227],[-91.2883,29.2557],[-91.3398,29.3098],[-91.2918,29.3114],[-91.2655,29.361],[-91.237,29.3713],[-91.2382,29.3506],[-91.1993,29.3051],[-91.1628,29.3213],[-91.1766,29.2711],[-91.1545,29.255],[-91.1655,29.2538],[-91.1723,29.2408],[-91.1678,29.2344],[-91.1184,29.2555],[-91.1329,29.2814],[-91.1189,29.3062],[-91.1263,29.3334],[-91.2196,29.3971],[-91.2178,29.4353],[-91.2565,29.445],[-91.2664,29.4761],[-91.3396,29.4905],[-91.3563,29.5151],[-91.4147,29.5137],[-91.4343,29.5434],[-91.5414,29.5263],[-91.5255,29.5519],[-91.5546,29.6358],[-91.6475,29.6355],[-91.623,29.671],[-91.6279,29.7411],[-91.7529,29.7498],[-91.8583,29.7061],[-91.8808,29.7108],[-91.8544,29.7347],[-91.8792,29.7566],[-91.8517,29.7918],[-91.8391,29.7736],[-91.826,29.7824],[-91.8308,29.8293],[-91.8891,29.836],[-91.9375,29.8168],[-91.971,29.8343],[-91.9829,29.7962],[-92.0836,29.7591],[-92.1444,29.7164],[-92.1236,29.7535],[-92.1319,29.7658],[-92.1573,29.7529],[-92.1733,29.7613],[-92.1711,29.7398],[-92.2033,29.7534],[-92.2001,29.7257],[-92.1691,29.7002],[-92.1039,29.6991],[-92.1366,29.6675],[-92.1058,29.6118],[-92.0346,29.6315],[-92.0089,29.6129],[-92.0381,29.6182],[-92.0707,29.6],[-92.0456,29.5851],[-92.1454,29.5865],[-92.2555,29.5402],[-92.3235,29.5315],[-92.5575,29.5761],[-92.5615,29.5896],[-92.5758,29.5838],[-92.5668,29.5772],[-92.6607,29.5961],[-92.9818,29.7215],[-93.2134,29.7756],[-93.4929,29.7687],[-93.682,29.7464],[-93.78,29.7232],[-93.838,29.6906],[-93.9265,29.7896],[-93.928,29.8096],[-93.8384,29.8829],[-93.7869,29.9906],[-93.7421,30.0208],[-93.7173,30.0657],[-93.6994,30.0592],[-93.7341,30.0861],[-93.6886,30.1404],[-93.7065,30.1474],[-93.7055,30.1929],[-93.7178,30.194],[-93.7046,30.2899],[-93.7439,30.304],[-93.7658,30.3333],[-93.7517,30.361],[-93.7577,30.3904],[-93.7268,30.4297],[-93.6978,30.4406],[-93.7174,30.4838],[-93.7065,30.5099],[-93.7403,30.5396],[-93.7219,30.5803],[-93.6787,30.5941],[-93.6831,30.6408],[-93.6299,30.6799],[-93.6095,30.7231],[-93.6144,30.7599],[-93.5921,30.7637],[-93.5838,30.8018],[-93.5546,30.8232],[-93.5741,30.8845],[-93.526,30.9375],[-93.5318,30.9582],[-93.5728,30.9707],[-93.5643,30.9896],[-93.5782,31.0],[-93.5083,31.0324],[-93.5312,31.0517],[-93.5189,31.0619],[-93.5277,31.0746],[-93.5635,31.094],[-93.5397,31.1144],[-93.5487,31.1558],[-93.5333,31.1845],[-93.5885,31.1656],[-93.6073,31.2054],[-93.5966,31.2297],[-93.618,31.2325],[-93.6203,31.271],[-93.6415,31.2699],[-93.6869,31.3052],[-93.6684,31.353],[-93.6393,31.3715],[-93.6701,31.3657],[-93.6741,31.3977],[-93.7049,31.4109],[-93.6925,31.4382],[-93.7089,31.4417],[-93.7039,31.4555],[-93.7495,31.4687],[-93.7519,31.4831],[-93.7116,31.5128],[-93.7422,31.5155],[-93.7477,31.5307],[-93.7877,31.5273],[-93.8349,31.5862],[-93.8381,31.6068],[-93.8168,31.6225],[-93.8265,31.6669],[-93.7945,31.7021],[-93.8163,31.7075],[-93.8135,31.7259],[-93.8361,31.7485],[-93.8234,31.7751],[-93.8733,31.8149],[-93.8808,31.8648],[-93.9025,31.8753],[-93.8974,31.8944],[-93.9267,31.8883],[-93.9233,31.9078],[-93.9739,31.9217],[-94.0173,31.9893],[-94.0418,31.9924]]]]}},{"type":"Feature","properties":{"STATEFP":"42","STUSPS":"PA","NAME":"Pennsylvania"},"geometry":{"type":"Polygon","coordinates":[[[-80.5193,39.7214],[-80.5194,41.9772],[-80.1881,42.0943],[-80.1043,42.1701],[-80.0662,42.1719],[-80.0783,42.1516],[-80.0611,42.1449],[-79.762,42.2699],[-79.7614,41.9991],[-75.3596,41.9994],[-75.3128,41.9502],[-75.2937,41.9546],[-75.2791,41.9389],[-75.2605,41.8638],[-75.1853,41.8599],[-75.1706,41.8716],[-75.1615,41.8498],[-75.1156,41.8446],[-75.1133,41.8228],[-75.0722,41.8137],[-75.1046,41.7742],[-75.0534,41.7525],[-75.0499,41.7133],[-75.0688,41.7082],[-75.0527,41.6884],[-75.0442,41.618],[-75.0746,41.6057],[-75.0185,41.5518],[-75.0248,41.5351],[-75.0032,41.5081],[-74.9844,41.5066],[-74.9833,41.4809],[-74.9125,41.4756],[-74.8904,41.4553],[-74.8939,41.4389],[-74.8586,41.4444],[-74.8307,41.4305],[-74.8076,41.4428],[-74.7904,41.4217],[-74.7385,41.4306],[-74.7386,41.4012],[-74.6895,41.3638],[-74.795,41.3204],[-74.8572,41.249],[-74.8821,41.1808],[-74.9917,41.0923],[-74.9684,41.0878],[-75.0131,41.0665],[-75.0271,41.0395],[-75.1306,40.9911],[-75.1338,40.971],[-75.051,40.8657],[-75.066,40.8476],[-75.0958,40.8471],[-75.0839,40.8245],[-75.1085,40.7911],[-75.1344,40.7738],[-75.1716,40.7777],[-75.1965,40.7516],[-75.1821,40.7315],[-75.2039,40.6915],[-75.1768,40.6757],[-75.2005,40.6492],[-75.1924,40.5743],[-75.1173,40.5732],[-75.0686,40.5422],[-75.0588,40.4181],[-74.9681,40.3991],[-74.9397,40.338],[-74.8682,40.2952],[-74.8423,40.2505],[-74.7717,40.2153],[-74.7244,40.1464],[-74.7821,40.1208],[-74.8225,40.1268],[-74.8621,40.0833],[-74.9326,40.0688],[-75.0471,40.0099],[-75.0756,39.978],[-75.1269,39.9611],[-75.1437,39.885],[-75.2434,39.8546],[-75.3418,39.8461],[-75.4151,39.8019],[-75.5184,39.8363],[-75.6347,39.8302],[-75.717,39.792],[-75.7738,39.7222],[-80.5193,39.7214]]]}},{"type":"Feature","properties":{"STATEFP":"44","STUSPS":"RI","NAME":"Rhode Island"},"geometry":{"type":"MultiPolygon","coordinates":[[[[-71.2853,41.6369],[-71.2782,41.6473],[-71.2721,41.6371],[-71.2853,41.6369]]],[[[-71.3008,41.5806],[-71.2986,41.5849],[-71.2972,41.5798],[-71.3008,41.5806]]],[[[-71.3256,41.4521],[-71.3263,41.4547],[-71.3243,41.4539],[-71.3256,41.4521]]],[[[-71.329,41.4871],[-71.3254,41.4876],[-71.3278,41.483],[-71.329,41.4871]]],[[[-71.3431,41.4949],[-71.3413,41.5005],[-71.3387,41.4949],[-71.3431,41.4949]]],[[[-71.3459,41.5296],[-71.3431,41.5358],[-71.3426,41.529],[-71.3459,41.5296]]],[[[-71.3538,41.6475],[-71.3448,41.667],[-71.3324,41.6438],[-71.3437,41.6399],[-71.3081,41.6262],[-71.3167,41.5831],[-71.3359,41.5859],[-71.3256,41.6241],[-71.3538,41.6475]]],[[[-71.3629,41.4617],[-71.3364,41.482],[-71.336,41.4696],[-71.3165,41.4776],[-71.328,41.5188],[-71.3113,41.5226],[-71.2719,41.624],[-71.2203,41.6556],[-71.2118,41.6391],[-71.1956,41.6751],[-71.1329,41.6601],[-71.1409,41.6074],[-71.1206,41.4974],[-71.194,41.4564],[-71.1902,41.4843],[-71.221,41.5609],[-71.2098,41.5587],[-71.2037,41.5961],[-71.2193,41.6255],[-71.2407,41.6192],[-71.228,41.5283],[-71.248,41.4903],[-71.2404,41.4761],[-71.2855,41.489],[-71.3102,41.4511],[-71.3238,41.4601],[-71.3536,41.4498],[-71.3629,41.4617]]],[[[-71.36,41.6499],[-71.3607,41.6611],[-71.3534,41.6579],[-71.36,41.6499]]],[[[-71.3648,41.6014],[-71.3673,41.606],[-71.3634,41.6067],[-71.3648,41.6014]]],[[[-71.3996,41.4486],[-71.3994,41.493],[-71.3789,41.5049],[-71.3921,41.5245],[-71.3702,41.574],[-71.3543,41.4789],[-71.3751,41.4738],[-71.3862,41.4877],[-71.3816,41.4681],[-71.3996,41.4486]]],[[[-71.3963,41.5037],[-71.4036,41.5046],[-71.3974,41.5062],[-71.3963,41.5037]]],[[[-71.6131,41.1603],[-71.5777,41.2312],[-71.5625,41.2242],[-71.5663,41.1843],[-71.5471,41.1537],[-71.6,41.1469],[-71.6131,41.1603]]],[[[-71.8627,41.3109],[-71.8294,41.3424],[-71.8426,41.4099],[-71.7977,41.4167],[-71.787,41.656],[-71.7992,42.0081],[-71.3814,42.0188],[-71.3817,41.8932],[-71.3387,41.8984],[-71.3407,41.7983],[-71.2614,41.7523],[-71.2248,41.7105],[-71.2458,41.6972],[-71.2384,41.6656],[-71.2632,41.643],[-71.2855,41.6824],[-71.3014,41.65],[-71.2912,41.7027],[-71.3071,41.7216],[-71.3395,41.7248],[-71.3651,41.7775],[-71.3906,41.7837],[-71.3811,41.7273],[-71.3573,41.7166],[-71.3779,41.6666],[-71.3906,41.6841],[-71.4502,41.6865],[-71.4435,41.663],[-71.4086,41.6632],[-71.4024,41.6156],[-71.4169,41.6049],[-71.4038,41.5893],[-71.4464,41.5832],[-71.4155,41.5299],[-71.4184,41.4727],[-71.4558,41.433],[-71.453,41.4097],[-71.4809,41.3602],[-71.5516,41.3744],[-71.8627,41.3109]]]]}},{"type":"Feature","properties":{"STATEFP":"23","STUSPS":"ME","NAME":"Maine"},"geometry":{"type":"MultiPolygon","coordinates":[[[[-67.3226,44.6116],[-67.3014,44.6236],[-67.261,44.6087],[-67.308,44.5972],[-67.3226,44.6116]]],[[[-67.3313,44.6527],[-67.3272,44.6513],[-67.3344,44.6485],[-67.3313,44.6527]]],[[[-67.3339,44.6779],[-67.333,44.6828],[-67.3301,44.6839],[-67.3339,44.6779]]],[[[-67.3539,44.6411],[-67.3544,44.6446],[-67.3522,44.6448],[-67.3539,44.6411]]],[[[-67.3553,44.5762],[-67.3556,44.5837],[-67.3506,44.5842],[-67.3553,44.5762]]],[[[-67.3567,44.6468],[-67.361,44.6521],[-67.3567,44.6539],[-67.3567,44.6468]]],[[[-67.3672,44.5674],[-67.3625,44.5739],[-67.3614,44.5731],[-67.3672,44.5674]]],[[[-67.356,44.6636],[-67.3641,44.6676],[-67.3503,44.6693],[-67.356,44.6636]]],[[[-67.3667,44.5997],[-67.3727,44.5986],[-67.3686,44.6019],[-67.3667,44.5997]]],[[[-67.3903,44.5957],[-67.3884,44.6032],[-67.3836,44.6017],[-67.3903,44.5957]]],[[[-67.3959,44.5725],[-67.3943,44.5764],[-67.3922,44.5744],[-67.3959,44.5725]]],[[[-67.3961,44.5832],[-67.3934,44.5896],[-67.3926,44.5849],[-67.3961,44.5832]]],[[[-67.408,44.569],[-67.4036,44.5751],[-67.4062,44.568],[-67.408,44.569]]],[[[-67.4278,44.5953],[-67.4269,44.5988],[-67.4262,44.5974],[-67.4278,44.5953]]],[[[-67.4352,44.5556],[-67.4334,44.5589],[-67.4316,44.5573],[-67.4352,44.5556]]],[[[-67.4606,44.5697],[-67.4577,44.5755],[-67.4537,44.5724],[-67.4606,44.5697]]],[[[-67.4742,44.5666],[-67.4714,44.5691],[-67.4696,44.568],[-67.4742,44.5666]]],[[[-67.4816,44.5601],[-67.481,44.565],[-67.4784,44.5651],[-67.4816,44.5601]]],[[[-67.4915,44.6017],[-67.4903,44.6044],[-67.4865,44.6001],[-67.4915,44.6017]]],[[[-67.5039,44.6171],[-67.5043,44.6228],[-67.4977,44.6215],[-67.5039,44.6171]]],[[[-67.5338,44.5292],[-67.533,44.5329],[-67.5292,44.532],[-67.5338,44.5292]]],[[[-67.5416,44.5893],[-67.5231,44.5842],[-67.5142,44.5977],[-67.4815,44.5804],[-67.52,44.5797],[-67.4891,44.5597],[-67.5184,44.5542],[-67.5416,44.5893]]],[[[-67.5638,44.5105],[-67.5347,44.5196],[-67.5106,44.4964],[-67.539,44.4721],[-67.5638,44.5105]]],[[[-67.6,44.4418],[-67.6018,44.4447],[-67.5956,44.4441],[-67.6,44.4418]]],[[[-67.6142,44.4488],[-67.6056,44.4459],[-67.6087,44.4436],[-67.6142,44.4488]]],[[[-67.6213,44.5078],[-67.618,44.5216],[-67.5992,44.5226],[-67.6027,44.509],[-67.5773,44.5217],[-67.5906,44.4941],[-67.5627,44.4721],[-67.5666,44.4558],[-67.5892,44.4473],[-67.6147,44.487],[-67.6049,44.5021],[-67.6213,44.5078]]],[[[-67.6184,44.4602],[-67.6165,44.4634],[-67.6158,44.4614],[-67.6184,44.4602]]],[[[-67.6315,44.4877],[-67.6329,44.4992],[-67.6296,44.4987],[-67.6315,44.4877]]],[[[-67.6451,44.5046],[-67.6448,44.5175],[-67.6256,44.5133],[-67.6451,44.5046]]],[[[-67.661,44.5116],[-67.6593,44.516],[-67.6586,44.5131],[-67.661,44.5116]]],[[[-67.6652,44.5217],[-67.665,44.5315],[-67.6586,44.5308],[-67.6652,44.5217]]],[[[-67.6719,44.4878],[-67.6643,44.4951],[-67.6629,44.4944],[-67.6719,44.4878]]],[[[-67.6752,44.4661],[-67.6726,44.4733],[-67.6738,44.4655],[-67.6752,44.4661]]],[[[-67.6695,44.4606],[-67.6699,44.4635],[-67.6686,44.4627],[-67.6695,44.4606]]],[[[-67.6732,44.4759],[-67.6738,44.4817],[-67.6639,44.4848],[-67.6732,44.4759]]],[[[-67.6986,44.4851],[-67.693,44.4864],[-67.6927,44.4836],[-67.6986,44.4851]]],[[[-67.7068,44.4569],[-67.7044,44.4606],[-67.7049,44.4581],[-67.7068,44.4569]]],[[[-67.7377,44.463],[-67.7342,44.4693],[-67.7332,44.4652],[-67.7377,44.463]]],[[[-67.7451,44.4623],[-67.743,44.4652],[-67.7432,44.4635],[-67.7451,44.4623]]],[[[-67.7515,44.4948],[-67.7567,44.4978],[-67.753,44.5051],[-67.7515,44.4948]]],[[[-67.7622,44.5293],[-67.7596,44.533],[-67.7589,44.5313],[-67.7622,44.5293]]],[[[-67.7674,44.5344],[-67.7634,44.5384],[-67.7613,44.5374],[-67.7674,44.5344]]],[[[-67.7922,44.4808],[-67.7798,44.4771],[-67.789,44.4724],[-67.7922,44.4808]]],[[[-67.8043,44.5139],[-67.804,44.5191],[-67.8024,44.5129],[-67.8043,44.5139]]],[[[-67.8195,44.5106],[-67.7912,44.4939],[-67.7967,44.4828],[-67.8062,44.4859],[-67.8195,44.5106]]],[[[-67.8217,44.4422],[-67.8241,44.4456],[-67.8211,44.4454],[-67.8217,44.4422]]],[[[-67.8328,44.52],[-67.8257,44.5408],[-67.8242,44.5176],[-67.8328,44.52]]],[[[-67.8321,44.4796],[-67.8261,44.4906],[-67.8226,44.4873],[-67.8321,44.4796]]],[[[-67.8259,44.545],[-67.8361,44.5522],[-67.8259,44.5495],[-67.8259,44.545]]],[[[-67.8385,44.4509],[-67.834,44.4609],[-67.8327,44.4532],[-67.8385,44.4509]]],[[[-67.854,44.4481],[-67.8499,44.453],[-67.8452,44.4498],[-67.854,44.4481]]],[[[-67.866,44.3663],[-67.8713,44.3747],[-67.8644,44.3668],[-67.866,44.3663]]],[[[-67.8756,44.4457],[-67.863,44.4545],[-67.8551,44.4187],[-67.8689,44.4204],[-67.8756,44.4457]]],[[[-68.0344,44.3278],[-68.0291,44.336],[-68.0315,44.3251],[-68.0344,44.3278]]],[[[-68.1033,44.3582],[-68.0971,44.362],[-68.0947,44.3514],[-68.1033,44.3582]]],[[[-68.1382,44.4174],[-68.1261,44.4185],[-68.1178,44.4095],[-68.128,44.4067],[-68.1382,44.4174]]],[[[-68.1339,44.4274],[-68.1347,44.4501],[-68.1249,44.4454],[-68.1339,44.4274]]],[[[-68.1339,44.3793],[-68.1478,44.3924],[-68.1294,44.4048],[-68.1339,44.3793]]],[[[-68.1518,44.4583],[-68.1541,44.465],[-68.1456,44.4574],[-68.1518,44.4583]]],[[[-68.1658,44.4004],[-68.1594,44.4121],[-68.1546,44.4134],[-68.1658,44.4004]]],[[[-68.1765,44.4026],[-68.1784,44.4073],[-68.1758,44.4056],[-68.1765,44.4026]]],[[[-68.182,44.3853],[-68.1787,44.3884],[-68.1779,44.3864],[-68.182,44.3853]]],[[[-68.1917,44.4674],[-68.1739,44.4672],[-68.1663,44.463],[-68.1917,44.4674]]],[[[-68.1917,44.3988],[-68.1948,44.4016],[-68.1909,44.4012],[-68.1917,44.3988]]],[[[-68.199,44.2367],[-68.1977,44.2463],[-68.1931,44.239],[-68.199,44.2367]]],[[[-68.2064,44.493],[-68.201,44.494],[-68.1998,44.4917],[-68.2064,44.493]]],[[[-68.2098,44.4739],[-68.2045,44.4774],[-68.2038,44.475],[-68.2098,44.4739]]],[[[-68.211,44.3968],[-68.2026,44.4004],[-68.2022,44.3974],[-68.211,44.3968]]],[[[-68.241,44.2528],[-68.2353,44.2663],[-68.2114,44.2569],[-68.2314,44.2561],[-68.241,44.2528]]],[[[-68.2455,44.1702],[-68.242,44.1767],[-68.2392,44.1746],[-68.2455,44.1702]]],[[[-68.2498,44.144],[-68.2423,44.1574],[-68.2436,44.1428],[-68.2498,44.144]]],[[[-68.2632,44.2703],[-68.2483,44.277],[-68.2457,44.2742],[-68.2632,44.2703]]],[[[-68.2706,44.2833],[-68.2656,44.285],[-68.2661,44.2827],[-68.2706,44.2833]]],[[[-68.2747,44.2587],[-68.2506,44.2576],[-68.2431,44.241],[-68.2744,44.2371],[-68.2747,44.2587]]],[[[-68.3029,44.277],[-68.2934,44.2787],[-68.291,44.2759],[-68.3029,44.277]]],[[[-68.3364,44.1903],[-68.3334,44.2087],[-68.3143,44.1976],[-68.3364,44.1903]]],[[[-68.3417,44.4286],[-68.3372,44.4357],[-68.3345,44.4326],[-68.3417,44.4286]]],[[[-68.3488,44.1674],[-68.3483,44.1864],[-68.3348,44.1768],[-68.3488,44.1674]]],[[[-68.3642,44.1242],[-68.3634,44.1275],[-68.3615,44.1274],[-68.3642,44.1242]]],[[[-68.3719,44.1379],[-68.3697,44.1454],[-68.3685,44.1391],[-68.3719,44.1379]]],[[[-68.3754,44.1163],[-68.3504,44.1284],[-68.3305,44.1092],[-68.3667,44.0974],[-68.3754,44.1163]]],[[[-68.3704,44.1802],[-68.3603,44.1988],[-68.3498,44.1954],[-68.3704,44.1802]]],[[[-68.3834,44.1418],[-68.3771,44.1448],[-68.3809,44.1391],[-68.3834,44.1418]]],[[[-68.3906,44.4033],[-68.3892,44.4133],[-68.3842,44.4063],[-68.3906,44.4033]]],[[[-68.4037,44.1077],[-68.4046,44.1114],[-68.4013,44.1113],[-68.4037,44.1077]]],[[[-68.4366,44.2919],[-68.4301,44.2882],[-68.4321,44.2859],[-68.4366,44.2919]]],[[[-68.4558,44.2998],[-68.4482,44.312],[-68.4489,44.2975],[-68.4558,44.2998]]],[[[-68.4569,44.3443],[-68.4501,44.3573],[-68.4208,44.3752],[-68.4318,44.3242],[-68.4569,44.3443]]],[[[-68.4584,44.2542],[-68.455,44.2589],[-68.4534,44.2562],[-68.4584,44.2542]]],[[[-68.4698,44.2131],[-68.4679,44.2162],[-68.465,44.2099],[-68.4698,44.2131]]],[[[-68.4592,44.1977],[-68.4648,44.207],[-68.4538,44.2017],[-68.4592,44.1977]]],[[[-68.473,44.0982],[-68.4727,44.103],[-68.4698,44.1014],[-68.473,44.0982]]],[[[-68.4795,44.2198],[-68.476,44.2312],[-68.4676,44.2247],[-68.4795,44.2198]]],[[[-68.4907,44.2027],[-68.4814,44.2169],[-68.4712,44.2073],[-68.4783,44.1981],[-68.4907,44.2027]]],[[[-68.4933,44.2826],[-68.4693,44.2705],[-68.4688,44.2635],[-68.4866,44.2691],[-68.4933,44.2826]]],[[[-68.5038,44.1456],[-68.4978,44.1431],[-68.501,44.1416],[-68.5038,44.1456]]],[[[-68.5012,44.154],[-68.4515,44.1916],[-68.4482,44.1729],[-68.4218,44.1749],[-68.4244,44.1908],[-68.3833,44.1558],[-68.4385,44.1162],[-68.4558,44.1603],[-68.484,44.1426],[-68.5012,44.154]]],[[[-68.5187,44.1132],[-68.507,44.1272],[-68.4909,44.1234],[-68.5036,44.0966],[-68.5187,44.1132]]],[[[-68.5304,44.3336],[-68.5186,44.381],[-68.5014,44.3823],[-68.4788,44.3196],[-68.4914,44.3118],[-68.5304,44.3336]]],[[[-68.5449,44.2203],[-68.5499,44.2284],[-68.5283,44.2252],[-68.5449,44.2203]]],[[[-68.5592,44.0406],[-68.555,44.0492],[-68.556,44.0395],[-68.5592,44.0406]]],[[[-68.5646,44.2119],[-68.5679,44.2177],[-68.5596,44.2131],[-68.5646,44.2119]]],[[[-68.5765,44.0952],[-68.5757,44.1015],[-68.5713,44.1],[-68.5765,44.0952]]],[[[-68.5851,44.1425],[-68.5825,44.1495],[-68.5787,44.1482],[-68.5851,44.1425]]],[[[-68.5872,44.2264],[-68.5815,44.2324],[-68.576,44.2293],[-68.5872,44.2264]]],[[[-68.5906,44.0587],[-68.5881,44.0723],[-68.5841,44.0716],[-68.5906,44.0587]]],[[[-68.595,44.1423],[-68.5953,44.1464],[-68.5934,44.1452],[-68.595,44.1423]]],[[[-68.6069,44.176],[-68.5967,44.1776],[-68.5968,44.1756],[-68.6069,44.176]]],[[[-68.6055,44.1355],[-68.6024,44.1421],[-68.6015,44.1387],[-68.6055,44.1355]]],[[[-68.6176,44.1454],[-68.6133,44.1576],[-68.6096,44.1482],[-68.6176,44.1454]]],[[[-68.6236,44.1406],[-68.6176,44.1423],[-68.6171,44.1367],[-68.6236,44.1406]]],[[[-68.619,44.1195],[-68.6188,44.1303],[-68.6081,44.1286],[-68.619,44.1195]]],[[[-68.6345,44.1361],[-68.6269,44.1353],[-68.6269,44.1338],[-68.6345,44.1361]]],[[[-68.6338,44.145],[-68.6309,44.1529],[-68.6238,44.1479],[-68.6338,44.145]]],[[[-68.6398,44.1236],[-68.6338,44.13],[-68.6297,44.1288],[-68.6398,44.1236]]],[[[-68.6445,44.131],[-68.6447,44.136],[-68.6412,44.1355],[-68.6445,44.131]]],[[[-68.644,44.1486],[-68.6478,44.152],[-68.6407,44.1527],[-68.644,44.1486]]],[[[-68.6526,44.1411],[-68.6485,44.1455],[-68.649,44.143],[-68.6526,44.1411]]],[[[-68.6516,44.1264],[-68.6514,44.1297],[-68.6504,44.1281],[-68.6516,44.1264]]],[[[-68.6588,44.1102],[-68.6412,44.1086],[-68.6372,44.0994],[-68.6513,44.1014],[-68.6588,44.1102]]],[[[-68.6711,44.0759],[-68.6086,44.0943],[-68.6017,44.0125],[-68.6278,44.0216],[-68.657,44.0038],[-68.6409,44.0506],[-68.6608,44.0479],[-68.6507,44.0651],[-68.6711,44.0759]]],[[[-68.686,44.2859],[-68.6834,44.2877],[-68.6834,44.2858],[-68.686,44.2859]]],[[[-68.6863,44.2721],[-68.6857,44.2771],[-68.6845,44.2724],[-68.6863,44.2721]]],[[[-68.7316,44.2227],[-68.6951,44.2356],[-68.6706,44.2799],[-68.6248,44.2587],[-68.5634,44.1942],[-68.601,44.192],[-68.5886,44.1978],[-68.6024,44.2104],[-68.6205,44.2002],[-68.6145,44.1809],[-68.668,44.1523],[-68.6662,44.135],[-68.7206,44.1668],[-68.7129,44.1965],[-68.7317,44.2022],[-68.7172,44.2128],[-68.7316,44.2227]]],[[[-68.7432,44.3015],[-68.7338,44.3086],[-68.6864,44.2839],[-68.702,44.271],[-68.7432,44.3015]]],[[[-68.7485,44.299],[-68.7475,44.3007],[-68.7477,44.2991],[-68.7485,44.299]]],[[[-68.7418,43.883],[-68.7437,43.8856],[-68.7317,43.8935],[-68.7418,43.883]]],[[[-68.754,44.2626],[-68.7393,44.269],[-68.7305,44.2627],[-68.754,44.2626]]],[[[-68.7607,44.2398],[-68.76,44.2477],[-68.7498,44.2429],[-68.7607,44.2398]]],[[[-68.7873,44.2114],[-68.7744,44.2194],[-68.7676,44.2173],[-68.78,44.201],[-68.7873,44.2114]]],[[[-68.7922,44.1368],[-68.7864,44.1441],[-68.7811,44.1449],[-68.7922,44.1368]]],[[[-68.7952,44.2805],[-68.7937,44.287],[-68.7852,44.2841],[-68.7952,44.2805]]],[[[-68.7971,44.2238],[-68.788,44.2348],[-68.7812,44.2263],[-68.7971,44.2238]]],[[[-68.8025,44.1374],[-68.8009,44.1441],[-68.7914,44.147],[-68.8025,44.1374]]],[[[-68.8135,44.2947],[-68.8044,44.2935],[-68.8004,44.2887],[-68.8135,44.2947]]],[[[-68.8192,44.2904],[-68.8228,44.2931],[-68.8175,44.2933],[-68.8192,44.2904]]],[[[-68.808,44.1373],[-68.8239,44.1396],[-68.8056,44.1429],[-68.808,44.1373]]],[[[-68.8265,43.8477],[-68.8158,43.8616],[-68.8112,43.8602],[-68.8097,43.8569],[-68.8265,43.8477]]],[[[-68.8239,44.2571],[-68.8244,44.2622],[-68.8163,44.2584],[-68.8239,44.2571]]],[[[-68.8223,44.2182],[-68.826,44.2202],[-68.8249,44.2261],[-68.8223,44.2182]]],[[[-68.8314,44.2337],[-68.8234,44.2423],[-68.8156,44.2378],[-68.8187,44.2264],[-68.8314,44.2337]]],[[[-68.8523,44.2287],[-68.8492,44.2361],[-68.8482,44.2293],[-68.8523,44.2287]]],[[[-68.8601,44.2559],[-68.8602,44.2609],[-68.8589,44.2606],[-68.8601,44.2559]]],[[[-68.8914,44.0299],[-68.8891,44.0394],[-68.8843,44.0308],[-68.8914,44.0299]]],[[[-68.8991,43.8219],[-68.8911,43.8355],[-68.8762,43.8366],[-68.8867,43.8222],[-68.8991,43.8219]]],[[[-68.9059,43.8538],[-68.8962,43.873],[-68.8817,43.8686],[-68.8788,43.8583],[-68.9059,43.8538]]],[[[-68.9085,44.0581],[-68.8943,44.0649],[-68.8952,44.0493],[-68.9085,44.0581]]],[[[-68.9118,44.0964],[-68.899,44.1234],[-68.8636,44.1193],[-68.866,44.1007],[-68.8396,44.132],[-68.8372,44.1166],[-68.8061,44.1168],[-68.7745,44.0644],[-68.8066,44.0353],[-68.8441,44.0405],[-68.8628,44.025],[-68.8798,44.0751],[-68.8955,44.0869],[-68.8957,44.0683],[-68.9118,44.0964]]],[[[-68.9121,44.0415],[-68.9104,44.0531],[-68.9063,44.0449],[-68.9121,44.0415]]],[[[-68.9423,44.2844],[-68.9026,44.3245],[-68.918,44.3245],[-68.9116,44.365],[-68.8801,44.3931],[-68.8604,44.3649],[-68.8973,44.3266],[-68.8864,44.3044],[-68.9302,44.231],[-68.9216,44.2723],[-68.9273,44.29],[-68.9423,44.2844]]],[[[-68.9443,44.1127],[-68.9159,44.149],[-68.8461,44.1844],[-68.8247,44.1861],[-68.8021,44.1506],[-68.8622,44.14],[-68.8582,44.1262],[-68.9035,44.1274],[-68.8753,44.1424],[-68.8881,44.1449],[-68.9443,44.1127]]],[[[-68.9519,44.2196],[-68.9404,44.2449],[-68.9318,44.2486],[-68.9397,44.2265],[-68.9519,44.2196]]],[[[-68.9587,44.1921],[-68.9644,44.2008],[-68.9535,44.2083],[-68.9587,44.1921]]],[[[-68.9656,44.2554],[-68.9481,44.2777],[-68.9333,44.2728],[-68.9459,44.2483],[-68.9656,44.2554]]],[[[-68.9841,44.1721],[-68.9813,44.1769],[-68.9801,44.1726],[-68.9841,44.1721]]],[[[-69.0129,43.901],[-69.0078,43.9073],[-69.0048,43.9013],[-69.0129,43.901]]],[[[-69.0355,43.9114],[-69.0317,43.9169],[-69.0298,43.9153],[-69.0355,43.9114]]],[[[-69.0362,44.0744],[-69.0381,44.0858],[-69.032,44.0793],[-69.0362,44.0744]]],[[[-69.0481,44.0604],[-69.05,44.0689],[-69.0428,44.0682],[-69.0481,44.0604]]],[[[-69.0547,43.9929],[-69.049,44.0111],[-69.0426,44.007],[-69.0547,43.9929]]],[[[-69.0716,44.0048],[-69.0626,44.0149],[-69.0561,44.0122],[-69.0716,44.0048]]],[[[-69.0723,44.0366],[-69.0714,44.0429],[-69.0668,44.0405],[-69.0723,44.0366]]],[[[-69.0785,43.973],[-69.0775,43.9841],[-69.0725,43.9787],[-69.0785,43.973]]],[[[-69.0961,43.984],[-69.0666,43.997],[-69.0654,43.9944],[-69.0696,43.9859],[-69.0961,43.984]]],[[[-69.1325,43.8713],[-69.1279,43.895],[-69.1189,43.8983],[-69.1206,43.8717],[-69.1325,43.8713]]],[[[-69.2202,43.9149],[-69.2225,43.9254],[-69.2129,43.9214],[-69.2202,43.9149]]],[[[-69.2954,43.8626],[-69.2835,43.8737],[-69.2825,43.8646],[-69.2954,43.8626]]],[[[-69.2993,43.9329],[-69.293,43.9424],[-69.2859,43.9314],[-69.2993,43.9329]]],[[[-69.3155,43.9136],[-69.3074,43.9181],[-69.3099,43.9063],[-69.3155,43.9136]]],[[[-69.3137,43.8912],[-69.3141,43.9023],[-69.308,43.891],[-69.3137,43.8912]]],[[[-69.3235,43.8606],[-69.3186,43.8797],[-69.3059,43.8774],[-69.3108,43.8595],[-69.3235,43.8606]]],[[[-69.3143,43.7567],[-69.3136,43.7728],[-69.3004,43.7721],[-69.3143,43.7567]]],[[[-69.3465,43.9225],[-69.3431,43.9349],[-69.3406,43.9338],[-69.3465,43.9225]]],[[[-69.3835,43.8957],[-69.3796,43.9139],[-69.3709,43.9127],[-69.3835,43.8957]]],[[[-69.3915,43.9577],[-69.3948,43.9649],[-69.3873,43.9672],[-69.3915,43.9577]]],[[[-69.4289,43.9165],[-69.422,43.923],[-69.4273,43.9123],[-69.4289,43.9165]]],[[[-69.4419,43.9163],[-69.4394,43.9391],[-69.433,43.9521],[-69.4201,43.9359],[-69.4419,43.9163]]],[[[-69.5882,43.7705],[-69.5829,43.7791],[-69.5815,43.7719],[-69.5882,43.7705]]],[[[-69.5996,43.7907],[-69.5996,43.8033],[-69.5939,43.8041],[-69.5996,43.7907]]],[[[-69.614,43.7511],[-69.6108,43.7789],[-69.6053,43.7803],[-69.614,43.7511]]],[[[-69.6267,43.8052],[-69.633,43.8126],[-69.6288,43.8137],[-69.6267,43.8052]]],[[[-69.76,43.7056],[-69.7543,43.71],[-69.7572,43.7033],[-69.76,43.7056]]],[[[-69.939,43.7238],[-69.9373,43.7308],[-69.9312,43.7241],[-69.939,43.7238]]],[[[-69.9903,43.8319],[-69.9903,43.8425],[-69.9865,43.8436],[-69.9903,43.8319]]],[[[-70.0179,43.817],[-69.9998,43.8295],[-69.9968,43.8247],[-70.0094,43.8113],[-70.0179,43.817]]],[[[-70.0312,43.7147],[-70.0288,43.7264],[-70.021,43.7246],[-70.0312,43.7147]]],[[[-70.0424,43.7825],[-70.0338,43.8093],[-70.027,43.8091],[-70.0424,43.7825]]],[[[-70.0467,43.7202],[-70.0429,43.7283],[-70.04,43.7288],[-70.0467,43.7202]]],[[[-70.0613,43.7421],[-70.05,43.761],[-70.0448,43.7648],[-70.0613,43.7421]]],[[[-70.0533,43.7652],[-70.0602,43.7672],[-70.055,43.7707],[-70.0533,43.7652]]],[[[-70.0745,43.7799],[-70.0716,43.7875],[-70.0631,43.7876],[-70.0745,43.7799]]],[[[-70.07,43.7967],[-70.0709,43.8033],[-70.0666,43.8043],[-70.07,43.7967]]],[[[-70.0793,43.707],[-70.0788,43.7152],[-70.0721,43.719],[-70.0793,43.707]]],[[[-70.0842,43.7142],[-70.0837,43.7205],[-70.0797,43.7209],[-70.0842,43.7142]]],[[[-70.0895,43.7264],[-70.0904,43.7313],[-70.0864,43.7324],[-70.0895,43.7264]]],[[[-70.096,43.6723],[-70.0928,43.6878],[-70.0873,43.691],[-70.096,43.6723]]],[[[-70.1146,43.7806],[-70.096,43.7884],[-70.0897,43.7852],[-70.102,43.7768],[-70.1146,43.7806]]],[[[-70.1182,43.6864],[-70.1007,43.706],[-70.0931,43.7105],[-70.0937,43.6918],[-70.1182,43.6864]]],[[[-70.1223,43.7001],[-70.1187,43.7078],[-70.1118,43.71],[-70.1223,43.7001]]],[[[-70.1249,43.7908],[-70.1234,43.7939],[-70.1222,43.7938],[-70.1249,43.7908]]],[[[-70.1381,43.7276],[-70.1258,43.7455],[-70.0961,43.7572],[-70.1207,43.7126],[-70.1381,43.7276]]],[[[-70.1467,43.7089],[-70.149,43.7146],[-70.1445,43.7135],[-70.1467,43.7089]]],[[[-70.1603,43.7497],[-70.1455,43.7758],[-70.1265,43.7796],[-70.1339,43.764],[-70.1154,43.7647],[-70.1603,43.7497]]],[[[-70.1736,43.6837],[-70.1406,43.7076],[-70.1337,43.7023],[-70.1517,43.6817],[-70.1736,43.6837]]],[[[-70.1798,43.7392],[-70.1843,43.7425],[-70.1767,43.7454],[-70.1798,43.7392]]],[[[-70.1971,43.7112],[-70.1905,43.7222],[-70.1867,43.7233],[-70.1971,43.7112]]],[[[-70.2012,43.6519],[-70.2007,43.663],[-70.1831,43.6752],[-70.1796,43.6554],[-70.2012,43.6519]]],[[[-70.2059,43.6336],[-70.2034,43.6472],[-70.1907,43.6456],[-70.2059,43.6336]]],[[[-70.2139,43.6662],[-70.2019,43.6855],[-70.1821,43.6949],[-70.1931,43.6734],[-70.2139,43.6662]]],[[[-70.238,43.5473],[-70.2244,43.5472],[-70.2455,43.5396],[-70.238,43.5473]]],[[[-70.6078,42.9778],[-70.6124,42.9918],[-70.6013,42.9811],[-70.6078,42.9778]]],[[[-71.08,45.307],[-71.0091,45.319],[-71.0108,45.3473],[-70.9856,45.3322],[-70.9524,45.3391],[-70.9179,45.3119],[-70.9217,45.2794],[-70.8969,45.242],[-70.857,45.2292],[-70.8375,45.235],[-70.8493,45.2564],[-70.8355,45.2938],[-70.8086,45.3116],[-70.8198,45.3401],[-70.8027,45.3666],[-70.826,45.3984],[-70.798,45.4267],[-70.754,45.4278],[-70.7123,45.3906],[-70.6347,45.3836],[-70.6275,45.4216],[-70.6812,45.4522],[-70.7228,45.5128],[-70.6772,45.5522],[-70.6877,45.5694],[-70.5584,45.6667],[-70.5268,45.6665],[-70.466,45.7063],[-70.4004,45.7198],[-70.3836,45.7349],[-70.4177,45.7946],[-70.3424,45.8522],[-70.2591,45.8908],[-70.2633,45.9238],[-70.2402,45.9437],[-70.2762,45.9669],[-70.3169,45.9635],[-70.2846,45.9954],[-70.3176,46.0195],[-70.2783,46.057],[-70.309,46.0625],[-70.3011,46.0833],[-70.2855,46.1001],[-70.2524,46.1006],[-70.2367,46.1449],[-70.2927,46.1916],[-70.2313,46.2912],[-70.2057,46.2999],[-70.2087,46.329],[-70.1915,46.35],[-70.1297,46.3694],[-70.0963,46.4094],[-70.057,46.4152],[-69.9971,46.6952],[-69.2244,47.4597],[-69.1225,47.4424],[-69.1078,47.4277],[-69.0427,47.4267],[-69.031,47.4091],[-69.0545,47.378],[-69.0503,47.2559],[-68.9001,47.1777],[-68.7179,47.2409],[-68.6124,47.2448],[-68.5786,47.2876],[-68.3787,47.2876],[-68.3843,47.3269],[-68.3616,47.3556],[-68.2346,47.355],[-68.1552,47.3254],[-68.1371,47.2961],[-67.9568,47.1992],[-67.8838,47.1058],[-67.7905,47.0679],[-67.7811,45.943],[-67.7504,45.9179],[-67.8039,45.8829],[-67.7551,45.8237],[-67.8066,45.7947],[-67.8063,45.7554],[-67.7819,45.7312],[-67.8098,45.7293],[-67.8031,45.6961],[-67.8179,45.6937],[-67.8033,45.6779],[-67.7304,45.6632],[-67.7181,45.668],[-67.7346,45.689],[-67.7095,45.6814],[-67.6458,45.6136],[-67.6389,45.6251],[-67.6085,45.6062],[-67.4994,45.587],[-67.4939,45.6012],[-67.4554,45.6047],[-67.4297,45.5838],[-67.421,45.55],[-67.435,45.5288],[-67.4165,45.5021],[-67.4629,45.5087],[-67.4644,45.4966],[-67.5038,45.4885],[-67.4726,45.4233],[-67.4187,45.3773],[-67.4606,45.3004],[-67.4893,45.2813],[-67.44,45.227],[-67.4289,45.1932],[-67.4003,45.1774],[-67.4046,45.1599],[-67.3456,45.1264],[-67.2962,45.148],[-67.2836,45.192],[-67.2273,45.1637],[-67.1579,45.161],[-67.0908,45.0687],[-67.1177,45.0567],[-67.096,45.0393],[-67.1062,45.0331],[-67.0821,45.0296],[-67.0335,44.9399],[-66.9845,44.9126],[-66.9948,44.8918],[-66.98,44.856],[-66.9965,44.8447],[-66.9824,44.8115],[-66.9499,44.8174],[-67.0197,44.7696],[-67.0689,44.769],[-67.0734,44.742],[-67.1041,44.7399],[-67.1044,44.7168],[-67.1545,44.6681],[-67.1866,44.6626],[-67.1894,44.6455],[-67.2343,44.6372],[-67.2408,44.6658],[-67.2728,44.6641],[-67.2695,44.6401],[-67.2464,44.6264],[-67.2873,44.624],[-67.2984,44.6544],[-67.3262,44.6567],[-67.3221,44.6739],[-67.3068,44.6629],[-67.3085,44.7075],[-67.3577,44.7038],[-67.3603,44.6872],[-67.3964,44.6933],[-67.405,44.6817],[-67.3758,44.6773],[-67.3881,44.668],[-67.362,44.6402],[-67.3776,44.6198],[-67.3915,44.6254],[-67.4055,44.5942],[-67.4273,44.6411],[-67.449,44.6355],[-67.4326,44.6069],[-67.4584,44.5967],[-67.491,44.6072],[-67.4936,44.6289],[-67.5058,44.6368],[-67.5326,44.6144],[-67.5434,44.6266],[-67.5751,44.5607],[-67.5647,44.5321],[-67.6881,44.5373],[-67.7131,44.4936],[-67.7434,44.4974],[-67.7548,44.5469],[-67.774,44.5474],[-67.7824,44.515],[-67.8025,44.5239],[-67.8045,44.5427],[-67.8478,44.563],[-67.8421,44.544],[-67.8656,44.5261],[-67.8516,44.4849],[-67.8687,44.465],[-67.8915,44.481],[-67.8772,44.4549],[-67.8986,44.3956],[-67.9169,44.4613],[-67.9359,44.4489],[-67.9377,44.4104],[-67.9704,44.4708],[-67.9928,44.4608],[-68.0275,44.4825],[-68.0146,44.454],[-67.9816,44.4491],[-67.9588,44.3988],[-67.9837,44.3844],[-68.0075,44.4131],[-68.0232,44.4082],[-68.0142,44.3859],[-68.0255,44.3566],[-68.0458,44.3579],[-68.0493,44.3307],[-68.0761,44.3479],[-68.0776,44.3885],[-68.0933,44.3902],[-68.093,44.3709],[-68.1123,44.4016],[-68.1213,44.4789],[-68.1618,44.5012],[-68.1672,44.4839],[-68.1544,44.4788],[-68.1946,44.4719],[-68.1805,44.475],[-68.2114,44.5201],[-68.2238,44.4655],[-68.2609,44.4881],[-68.268,44.4715],[-68.2941,44.4717],[-68.268,44.4613],[-68.2806,44.4516],[-68.355,44.4581],[-68.3657,44.4353],[-68.3379,44.4219],[-68.3189,44.4443],[-68.2474,44.4333],[-68.25,44.4148],[-68.1969,44.3864],[-68.1745,44.3452],[-68.1889,44.3073],[-68.2309,44.2878],[-68.2813,44.3022],[-68.2802,44.2865],[-68.3172,44.2943],[-68.2899,44.2509],[-68.3338,44.2213],[-68.4045,44.2539],[-68.4197,44.2746],[-68.4082,44.2816],[-68.4309,44.2986],[-68.398,44.3762],[-68.3543,44.4005],[-68.3928,44.4353],[-68.3926,44.4181],[-68.4308,44.397],[-68.4253,44.4983],[-68.4372,44.4827],[-68.4731,44.4867],[-68.4584,44.4538],[-68.4712,44.4403],[-68.4622,44.3794],[-68.4833,44.3882],[-68.4798,44.4542],[-68.4997,44.4142],[-68.5652,44.3991],[-68.5454,44.355],[-68.5662,44.313],[-68.5501,44.2919],[-68.5309,44.3004],[-68.519,44.2652],[-68.5527,44.2749],[-68.5551,44.2613],[-68.533,44.2543],[-68.5228,44.2281],[-68.6246,44.2792],[-68.6243,44.3021],[-68.6323,44.2864],[-68.6894,44.2967],[-68.7393,44.3332],[-68.7951,44.3079],[-68.8272,44.3122],[-68.8097,44.374],[-68.8218,44.4089],[-68.7975,44.451],[-68.7833,44.4471],[-68.7778,44.485],[-68.8059,44.5243],[-68.8078,44.4984],[-68.8351,44.4814],[-68.8111,44.4661],[-68.8752,44.4299],[-68.9216,44.4566],[-68.9437,44.4284],[-68.9984,44.4256],[-68.9499,44.34],[-68.9634,44.3083],[-69.0037,44.2946],[-69.0456,44.2093],[-69.0592,44.2079],[-69.0545,44.1715],[-69.0742,44.1835],[-69.093,44.1353],[-69.0763,44.1249],[-69.1008,44.1169],[-69.1034,44.0779],[-69.0434,44.0922],[-69.0771,44.0423],[-69.1281,44.0173],[-69.1099,43.9983],[-69.136,44.0005],[-69.1419,43.9865],[-69.1253,43.9779],[-69.1441,43.9795],[-69.1626,43.999],[-69.2121,43.9311],[-69.2739,43.9142],[-69.2675,43.9437],[-69.284,43.9586],[-69.3175,43.9405],[-69.3043,43.9621],[-69.3253,43.9709],[-69.3277,43.9458],[-69.3752,43.9246],[-69.3301,43.9718],[-69.3458,43.9691],[-69.3505,43.9834],[-69.3667,43.9648],[-69.3624,43.9939],[-69.379,43.9954],[-69.3942,43.9694],[-69.4061,43.9858],[-69.4282,43.9573],[-69.4268,43.9783],[-69.4377,43.9758],[-69.4596,43.9033],[-69.5033,43.8377],[-69.5149,43.8313],[-69.5193,43.8712],[-69.5439,43.8816],[-69.5517,43.8346],[-69.5727,43.844],[-69.5929,43.8114],[-69.6063,43.8234],[-69.5924,43.8309],[-69.5947,43.8589],[-69.6211,43.8268],[-69.6388,43.8478],[-69.6556,43.781],[-69.6904,43.8254],[-69.6771,43.927],[-69.6916,43.9172],[-69.7216,43.782],[-69.7541,43.7439],[-69.8335,43.7178],[-69.8368,43.6997],[-69.8551,43.7047],[-69.8487,43.7422],[-69.8711,43.7316],[-69.8615,43.7593],[-69.8734,43.7784],[-69.9563,43.7724],[-70.0013,43.7104],[-69.9946,43.7435],[-70.0265,43.7289],[-70.0234,43.7489],[-70.045,43.7367],[-69.9472,43.8645],[-69.9927,43.8484],[-70.0262,43.8226],[-69.9877,43.8629],[-70.0192,43.8587],[-70.0666,43.8105],[-70.0636,43.8256],[-70.0805,43.8276],[-70.1449,43.7968],[-70.176,43.7608],[-70.1754,43.7771],[-70.1943,43.7686],[-70.2147,43.6973],[-70.232,43.7048],[-70.2261,43.6887],[-70.2425,43.6933],[-70.253,43.675],[-70.2075,43.6235],[-70.2175,43.5971],[-70.1969,43.5651],[-70.2443,43.5518],[-70.2725,43.5626],[-70.3078,43.5443],[-70.3074,43.529],[-70.3288,43.5407],[-70.3612,43.5292],[-70.3849,43.496],[-70.3829,43.4697],[-70.3674,43.4523],[-70.3273,43.4585],[-70.3328,43.4464],[-70.3705,43.4341],[-70.3979,43.3942],[-70.4277,43.3893],[-70.4163,43.3611],[-70.4658,43.3408],[-70.5177,43.344],[-70.5539,43.3219],[-70.5939,43.2493],[-70.5758,43.2219],[-70.6088,43.1756],[-70.5904,43.1652],[-70.619,43.1636],[-70.6225,43.1346],[-70.666,43.0762],[-70.7038,43.0598],[-70.7065,43.0753],[-70.7564,43.08],[-70.8268,43.1271],[-70.8283,43.1867],[-70.8096,43.2254],[-70.906,43.2917],[-70.9327,43.3368],[-70.9672,43.3438],[-70.9876,43.3895],[-70.9868,43.4143],[-70.9612,43.4383],[-70.9742,43.4774],[-70.9508,43.551],[-70.9727,43.5703],[-70.9891,43.7924],[-71.08,45.307]]]]}},{"type":"Feature","properties":{"STATEFP":"25","STUSPS":"MA","NAME":"Massachusetts"},"geometry":{"type":"MultiPolygon","coordinates":[[[[-70.2341,41.2857],[-70.2017,41.2765],[-70.1991,41.2962],[-70.0626,41.3087],[-70.0244,41.3606],[-70.0491,41.3917],[-70.0204,41.369],[-69.9602,41.2645],[-70.0016,41.2399],[-70.1005,41.2406],[-70.2341,41.2857]]],[[[-70.2773,41.3105],[-70.2466,41.3062],[-70.2427,41.2892],[-70.2597,41.296],[-70.2773,41.3105]]],[[[-70.307,41.3324],[-70.292,41.3378],[-70.2893,41.335],[-70.307,41.3324]]],[[[-70.5756,42.6345],[-70.5751,42.6398],[-70.5734,42.6395],[-70.5756,42.6345]]],[[[-70.588,42.6264],[-70.5882,42.6306],[-70.5868,42.6282],[-70.588,42.6264]]],[[[-70.59,42.659],[-70.5893,42.6627],[-70.5876,42.6619],[-70.59,42.659]]],[[[-70.7217,42.5661],[-70.7212,42.5699],[-70.7206,42.5697],[-70.7217,42.5661]]],[[[-70.7823,42.5518],[-70.7816,42.554],[-70.7807,42.5536],[-70.7823,42.5518]]],[[[-70.7877,42.5306],[-70.787,42.5373],[-70.7823,42.5337],[-70.7877,42.5306]]],[[[-70.8021,42.5472],[-70.795,42.5507],[-70.7944,42.548],[-70.8021,42.5472]]],[[[-70.8071,41.4586],[-70.7102,41.5189],[-70.6752,41.5139],[-70.7567,41.4791],[-70.7581,41.463],[-70.7904,41.4465],[-70.8071,41.4586]]],[[[-70.8141,42.5104],[-70.8121,42.512],[-70.8121,42.5103],[-70.8141,42.5104]]],[[[-70.832,41.2595],[-70.812,41.2648],[-70.8016,41.2584],[-70.8092,41.2491],[-70.832,41.2595]]],[[[-70.8354,42.4823],[-70.8337,42.4853],[-70.8335,42.482],[-70.8354,42.4823]]],[[[-70.8351,41.5909],[-70.824,41.5996],[-70.8221,41.5836],[-70.8351,41.5909]]],[[[-70.8388,41.3472],[-70.775,41.3492],[-70.701,41.434],[-70.6036,41.4824],[-70.5965,41.4541],[-70.5633,41.4691],[-70.5476,41.4158],[-70.5013,41.3854],[-70.4525,41.4214],[-70.4462,41.3965],[-70.4522,41.3498],[-70.7098,41.3417],[-70.7757,41.301],[-70.8388,41.3472]]],[[[-70.8404,41.4529],[-70.8206,41.4585],[-70.8081,41.445],[-70.8369,41.442],[-70.8404,41.4529]]],[[[-70.8761,42.3412],[-70.8802,42.3423],[-70.874,42.3436],[-70.8761,42.3412]]],[[[-70.8875,42.3382],[-70.8863,42.3399],[-70.8848,42.3393],[-70.8875,42.3382]]],[[[-70.892,42.3272],[-70.889,42.3289],[-70.8888,42.3285],[-70.892,42.3272]]],[[[-70.8952,42.3389],[-70.8972,42.3433],[-70.8956,42.3439],[-70.8952,42.3389]]],[[[-70.8961,42.3304],[-70.8971,42.334],[-70.8941,42.335],[-70.8961,42.3304]]],[[[-70.9036,41.4308],[-70.8571,41.4503],[-70.8486,41.4328],[-70.8844,41.4215],[-70.9036,41.4308]]],[[[-70.9212,41.4454],[-70.9207,41.4546],[-70.9152,41.451],[-70.9212,41.4454]]],[[[-70.9308,42.319],[-70.926,42.3219],[-70.9253,42.3172],[-70.9308,42.319]]],[[[-70.9314,42.3283],[-70.9297,42.334],[-70.9226,42.3261],[-70.9314,42.3283]]],[[[-70.9399,42.3242],[-70.9407,42.3281],[-70.9349,42.3268],[-70.9399,42.3242]]],[[[-70.949,41.4096],[-70.9275,41.4318],[-70.9086,41.4224],[-70.949,41.4096]]],[[[-70.9511,42.2897],[-70.9353,42.3021],[-70.9264,42.3014],[-70.9373,42.2849],[-70.9511,42.2897]]],[[[-70.9543,42.3086],[-70.9515,42.3136],[-70.9485,42.3119],[-70.9543,42.3086]]],[[[-70.9774,42.3123],[-70.9573,42.3317],[-70.9528,42.3306],[-70.9657,42.3135],[-70.9774,42.3123]]],[[[-70.9916,42.3263],[-70.9831,42.3272],[-70.9857,42.3187],[-70.9916,42.3263]]],[[[-71.0115,42.3093],[-71.0064,42.3209],[-70.9995,42.3199],[-71.0115,42.3093]]],[[[-73.5081,42.0863],[-73.265,42.7459],[-71.2942,42.697],[-71.2455,42.7426],[-71.1818,42.7376],[-71.1861,42.7907],[-71.1656,42.8087],[-71.1325,42.8214],[-71.0642,42.8063],[-71.0312,42.8591],[-70.9028,42.8865],[-70.8486,42.8609],[-70.8173,42.8723],[-70.7761,42.6913],[-70.6846,42.6518],[-70.6301,42.6927],[-70.6239,42.6616],[-70.5974,42.6596],[-70.5915,42.6398],[-70.6322,42.6168],[-70.6547,42.5822],[-70.666,42.5841],[-70.6589,42.6035],[-70.6767,42.6075],[-70.7103,42.5726],[-70.8752,42.5443],[-70.8826,42.5349],[-70.8642,42.5334],[-70.8864,42.5086],[-70.8421,42.5195],[-70.8533,42.493],[-70.8338,42.5059],[-70.836,42.4905],[-70.935,42.4579],[-70.9334,42.4334],[-70.9057,42.4162],[-70.9364,42.4181],[-70.9437,42.4583],[-70.983,42.424],[-70.9892,42.4026],[-70.9673,42.3882],[-70.968,42.3576],[-70.953,42.344],[-70.9745,42.3593],[-70.9728,42.3719],[-71.0002,42.3724],[-70.9853,42.3583],[-71.0078,42.3471],[-71.0506,42.3729],[-71.0497,42.3566],[-71.0102,42.3376],[-71.0476,42.3281],[-71.0331,42.3161],[-71.0476,42.3034],[-71.0393,42.2855],[-71.0368,42.3014],[-70.9905,42.308],[-71.0223,42.2882],[-70.9853,42.2643],[-70.9532,42.2799],[-70.9621,42.2464],[-70.9182,42.2719],[-70.8843,42.2455],[-70.8755,42.2569],[-70.9032,42.2813],[-70.8783,42.2783],[-70.8873,42.2977],[-70.9239,42.305],[-70.8827,42.3104],[-70.8511,42.2683],[-70.7663,42.2547],[-70.7472,42.2218],[-70.713,42.2044],[-70.7143,42.1688],[-70.6402,42.0886],[-70.6432,42.0508],[-70.5979,42.0046],[-70.6391,41.9939],[-70.6364,42.0138],[-70.6299,42.0015],[-70.6142,42.0111],[-70.6509,42.0462],[-70.6694,42.0371],[-70.6709,42.0078],[-70.6958,42.0133],[-70.71,41.9995],[-70.6468,41.9493],[-70.6303,41.947],[-70.6525,41.9789],[-70.6239,41.9431],[-70.5836,41.95],[-70.5392,41.9268],[-70.5474,41.9119],[-70.5256,41.8587],[-70.541,41.8158],[-70.494,41.7739],[-70.4283,41.7477],[-70.2956,41.7344],[-70.2739,41.7243],[-70.3964,41.7279],[-70.3573,41.7025],[-70.2512,41.7073],[-70.2161,41.743],[-70.0643,41.7728],[-70.0085,41.8008],[-70.0002,41.8869],[-70.0242,41.8963],[-70.0134,41.906],[-70.0274,41.9293],[-70.045,41.93],[-70.0616,41.9235],[-70.069,41.8849],[-70.0956,42.0328],[-70.1554,42.0624],[-70.2059,42.0327],[-70.1923,42.0232],[-70.1669,42.0346],[-70.1908,42.02],[-70.2454,42.0637],[-70.1893,42.0823],[-70.0826,42.0547],[-70.0335,42.0177],[-69.9686,41.9117],[-69.9397,41.8186],[-69.9284,41.7084],[-70.0039,41.5406],[-70.0136,41.551],[-69.9705,41.6455],[-70.0142,41.672],[-70.1952,41.6479],[-70.2654,41.6093],[-70.2813,41.6351],[-70.3516,41.6347],[-70.3792,41.6114],[-70.4372,41.6053],[-70.4856,41.5542],[-70.6336,41.5383],[-70.6566,41.5148],[-70.687,41.5295],[-70.6681,41.5329],[-70.6409,41.5773],[-70.6507,41.6461],[-70.6205,41.6573],[-70.652,41.663],[-70.6363,41.68],[-70.662,41.6809],[-70.6176,41.7011],[-70.6488,41.718],[-70.6741,41.6914],[-70.6566,41.7154],[-70.7187,41.7357],[-70.7285,41.7229],[-70.712,41.707],[-70.7275,41.7024],[-70.7156,41.6753],[-70.7489,41.6974],[-70.7434,41.6747],[-70.7638,41.6769],[-70.7655,41.6416],[-70.8216,41.6548],[-70.8011,41.6295],[-70.8597,41.6241],[-70.8432,41.5966],[-70.8548,41.5824],[-70.8727,41.6278],[-70.9132,41.6193],[-70.9021,41.5916],[-70.9305,41.6133],[-70.9338,41.5804],[-70.9502,41.5846],[-70.9285,41.5398],[-70.9463,41.5376],[-70.9533,41.515],[-70.9666,41.5317],[-70.984,41.5089],[-71.0194,41.5089],[-71.0384,41.4811],[-71.041,41.4975],[-71.0707,41.5089],[-71.1206,41.4974],[-71.1409,41.6074],[-71.1329,41.6601],[-71.1957,41.6751],[-71.2614,41.7523],[-71.3407,41.7983],[-71.3387,41.8984],[-71.3817,41.8932],[-71.3814,42.0188],[-71.7992,42.0081],[-71.8007,42.0236],[-72.7558,42.0362],[-72.7667,42.003],[-72.8167,41.9976],[-72.8135,42.0365],[-73.4969,42.0497],[-73.5081,42.0863]]]]}},{"type":"Feature","properties":{"STATEFP":"45","STUSPS":"SC","NAME":"South Carolina"},"geometry":{"type":"MultiPolygon","coordinates":[[[[-79.5031,33.0176],[-79.5024,33.0206],[-79.501,33.0182],[-79.5031,33.0176]]],[[[-79.5522,32.9888],[-79.5487,32.993],[-79.5452,32.9907],[-79.5522,32.9888]]],[[[-80.182,32.5472],[-80.1845,32.5536],[-80.1772,32.5483],[-80.182,32.5472]]],[[[-83.3539,34.6992],[-83.3491,34.7366],[-83.3189,34.7583],[-83.3239,34.7897],[-83.3012,34.804],[-83.3031,34.8187],[-83.2683,34.8211],[-83.2663,34.849],[-83.2502,34.8446],[-83.2347,34.8707],[-83.2431,34.8774],[-83.2063,34.8797],[-83.1691,34.9188],[-83.1572,34.9149],[-83.1562,34.931],[-83.1117,34.9359],[-83.1276,34.9495],[-83.114,34.9509],[-83.1221,34.9643],[-83.0984,34.9911],[-83.1096,35.0012],[-82.7879,35.085],[-82.7774,35.0641],[-82.7577,35.068],[-82.727,35.0941],[-82.6977,35.0957],[-82.6814,35.1279],[-82.6624,35.1181],[-82.5464,35.1637],[-82.53,35.1556],[-82.4601,35.1781],[-82.4571,35.1639],[-82.4396,35.1659],[-82.3929,35.2154],[-82.3713,35.1814],[-82.2749,35.2001],[-81.0436,35.1499],[-81.051,35.1317],[-81.0328,35.108],[-81.058,35.0732],[-81.0415,35.0447],[-80.935,35.1074],[-80.782,34.9358],[-80.7975,34.8198],[-79.6753,34.8047],[-78.5473,33.8565],[-78.7639,33.7743],[-78.9573,33.6208],[-79.0846,33.4837],[-79.1354,33.4039],[-79.1721,33.3291],[-79.1757,33.2111],[-79.1915,33.1733],[-79.2464,33.126],[-79.3282,33.0904],[-79.3623,33.0091],[-79.4231,33.0102],[-79.4011,33.0112],[-79.4044,33.0196],[-79.4833,33.0098],[-79.5252,33.0373],[-79.5711,33.0138],[-79.6176,32.9527],[-79.6075,32.9262],[-79.5741,32.9325],[-79.5811,32.9064],[-79.6981,32.8513],[-79.7264,32.806],[-79.8488,32.7536],[-79.878,32.7857],[-79.9232,32.7818],[-79.9285,32.7542],[-79.8709,32.7424],[-79.8856,32.6849],[-79.9743,32.641],[-80.0008,32.6059],[-80.1214,32.5905],[-80.1666,32.5602],[-80.2368,32.5423],[-80.3324,32.4781],[-80.3604,32.4998],[-80.4135,32.4707],[-80.4309,32.5009],[-80.4721,32.497],[-80.4794,32.4458],[-80.4615,32.4129],[-80.4283,32.3993],[-80.4636,32.3401],[-80.4533,32.3219],[-80.633,32.2569],[-80.6454,32.2609],[-80.6448,32.2915],[-80.7081,32.3237],[-80.7336,32.3195],[-80.7654,32.286],[-80.7424,32.2638],[-80.7178,32.267],[-80.6692,32.2168],[-80.7399,32.1461],[-80.8125,32.1097],[-80.8424,32.1178],[-80.9075,32.0509],[-80.8895,32.0376],[-80.921,32.04],[-81.0043,32.1024],[-81.0381,32.0837],[-81.1172,32.1176],[-81.1122,32.1508],[-81.1297,32.1659],[-81.1111,32.1727],[-81.114,32.1954],[-81.1522,32.2223],[-81.1566,32.2439],[-81.1199,32.2862],[-81.1379,32.3287],[-81.1286,32.3386],[-81.1438,32.3515],[-81.1598,32.34],[-81.2055,32.4236],[-81.2045,32.4528],[-81.187,32.4636],[-81.2336,32.4985],[-81.2334,32.518],[-81.2799,32.5366],[-81.2813,32.5565],[-81.367,32.577],[-81.4181,32.6283],[-81.393,32.6515],[-81.4072,32.6605],[-81.4096,32.697],[-81.4275,32.7022],[-81.4049,32.7456],[-81.4319,32.7689],[-81.4145,32.7781],[-81.4312,32.7841],[-81.418,32.8182],[-81.4265,32.8408],[-81.4607,32.846],[-81.4534,32.8739],[-81.4794,32.8811],[-81.4641,32.8978],[-81.4808,32.8986],[-81.5024,32.9354],[-81.5113,32.9667],[-81.4998,32.9638],[-81.4923,33.0093],[-81.6032,33.0744],[-81.6013,33.087],[-81.6129,33.081],[-81.6117,33.0943],[-81.7046,33.1165],[-81.7541,33.1506],[-81.7724,33.1809],[-81.7569,33.1978],[-81.7679,33.2163],[-81.8065,33.2121],[-81.8529,33.2487],[-81.84,33.2546],[-81.8469,33.2666],[-81.8344,33.2584],[-81.8283,33.263],[-81.8633,33.2892],[-81.8476,33.3071],[-81.8812,33.3025],[-81.902,33.3359],[-81.9061,33.3216],[-81.9137,33.32],[-81.9089,33.3463],[-81.9397,33.3449],[-81.9463,33.3706],[-81.9248,33.3741],[-81.9449,33.408],[-81.9096,33.4126],[-81.9317,33.4245],[-81.9131,33.4383],[-81.9263,33.4629],[-81.9859,33.4865],[-82.0463,33.5638],[-82.1891,33.6237],[-82.2475,33.7526],[-82.2975,33.783],[-82.3245,33.82],[-82.4551,33.8817],[-82.5245,33.9434],[-82.5568,33.9454],[-82.5942,34.0289],[-82.6438,34.0723],[-82.6416,34.0921],[-82.7175,34.1505],[-82.7467,34.2664],[-82.7818,34.2979],[-82.7947,34.3406],[-82.8348,34.3663],[-82.8588,34.4552],[-82.9016,34.4868],[-82.9951,34.4725],[-83.0334,34.4831],[-83.1587,34.579],[-83.1703,34.5924],[-83.16,34.6035],[-83.2313,34.6112],[-83.3539,34.6992]]]]}},{"type":"Feature","properties":{"STATEFP":"60","STUSPS":"AS","NAME":"American Samoa"},"geometry":{"type":"MultiPolygon","coordinates":[[[[-168.1433,-14.5474],[-168.1452,-14.5457],[-168.1449,-14.5454],[-168.1433,-14.5474]]],[[[-168.1519,-14.5371],[-168.1506,-14.5361],[-168.1508,-14.5377],[-168.1519,-14.5371]]],[[[-169.5191,-14.2209],[-169.4273,-14.2116],[-169.4229,-14.255],[-169.4615,-14.2489],[-169.4905,-14.2718],[-169.5191,-14.2209]]],[[[-169.6264,-14.1741],[-169.6103,-14.1566],[-169.6127,-14.1933],[-169.6264,-14.1741]]],[[[-169.6699,-14.1856],[-169.6803,-14.1589],[-169.6328,-14.1683],[-169.6699,-14.1856]]],[[[-169.6862,-14.1696],[-169.683,-14.1675],[-169.6844,-14.1723],[-169.6862,-14.1696]]],[[[-170.5506,-14.2892],[-170.5535,-14.2783],[-170.5457,-14.2832],[-170.5506,-14.2892]]],[[[-170.847,-14.3209],[-170.7984,-14.2894],[-170.7234,-14.2886],[-170.6716,-14.2296],[-170.6751,-14.2504],[-170.6524,-14.259],[-170.6398,-14.2471],[-170.5889,-14.262],[-170.5615,-14.2461],[-170.5645,-14.2698],[-170.6023,-14.2841],[-170.6147,-14.2681],[-170.6633,-14.2911],[-170.6652,-14.2709],[-170.6995,-14.2711],[-170.6807,-14.2763],[-170.6778,-14.2983],[-170.7028,-14.3221],[-170.7165,-14.3172],[-170.6997,-14.327],[-170.7598,-14.3737],[-170.795,-14.3315],[-170.847,-14.3209]]],[[[-171.0899,-11.0526],[-171.0736,-11.0469],[-171.0658,-11.0539],[-171.0809,-11.0646],[-171.0899,-11.0526]]]]}},{"type":"Feature","properties":{"STATEFP":"31","STUSPS":"NE","NAME":"Nebraska"},"geometry":{"type":"Polygon","coordinates":[[[-104.0532,41.0014],[-104.053,43.0006],[-98.4985,42.9986],[-98.4441,42.9292],[-98.4207,42.9319],[-98.1898,42.8416],[-98.1469,42.8398],[-98.0566,42.7708],[-98.013,42.7623],[-97.9367,42.7758],[-97.8886,42.8173],[-97.8753,42.8587],[-97.8453,42.8677],[-97.6865,42.8424],[-97.6118,42.8584],[-97.4423,42.8462],[-97.4083,42.8683],[-97.3596,42.8548],[-97.3067,42.8676],[-97.2188,42.8458],[-97.2101,42.8093],[-97.1508,42.7956],[-97.1313,42.7719],[-96.9791,42.7601],[-96.9635,42.7206],[-96.9068,42.7338],[-96.8062,42.7042],[-96.7932,42.666],[-96.6913,42.6562],[-96.7093,42.6038],[-96.6436,42.5576],[-96.6115,42.5061],[-96.5488,42.5205],[-96.5013,42.4827],[-96.4455,42.4906],[-96.386,42.4745],[-96.3807,42.4464],[-96.4136,42.4079],[-96.4178,42.3514],[-96.3289,42.2547],[-96.3237,42.2299],[-96.3599,42.2105],[-96.3478,42.1668],[-96.2689,42.1136],[-96.2755,42.052],[-96.2219,42.0296],[-96.2407,41.9994],[-96.1946,42.0087],[-96.1863,41.9774],[-96.1295,41.9717],[-96.1446,41.9415],[-96.1367,41.9208],[-96.1618,41.9018],[-96.1102,41.8488],[-96.1076,41.8207],[-96.0649,41.7962],[-96.1064,41.7379],[-96.0731,41.705],[-96.1214,41.6885],[-96.0954,41.6527],[-96.1181,41.6135],[-96.0818,41.5804],[-96.092,41.5339],[-96.0407,41.5071],[-96.0235,41.5434],[-96.0,41.5395],[-95.9928,41.512],[-96.0192,41.4893],[-96.0118,41.4762],[-95.9203,41.4516],[-95.9375,41.3931],[-95.9288,41.3701],[-95.9567,41.3455],[-95.8747,41.3071],[-95.8729,41.2895],[-95.9025,41.2734],[-95.9043,41.2996],[-95.9275,41.2984],[-95.9109,41.234],[-95.9275,41.2022],[-95.9146,41.1851],[-95.8413,41.175],[-95.8835,41.1549],[-95.8626,41.0884],[-95.8824,41.0604],[-95.8597,41.0357],[-95.8673,41.0016],[-95.8291,40.9757],[-95.8397,40.9328],[-95.8095,40.8912],[-95.8478,40.8643],[-95.8342,40.783],[-95.8836,40.7478],[-95.8853,40.7211],[-95.8526,40.7023],[-95.8428,40.6775],[-95.7866,40.6573],[-95.7497,40.6068],[-95.7747,40.5736],[-95.7629,40.5284],[-95.7086,40.5216],[-95.6787,40.5626],[-95.6558,40.5466],[-95.6617,40.5173],[-95.7,40.5053],[-95.6947,40.4715],[-95.6582,40.4419],[-95.6591,40.4087],[-95.6237,40.3466],[-95.6573,40.3109],[-95.5622,40.2974],[-95.5525,40.2619],[-95.4775,40.2427],[-95.4792,40.1857],[-95.3933,40.1192],[-95.4216,40.059],[-95.4136,40.0384],[-95.3488,40.0293],[-95.3083,40.0],[-102.0517,40.0031],[-102.0516,41.0024],[-104.0532,41.0014]]]}},{"type":"Feature","properties":{"STATEFP":"18","STUSPS":"IN","NAME":"Indiana"},"geometry":{"type":"Polygon","coordinates":[[[-88.0978,37.904],[-88.0152,37.8908],[-88.0225,37.9148],[-88.0696,37.9268],[-88.0353,37.9255],[-88.0368,37.9568],[-88.0129,37.9665],[-88.0258,38.0072],[-88.0076,38.0291],[-88.0421,38.0463],[-87.9672,38.0671],[-87.9605,38.0991],[-88.0047,38.084],[-88.0131,38.1035],[-87.9753,38.1101],[-87.9658,38.1326],[-87.9455,38.1266],[-87.9114,38.1617],[-87.9229,38.1733],[-87.9343,38.1565],[-87.9758,38.1978],[-87.9876,38.2574],[-87.9602,38.2371],[-87.9336,38.2959],[-87.9095,38.2961],[-87.9111,38.268],[-87.8705,38.3122],[-87.8597,38.2767],[-87.839,38.2823],[-87.8234,38.346],[-87.7453,38.409],[-87.7304,38.4479],[-87.7554,38.464],[-87.6724,38.5074],[-87.6501,38.5046],[-87.6701,38.5452],[-87.6376,38.5927],[-87.612,38.5892],[-87.6273,38.6054],[-87.6201,38.6395],[-87.5972,38.6653],[-87.5312,38.684],[-87.4961,38.7421],[-87.4982,38.7683],[-87.5145,38.7718],[-87.4959,38.7854],[-87.5273,38.8181],[-87.5259,38.8488],[-87.5534,38.8624],[-87.5349,38.8789],[-87.5441,38.8951],[-87.5357,38.8872],[-87.5167,38.9041],[-87.5277,38.9184],[-87.5122,38.9544],[-87.5765,38.9867],[-87.5604,38.9924],[-87.5787,38.9995],[-87.5726,39.0573],[-87.616,39.0826],[-87.6149,39.1027],[-87.6528,39.1068],[-87.6351,39.1223],[-87.6587,39.136],[-87.5746,39.2184],[-87.5713,39.2514],[-87.6049,39.2602],[-87.5973,39.297],[-87.6205,39.3071],[-87.5849,39.3373],[-87.5316,39.3481],[-87.5242,41.7083],[-87.4707,41.6728],[-87.4468,41.6832],[-87.438,41.6646],[-87.4393,41.6801],[-87.4158,41.6882],[-87.4087,41.6703],[-87.437,41.6552],[-87.4208,41.641],[-87.299,41.6191],[-87.1587,41.6314],[-86.8248,41.7602],[-84.8059,41.7602],[-84.8036,40.3121],[-84.8202,39.1055],[-84.8969,39.0575],[-84.8299,38.9694],[-84.877,38.909],[-84.7852,38.8804],[-84.83,38.8306],[-84.8129,38.7861],[-84.8873,38.7948],[-84.9436,38.7754],[-84.9919,38.7785],[-85.173,38.688],[-85.2133,38.6954],[-85.2685,38.7402],[-85.4363,38.7285],[-85.4565,38.6851],[-85.4158,38.5636],[-85.4224,38.5329],[-85.4669,38.5108],[-85.4989,38.4682],[-85.6045,38.4408],[-85.6514,38.3307],[-85.6836,38.2955],[-85.7451,38.2672],[-85.781,38.2885],[-85.8292,38.2765],[-85.8444,38.231],[-85.9039,38.1741],[-85.9053,38.0889],[-85.9257,38.0218],[-85.9471,38.0051],[-86.0295,37.9926],[-86.0423,37.9582],[-86.0863,38.0049],[-86.1766,38.0102],[-86.2672,38.0568],[-86.2728,38.1408],[-86.3577,38.1988],[-86.3774,38.1714],[-86.3239,38.1524],[-86.3238,38.1384],[-86.3798,38.1293],[-86.4019,38.1043],[-86.4295,38.1253],[-86.4632,38.1193],[-86.4639,38.1012],[-86.4301,38.0786],[-86.4522,38.0505],[-86.5218,38.0383],[-86.5252,37.9682],[-86.5066,37.9307],[-86.5342,37.917],[-86.5886,37.9212],[-86.5981,37.8674],[-86.6383,37.8427],[-86.6616,37.8497],[-86.6471,37.9086],[-86.6809,37.915],[-86.7315,37.8943],[-86.7955,37.9895],[-86.8201,37.9994],[-86.9179,37.9372],[-87.0342,37.9063],[-87.0697,37.8015],[-87.111,37.7824],[-87.1296,37.7866],[-87.1623,37.8402],[-87.2203,37.8491],[-87.3854,37.9377],[-87.4478,37.9424],[-87.5115,37.9064],[-87.5621,37.9333],[-87.59,37.9755],[-87.6279,37.9223],[-87.5837,37.8781],[-87.6154,37.832],[-87.6755,37.8317],[-87.6816,37.8559],[-87.6643,37.8891],[-87.6791,37.903],[-87.8298,37.8764],[-87.8725,37.921],[-87.8981,37.9275],[-87.9408,37.8833],[-87.9046,37.8125],[-87.9526,37.7717],[-87.9971,37.7977],[-88.0376,37.8099],[-88.0677,37.8006],[-88.09,37.8168],[-88.0809,37.8309],[-88.0438,37.8215],[-88.0259,37.8327],[-88.065,37.8532],[-88.0978,37.904]]]}},{"type":"Feature","properties":{"STATEFP":"30","STUSPS":"MT","NAME":"Montana"},"geometry":{"type":"Polygon","coordinates":[[[-116.0491,47.9768],[-116.0491,49.0008],[-104.0487,48.9999],[-104.0397,44.9981],[-111.0546,45.001],[-111.0558,44.4768],[-111.1274,44.4976],[-111.1314,44.5324],[-111.1738,44.5493],[-111.181,44.5692],[-111.2275,44.5772],[-111.2403,44.6137],[-111.2201,44.623],[-111.2532,44.6512],[-111.2785,44.6513],[-111.2668,44.6675],[-111.3231,44.7286],[-111.3552,44.7272],[-111.3851,44.7549],[-111.4143,44.7107],[-111.4427,44.7202],[-111.4888,44.7056],[-111.4723,44.6669],[-111.4919,44.6431],[-111.5162,44.6441],[-111.5025,44.6268],[-111.5216,44.615],[-111.5226,44.5902],[-111.5013,44.5725],[-111.5074,44.5621],[-111.4693,44.5576],[-111.4683,44.539],[-111.5153,44.537],[-111.5865,44.5627],[-111.6127,44.5488],[-111.7017,44.56],[-111.8215,44.5089],[-111.8688,44.5658],[-111.947,44.557],[-111.9775,44.5358],[-112.0327,44.5466],[-112.0324,44.5287],[-112.0696,44.5369],[-112.1068,44.5208],[-112.1371,44.5398],[-112.2217,44.5435],[-112.2428,44.5681],[-112.286,44.5686],[-112.3192,44.5391],[-112.3542,44.5356],[-112.3585,44.4857],[-112.3873,44.4476],[-112.472,44.4791],[-112.5002,44.463],[-112.5417,44.4838],[-112.6636,44.4862],[-112.7191,44.5043],[-112.7798,44.4846],[-112.8394,44.4251],[-112.8111,44.3989],[-112.8132,44.3767],[-112.8551,44.36],[-112.8892,44.4052],[-112.9396,44.4125],[-113.0051,44.4537],[-113.0265,44.4946],[-113.008,44.5272],[-113.0442,44.5434],[-113.0378,44.5651],[-113.0875,44.5995],[-113.0498,44.6291],[-113.0678,44.6788],[-113.1343,44.7523],[-113.1318,44.773],[-113.2476,44.8229],[-113.3418,44.7849],[-113.3771,44.8348],[-113.4216,44.8376],[-113.4551,44.8654],[-113.4984,44.9417],[-113.4444,44.9587],[-113.4379,45.0073],[-113.452,45.0592],[-113.5225,45.0917],[-113.5103,45.1155],[-113.5698,45.1243],[-113.5654,45.1487],[-113.5907,45.1559],[-113.5919,45.1842],[-113.6925,45.2634],[-113.6808,45.2793],[-113.7381,45.3284],[-113.7344,45.3924],[-113.776,45.4085],[-113.7601,45.4274],[-113.7835,45.452],[-113.76,45.4807],[-113.7666,45.5209],[-113.8345,45.5211],[-113.8209,45.5661],[-113.7971,45.5821],[-113.8074,45.6028],[-113.8612,45.6236],[-113.9037,45.6216],[-113.8952,45.6434],[-113.9195,45.6579],[-113.9353,45.6943],[-113.9619,45.6897],[-113.9881,45.7057],[-114.0155,45.6959],[-114.0274,45.6758],[-114.0188,45.6485],[-114.067,45.628],[-114.0866,45.5912],[-114.1922,45.5371],[-114.2484,45.5454],[-114.2704,45.4844],[-114.3296,45.46],[-114.3661,45.491],[-114.4247,45.5099],[-114.4306,45.5295],[-114.4639,45.5454],[-114.4578,45.5617],[-114.4983,45.5555],[-114.5276,45.5708],[-114.565,45.5578],[-114.5385,45.6058],[-114.564,45.6376],[-114.5091,45.6568],[-114.499,45.6787],[-114.515,45.685],[-114.4954,45.7031],[-114.5665,45.7733],[-114.5093,45.8455],[-114.4383,45.8626],[-114.4107,45.8518],[-114.3873,45.8877],[-114.4314,45.936],[-114.4025,45.9579],[-114.4118,45.9779],[-114.48,45.9929],[-114.4805,46.0304],[-114.5074,46.0319],[-114.4694,46.0618],[-114.4605,46.0978],[-114.5205,46.1249],[-114.5271,46.1462],[-114.515,46.1674],[-114.4441,46.1693],[-114.4486,46.233],[-114.4707,46.266],[-114.4254,46.2879],[-114.4328,46.3061],[-114.4105,46.3651],[-114.4222,46.3873],[-114.3685,46.438],[-114.4026,46.5002],[-114.3428,46.5183],[-114.3472,46.5524],[-114.3298,46.5772],[-114.3437,46.5905],[-114.3225,46.6113],[-114.3211,46.6475],[-114.3585,46.6707],[-114.4244,46.6606],[-114.4671,46.6318],[-114.5413,46.6497],[-114.6053,46.6358],[-114.6422,46.6736],[-114.6215,46.7079],[-114.6646,46.7391],[-114.6986,46.7405],[-114.7139,46.7151],[-114.7673,46.6972],[-114.7886,46.7137],[-114.7656,46.7456],[-114.7848,46.78],[-114.8296,46.783],[-114.8658,46.8145],[-114.8952,46.8016],[-114.8982,46.822],[-114.948,46.8596],[-114.9253,46.9187],[-114.961,46.9304],[-115.0013,46.9719],[-115.0484,46.9698],[-115.0717,47.0259],[-115.1311,47.069],[-115.1443,47.102],[-115.2453,47.1518],[-115.2624,47.1817],[-115.3005,47.1881],[-115.2916,47.21],[-115.3201,47.2567],[-115.4836,47.2821],[-115.5285,47.2993],[-115.5491,47.3472],[-115.5776,47.3674],[-115.6429,47.3774],[-115.6573,47.4002],[-115.7214,47.4257],[-115.7593,47.4239],[-115.717,47.4526],[-115.6401,47.4597],[-115.63,47.4796],[-115.6863,47.4849],[-115.7114,47.5168],[-115.6987,47.5317],[-115.7557,47.5483],[-115.6886,47.5943],[-115.6944,47.6238],[-115.7365,47.6547],[-115.7238,47.6961],[-115.774,47.7179],[-115.7973,47.7571],[-115.8319,47.756],[-115.8523,47.8279],[-115.9188,47.8537],[-116.0198,47.9632],[-116.0491,47.9768]]]}},{"type":"Feature","properties":{"STATEFP":"13","STUSPS":"GA","NAME":"Georgia"},"geometry":{"type":"MultiPolygon","coordinates":[[[[-81.2719,31.3041],[-81.2772,31.3112],[-81.2707,31.3105],[-81.2719,31.3041]]],[[[-85.6052,34.9847],[-83.1029,34.9973],[-83.1221,34.9643],[-83.114,34.9509],[-83.127,34.9538],[-83.1128,34.9347],[-83.1562,34.931],[-83.1572,34.9149],[-83.1691,34.9188],[-83.2063,34.8797],[-83.2431,34.8774],[-83.2347,34.8707],[-83.2502,34.8446],[-83.2663,34.849],[-83.2683,34.8211],[-83.3067,34.8148],[-83.3012,34.804],[-83.3239,34.7897],[-83.3189,34.7583],[-83.3534,34.7284],[-83.3426,34.683],[-83.2313,34.6112],[-83.16,34.6035],[-83.1703,34.5924],[-83.1587,34.579],[-83.0334,34.4831],[-82.9951,34.4725],[-82.9016,34.4868],[-82.8588,34.4552],[-82.8348,34.3663],[-82.7947,34.3406],[-82.7818,34.2979],[-82.7467,34.2664],[-82.7175,34.1505],[-82.6416,34.0921],[-82.6438,34.0723],[-82.5942,34.0289],[-82.5568,33.9454],[-82.5245,33.9434],[-82.4551,33.8817],[-82.3245,33.82],[-82.2975,33.783],[-82.2475,33.7526],[-82.1891,33.6237],[-82.0463,33.5638],[-81.9859,33.4865],[-81.9263,33.4629],[-81.9131,33.4383],[-81.9317,33.4245],[-81.9096,33.4126],[-81.9449,33.408],[-81.9248,33.3741],[-81.9463,33.3706],[-81.9397,33.3449],[-81.9089,33.3463],[-81.9137,33.32],[-81.902,33.3359],[-81.8812,33.3025],[-81.8476,33.3071],[-81.8633,33.2892],[-81.8283,33.263],[-81.8469,33.2666],[-81.84,33.2546],[-81.8529,33.2487],[-81.8065,33.2121],[-81.7679,33.2163],[-81.7569,33.1978],[-81.7724,33.1809],[-81.7541,33.1506],[-81.7046,33.1165],[-81.6117,33.0943],[-81.6129,33.081],[-81.6013,33.087],[-81.6032,33.0744],[-81.4923,33.0093],[-81.4998,32.9638],[-81.5113,32.9667],[-81.5024,32.9354],[-81.4808,32.8986],[-81.4641,32.8978],[-81.4794,32.8811],[-81.4534,32.8739],[-81.4607,32.846],[-81.4265,32.8408],[-81.418,32.8182],[-81.4312,32.7841],[-81.4145,32.7781],[-81.4319,32.7689],[-81.4049,32.7456],[-81.4275,32.7022],[-81.4096,32.697],[-81.4072,32.6605],[-81.393,32.6515],[-81.4181,32.6283],[-81.367,32.577],[-81.2813,32.5565],[-81.2799,32.5366],[-81.2334,32.518],[-81.2336,32.4985],[-81.187,32.4636],[-81.2045,32.4528],[-81.2055,32.4236],[-81.1598,32.34],[-81.1438,32.3515],[-81.1286,32.3386],[-81.1379,32.3287],[-81.1199,32.2862],[-81.1566,32.2439],[-81.1522,32.2223],[-81.114,32.1954],[-81.1111,32.1727],[-81.1297,32.1659],[-81.1122,32.1508],[-81.1154,32.1147],[-81.0381,32.0837],[-81.0043,32.1024],[-80.876,32.0168],[-80.8435,32.0236],[-80.8473,31.9875],[-80.8819,31.9567],[-80.928,31.9385],[-80.9427,31.9637],[-80.9843,31.9401],[-80.9685,31.9158],[-80.9301,31.9081],[-80.9927,31.8576],[-81.0653,31.8771],[-81.0591,31.8501],[-81.0758,31.829],[-81.0359,31.8104],[-81.0951,31.7491],[-81.1306,31.7227],[-81.1928,31.7332],[-81.2036,31.7194],[-81.1611,31.6914],[-81.1311,31.6958],[-81.1288,31.6314],[-81.1604,31.5704],[-81.1788,31.5582],[-81.1956,31.5804],[-81.2161,31.5584],[-81.2983,31.5335],[-81.2952,31.5215],[-81.2588,31.5291],[-81.2787,31.4975],[-81.2042,31.5361],[-81.1787,31.5182],[-81.2686,31.383],[-81.2943,31.3686],[-81.2696,31.2587],[-81.2905,31.2177],[-81.4095,31.1206],[-81.4013,31.0728],[-81.4205,31.0167],[-81.4514,31.0155],[-81.4937,30.9775],[-81.4269,30.9566],[-81.4085,30.9777],[-81.4034,30.9579],[-81.4041,30.9037],[-81.4601,30.7699],[-81.4441,30.7097],[-81.4873,30.7261],[-81.5312,30.7242],[-81.5384,30.7087],[-81.6009,30.7294],[-81.6107,30.7162],[-81.6244,30.7363],[-81.6531,30.7298],[-81.6633,30.7544],[-81.6831,30.7485],[-81.6728,30.7389],[-81.7199,30.7446],[-81.7617,30.7757],[-81.7822,30.7613],[-81.7944,30.787],[-81.8683,30.7929],[-81.9014,30.8299],[-81.9109,30.8161],[-81.9495,30.8279],[-81.9734,30.7788],[-82.022,30.7882],[-82.0114,30.7626],[-82.0368,30.7544],[-82.0448,30.7285],[-82.0495,30.6555],[-82.0055,30.5635],[-82.0368,30.3779],[-82.06,30.3603],[-82.1618,30.3579],[-82.2042,30.4013],[-82.2014,30.4852],[-82.2404,30.5378],[-82.2148,30.5686],[-84.8647,30.7115],[-84.9135,30.7523],[-84.9374,30.8209],[-84.9257,30.8427],[-84.9349,30.8845],[-84.9831,30.9348],[-84.9825,30.9656],[-85.0051,30.9747],[-84.9994,31.0138],[-85.0356,31.1082],[-85.1075,31.1865],[-85.0968,31.2257],[-85.1146,31.2773],[-85.0898,31.295],[-85.0922,31.3646],[-85.0413,31.541],[-85.058,31.5708],[-85.0582,31.6202],[-85.1255,31.695],[-85.1189,31.7327],[-85.1419,31.782],[-85.1313,31.8176],[-85.1418,31.8393],[-85.1341,31.8922],[-85.112,31.8948],[-85.1131,31.9119],[-85.0789,31.9402],[-85.0867,31.9592],[-85.0678,31.9674],[-85.0493,32.0227],[-85.0588,32.0467],[-85.0455,32.0869],[-85.0611,32.1341],[-85.0113,32.1805],[-84.9646,32.1952],[-84.9802,32.2078],[-84.9721,32.2183],[-84.9282,32.2199],[-84.9127,32.2433],[-84.9244,32.2498],[-84.8891,32.2609],[-84.9338,32.2983],[-85.0071,32.3284],[-84.972,32.3777],[-84.9886,32.3841],[-84.9687,32.3915],[-84.9811,32.4028],[-84.963,32.4242],[-84.9953,32.4532],[-85.0071,32.5239],[-85.0675,32.5795],[-85.0824,32.6338],[-85.1053,32.6448],[-85.0885,32.6578],[-85.117,32.692],[-85.1133,32.7358],[-85.1426,32.7607],[-85.1222,32.7734],[-85.1679,32.8116],[-85.1559,32.8499],[-85.1844,32.8613],[-85.6052,34.9847]]]]}}]}