{"type":"FeatureCollection", "features": [
{"type":"Feature","geometry":{"type":"MultiPolygon","coordinates":[[[[-139.1,60],[-139.2,60.1],[-139.1,60.3],[-139.7,60.3],[-140,60.2],[-140.5,60.2],[-141,60.3],[-141,61.2],[-141,62.3],[-141,63.8],[-141,65.3],[-141,66.4],[-141,67.3],[-141,68.8],[-141,69.7],[-141.4,69.7],[-142.3,69.9],[-142.7,70],[-143.2,70.1],[-145.2,70],[-145.8,70.2],[-147.7,70.2],[-147.9,70.3],[-149.3,70.5],[-150.2,70.4],[-150.7,70.5],[-151.2,70.4],[-151.9,70.5],[-152.5,70.7],[-152.2,70.8],[-153.2,70.9],[-154.2,70.8],[-154.8,70.9],[-155.2,71.1],[-155.8,71],[-155.8,71.2],[-156.8,71.3],[-157.2,71.1],[-158,70.8],[-159,70.8],[-159.3,70.9],[-160,70.6],[-161,70.3],[-161.6,70.2],[-161.9,70.3],[-163,69.8],[-163.2,69.4],[-163.9,69],[-164.3,68.9],[-165.5,68.9],[-166.2,68.9],[-166.4,68.4],[-166,68.2],[-165.4,68],[-164.1,67.6],[-163.7,67.2],[-163,67],[-162,67],[-161.6,67],[-161.9,66.7],[-161.4,66.6],[-160.9,66.7],[-160.3,66.6],[-160.2,66.4],[-161.6,66.3],[-161.8,66.1],[-162.6,66.1],[-162.9,66.1],[-163.7,66.1],[-164,66.2],[-163.8,66.5],[-164.1,66.6],[-164.7,66.6],[-165.1,66.4],[-165.8,66.3],[-165.7,66.1],[-166.2,66.2],[-166.7,66.1],[-167.1,65.9],[-168.1,65.7],[-168,65.6],[-167.4,65.4],[-166.7,65.3],[-166.5,65.2],[-166.8,65.1],[-166.4,64.9],[-166.5,64.7],[-166.1,64.6],[-164.9,64.5],[-164.3,64.6],[-163.7,64.6],[-162.8,64.4],[-162.2,64.7],[-161.8,64.8],[-161.5,64.8],[-161.2,64.9],[-160.9,64.8],[-160.9,64.6],[-161.4,64.4],[-161,64.3],[-160.8,63.8],[-161.1,63.6],[-161.5,63.5],[-162,63.5],[-162.3,63.5],[-162.6,63.3],[-163.1,63.1],[-163.4,63],[-164.1,63.3],[-164.4,63.2],[-164.8,62.8],[-164.8,62.6],[-165.2,62.5],[-165.7,62.1],[-165.6,61.9],[-166.1,61.8],[-166.1,61.6],[-165.8,61.5],[-165.6,61.1],[-165.2,61],[-164.4,60.9],[-164,60.9],[-163.7,61],[-163.4,60.8],[-163.7,60.6],[-163.9,60.7],[-164.3,60.7],[-164.8,60.9],[-165.4,60.5],[-164.7,60.3],[-163.9,59.8],[-163.2,59.8],[-162.6,60],[-162.2,60.2],[-161.8,59.6],[-162,59.3],[-161.8,59.1],[-161.8,58.6],[-161.4,58.7],[-161.2,58.8],[-160.8,58.9],[-160.4,59.1],[-159.9,58.8],[-159.7,58.9],[-159.1,58.5],[-158.8,58.5],[-158.9,58.7],[-158.8,59],[-158.5,58.9],[-158.3,58.6],[-158,58.6],[-157.1,58.9],[-157,58.7],[-157.5,58.4],[-157.4,58.2],[-157.6,58.1],[-157.7,57.7],[-157.6,57.6],[-158.3,57.3],[-158.7,57],[-158.7,56.8],[-159,56.9],[-159.3,56.7],[-159.8,56.6],[-160.3,56.3],[-160.5,56],[-160.9,55.8],[-161.2,56],[-161.7,55.9],[-162.2,55.7],[-162.5,55.5],[-163,55.2],[-163.3,55.1],[-162.9,55],[-162.1,55.1],[-161.7,55.4],[-161.1,55.4],[-160.9,55.5],[-160.5,55.6],[-160,55.8],[-159.5,55.8],[-158.8,56],[-158.3,56.2],[-158.4,56.4],[-157.6,56.6],[-157.4,56.8],[-157.1,56.8],[-156.5,57.1],[-156.5,57.3],[-156,57.5],[-155.8,57.6],[-155.6,57.7],[-155.3,57.8],[-155,58],[-154.6,58.1],[-154.2,58.2],[-154,58.5],[-153.6,58.7],[-153.3,58.9],[-153.7,59],[-154.1,59.1],[-154.1,59.4],[-153.8,59.5],[-153.1,59.9],[-152.8,59.9],[-152.7,60.2],[-152.3,60.4],[-152.3,60.5],[-151.8,60.8],[-151.7,60.9],[-151.2,61.1],[-150.6,61.3],[-149.9,61.3],[-150,60.9],[-150.4,61],[-151.3,60.7],[-151.3,60.5],[-151.5,60.2],[-151.7,60],[-151.8,59.7],[-151.2,59.6],[-151.4,59.5],[-151.8,59.4],[-151.7,59.2],[-151,59.2],[-150.6,59.6],[-150.2,59.6],[-149.8,59.8],[-149.4,60],[-149.1,60],[-148.8,60],[-148.4,60],[-148.2,60.2],[-148.3,60.9],[-148.2,61],[-147.9,60.9],[-147.6,61],[-146.9,61],[-146.1,60.7],[-145.7,60.7],[-145.9,60.5],[-144.9,60.3],[-143.8,60],[-142.9,60.1],[-142.5,60.1],[-141.7,60],[-140.8,59.7],[-140.2,59.7],[-139.6,59.8],[-139.5,59.7],[-139.8,59.5],[-139.3,59.4],[-138.4,59.1],[-138,58.9],[-137.5,58.6],[-136.6,58.2],[-136.1,58.4],[-136.1,58.5],[-136.6,58.8],[-136,58.8],[-135.9,58.6],[-135.9,58.4],[-135.6,58.4],[-135.3,58.3],[-135,58.3],[-135.5,59.2],[-135.4,59.3],[-135.1,58.8],[-135,58.7],[-134.8,58.5],[-134.1,58.2],[-134,58.1],[-133.6,57.7],[-133.4,57.3],[-133.5,57.2],[-132.8,57],[-132.8,56.9],[-132.5,56.8],[-132.2,56.4],[-131.8,56.2],[-132.2,55.7],[-131.9,55.6],[-131.8,55.9],[-131.3,56],[-130.9,55.7],[-130.9,55.4],[-131,55.2],[-130.8,54.8],[-130.6,54.8],[-130.2,55],[-130,55.3],[-130.1,55.7],[-130,55.9],[-130,56],[-130.4,56.1],[-130.7,56.3],[-131.1,56.4],[-131.6,56.6],[-131.8,56.6],[-131.9,56.8],[-132.1,56.9],[-132,57],[-132.2,57.2],[-133.3,58.2],[-133.4,58.4],[-133.8,58.7],[-134.2,58.8],[-134.4,59.1],[-134.9,59.3],[-135.1,59.6],[-135.5,59.8],[-136.3,59.6],[-136.6,59.2],[-136.8,59.2],[-137.4,58.9],[-137.6,59.2],[-138.6,59.8],[-138.7,59.9],[-139.1,60]]],[[[-171.5,63.6],[-171.7,63.7],[-171.8,63.4],[-171.4,63.3],[-171.1,63.4],[-170.5,63.4],[-170.2,63.2],[-169.8,63.1],[-169.4,63.2],[-168.9,63.2],[-168.7,63.3],[-169.4,63.3],[-170,63.5],[-170.4,63.7],[-171,63.6],[-171.5,63.6]]],[[[-166.1,60.4],[-166.5,60.4],[-166.8,60.2],[-167.4,60.2],[-167.1,60],[-166.2,59.8],[-165.9,59.9],[-165.6,59.9],[-165.7,60.3],[-166.1,60.4]]],[[[-147.7,59.8],[-147.5,59.9],[-147,60.3],[-147.1,60.4],[-147.8,59.9],[-147.7,59.8]]],[[[-152.4,58.4],[-152.7,58.5],[-153.4,58.1],[-153,58],[-152.1,58.2],[-152.4,58.4]]],[[[-134.7,58.2],[-134.7,57.6],[-134.5,57.5],[-134.6,57.1],[-134.4,57.1],[-134.1,57.3],[-133.9,57.3],[-133.9,57.6],[-134.3,57.9],[-134.2,58.1],[-134.7,58.2]]],[[[-135.7,58.2],[-136.5,58.1],[-136.6,58],[-136.1,57.7],[-135.9,57.4],[-135.6,57.5],[-135.5,57.7],[-135.1,57.5],[-135,57.7],[-135,58.1],[-135.6,58.1],[-135.7,58.2]]],[[[-152.9,57.8],[-153.2,57.8],[-153.8,57.6],[-154.3,57.6],[-154.5,57.6],[-154.7,57.3],[-154.3,56.9],[-154.1,57.1],[-153.8,57],[-153.3,57.2],[-153.1,57.2],[-152.8,57.5],[-152.4,57.5],[-152.5,57.9],[-152.9,57.8]]],[[[-135,57.4],[-135.3,57.5],[-135.8,57.3],[-135.5,57.2],[-135.2,57],[-135.3,56.8],[-135,56.7],[-135,56.5],[-134.6,56.3],[-134.6,56.7],[-135,57.4]]],[[[-133.4,57],[-133.9,57.1],[-134,57],[-133.7,56.8],[-133.6,56.5],[-133.2,56.5],[-133,56.7],[-133.1,57],[-133.4,57]]],[[[-134,56.8],[-134.4,56.8],[-134.2,56.4],[-134.2,56.1],[-133.9,56.1],[-133.9,56.6],[-133.7,56.7],[-134,56.8]]],[[[-132.1,56.1],[-132.1,56.2],[-132.4,56.5],[-132.7,56.1],[-132.1,55.9],[-132.1,56.1]]],[[[-133.6,56.3],[-133.5,56.1],[-133.2,55.9],[-133.4,55.8],[-133.3,55.6],[-133.1,55.6],[-133.1,55.4],[-132.8,55],[-132,54.8],[-132,55.2],[-132.4,55.5],[-132.4,55.7],[-132.8,56],[-133.1,56.1],[-133.2,56.3],[-133.6,56.3]]],[[[-131,55.5],[-131,55.7],[-131.3,56],[-131.6,55.8],[-131.6,55.6],[-131.8,55.4],[-131.8,55.2],[-131.1,55.3],[-131,55.5]]],[[[-163.5,55],[-163.9,55],[-164.3,54.9],[-164.5,54.9],[-164.9,54.6],[-164.8,54.4],[-164.5,54.4],[-164.1,54.6],[-163.6,54.6],[-163.4,54.7],[-163.5,55]]],[[[-166.6,53.9],[-167,54],[-167.1,53.9],[-167,53.7],[-167.1,53.5],[-167.8,53.3],[-167.5,53.3],[-167.2,53.4],[-166.8,53.5],[-166.4,53.7],[-166.6,53.9]]],[[[-168,53.3],[-168,53.6],[-168.3,53.5],[-168.4,53.3],[-168.6,53.3],[-168.8,53],[-168.5,53],[-168.3,53.2],[-168,53.3]]],[[[-174.7,52],[-174.1,52.1],[-174,52.3],[-174.7,52]]],[[[-176.6,51.9],[-176.9,51.8],[-176.8,51.6],[-176.4,51.8],[-176.6,51.9]]],[[[-177.9,51.6],[-177.8,51.8],[-178,51.9],[-178.2,51.9],[-177.9,51.6]]]]},"properties":{"featurecla":"Admin-1 scale rank","scalerank":2,"adm1_code":"USA-3563","diss_me":3563,"iso_3166_2":"US-AK","wikipedia":"http://en.wikipedia.org/wiki/Alaska","iso_a2":"US","adm0_sr":6,"name":"Alaska","name_alt":"AK|Alaska","name_local":"","type":"State","type_en":"State","code_local":"US02","code_hasc":"US.AK","note":"","hasc_maybe":"","region":"West","region_cod":"","provnum_ne":0,"gadm_level":1,"check_me":20,"datarank":1,"abbrev":"Alaska","postal":"AK","area_sqkm":0,"sameascity":-99,"labelrank":0,"name_len":6,"mapcolor9":1,"mapcolor13":1,"fips":"US02","fips_alt":"","woe_id":2347560,"woe_label":"Alaska, US, United States","woe_name":"Alaska","latitude":65.3609,"longitude":-151.604,"sov_a3":"US1","adm0_a3":"USA","adm0_label":2,"admin":"United States of America","geonunit":"United States of America","gu_a3":"USA","gn_id":5879092,"gn_name":"Alaska","gns_id":-1,"gns_name":"","gn_level":1,"gn_region":"","gn_a1_code":"US.AK","region_sub":"Pacific","sub_code":"","gns_level":-1,"gns_lang":"","gns_adm1":"","gns_region":"","min_label":3.5,"max_label":7.5,"min_zoom":2,"wikidataid":"Q797","name_ar":"ألاسكا","name_bn":"আলাস্কা","name_de":"Alaska","name_en":"Alaska","name_es":"Alaska","name_fr":"Alaska","name_el":"Αλάσκα","name_hi":"अलास्का","name_hu":"Alaszka","name_id":"Alaska","name_it":"Alaska","name_ja":"アラスカ州","name_ko":"알래스카","name_nl":"Alaska","name_pl":"Alaska","name_pt":"Alasca","name_ru":"Аляска","name_sv":"Alaska","name_tr":"Alaska","name_vi":"Alaska","name_zh":"阿拉斯加州","ne_id":1159308731,"name_he":"אלסקה","name_uk":"Аляска","name_ur":"الاسکا","name_fa":"آلاسکا","name_zht":"阿拉斯加州","FCLASS_ISO":"","FCLASS_US":"","FCLASS_FR":"","FCLASS_RU":"","FCLASS_ES":"","FCLASS_CN":"","FCLASS_TW":"","FCLASS_IN":"","FCLASS_NP":"","FCLASS_PK":"","FCLASS_DE":"","FCLASS_GB":"","FCLASS_BR":"","FCLASS_IL":"","FCLASS_PS":"","FCLASS_SA":"","FCLASS_EG":"","FCLASS_MA":"","FCLASS_PT":"","FCLASS_AR":"","FCLASS_JP":"","FCLASS_KO":"","FCLASS_VN":"","FCLASS_TR":"","FCLASS_ID":"","FCLASS_PL":"","FCLASS_GR":"","FCLASS_IT":"","FCLASS_NL":"","FCLASS_SE":"","FCLASS_BD":"","FCLASS_UA":"","FCLASS_TLC":""}},
{"type":"Feature","geometry":{"type":"Polygon","coordinates":[[[-87.5,30.4],[-87.4,30.7],[-87.6,30.9],[-87.6,31],[-86,31],[-85,31],[-85.1,31.3],[-85.1,31.6],[-85.1,31.9],[-85,32.1],[-84.9,32.2],[-85.2,33],[-85.5,34.2],[-85.6,35],[-87.5,35],[-88.2,35],[-88.1,34.9],[-88.3,33.4],[-88.5,31.9],[-88.4,30.4],[-88.1,30.4],[-88,30.7],[-87.8,30.3],[-87.6,30.3],[-87.5,30.4]]]},"properties":{"featurecla":"Admin-1 scale rank","scalerank":2,"adm1_code":"USA-3541","diss_me":3541,"iso_3166_2":"US-AL","wikipedia":"http://en.wikipedia.org/wiki/Alabama","iso_a2":"US","adm0_sr":5,"name":"Alabama","name_alt":"AL|Ala.","name_local":"","type":"State","type_en":"State","code_local":"US01","code_hasc":"US.AL","note":"","hasc_maybe":"","region":"South","region_cod":"","provnum_ne":0,"gadm_level":1,"check_me":20,"datarank":1,"abbrev":"Ala.","postal":"AL","area_sqkm":0,"sameascity":-99,"labelrank":0,"name_len":7,"mapcolor9":1,"mapcolor13":1,"fips":"US01","fips_alt":"","woe_id":2347559,"woe_label":"Alabama, US, United States","woe_name":"Alabama","latitude":32.8551,"longitude":-86.7184,"sov_a3":"US1","adm0_a3":"USA","adm0_label":2,"admin":"United States of America","geonunit":"United States of America","gu_a3":"USA","gn_id":4829764,"gn_name":"Alabama","gns_id":-1,"gns_name":"","gn_level":1,"gn_region":"","gn_a1_code":"US.AL","region_sub":"East South Central","sub_code":"","gns_level":-1,"gns_lang":"","gns_adm1":"","gns_region":"","min_label":3.5,"max_label":7.5,"min_zoom":2,"wikidataid":"Q173","name_ar":"ألاباما","name_bn":"অ্যালাবামা","name_de":"Alabama","name_en":"Alabama","name_es":"Alabama","name_fr":"Alabama","name_el":"Αλαμπάμα","name_hi":"अलाबामा","name_hu":"Alabama","name_id":"Alabama","name_it":"Alabama","name_ja":"アラバマ州","name_ko":"앨라배마","name_nl":"Alabama","name_pl":"Alabama","name_pt":"Alabama","name_ru":"Алабама","name_sv":"Alabama","name_tr":"Alabama","name_vi":"Alabama","name_zh":"亚拉巴马州","ne_id":1159315233,"name_he":"אלבמה","name_uk":"Алабама","name_ur":"الاباما","name_fa":"آلاباما","name_zht":"阿拉巴馬州","FCLASS_ISO":"","FCLASS_US":"","FCLASS_FR":"","FCLASS_RU":"","FCLASS_ES":"","FCLASS_CN":"","FCLASS_TW":"","FCLASS_IN":"","FCLASS_NP":"","FCLASS_PK":"","FCLASS_DE":"","FCLASS_GB":"","FCLASS_BR":"","FCLASS_IL":"","FCLASS_PS":"","FCLASS_SA":"","FCLASS_EG":"","FCLASS_MA":"","FCLASS_PT":"","FCLASS_AR":"","FCLASS_JP":"","FCLASS_KO":"","FCLASS_VN":"","FCLASS_TR":"","FCLASS_ID":"","FCLASS_PL":"","FCLASS_GR":"","FCLASS_IT":"","FCLASS_NL":"","FCLASS_SE":"","FCLASS_BD":"","FCLASS_UA":"","FCLASS_TLC":""}},
{"type":"Feature","geometry":{"type":"Polygon","coordinates":[[[-89.7,36],[-90.4,36],[-90.1,36.3],[-90.2,36.5],[-91.8,36.5],[-92.9,36.5],[-94.6,36.5],[-94.4,35.4],[-94.5,33.6],[-94,33.6],[-94,33],[-92.2,33],[-91.1,33],[-91.1,33.2],[-91.2,33.7],[-91.1,33.8],[-90.9,34.2],[-90.6,34.5],[-90.5,34.7],[-90.3,35],[-90.1,35.2],[-90.1,35.4],[-89.9,35.7],[-89.8,35.8],[-89.7,36]]]},"properties":{"featurecla":"Admin-1 scale rank","scalerank":2,"adm1_code":"USA-3528","diss_me":3528,"iso_3166_2":"US-AR","wikipedia":"http://en.wikipedia.org/wiki/Arkansas","iso_a2":"US","adm0_sr":1,"name":"Arkansas","name_alt":"AR|Ark.","name_local":"","type":"State","type_en":"State","code_local":"US05","code_hasc":"US.AR","note":"","hasc_maybe":"","region":"South","region_cod":"","provnum_ne":0,"gadm_level":1,"check_me":20,"datarank":1,"abbrev":"Ark.","postal":"AR","area_sqkm":0,"sameascity":-99,"labelrank":0,"name_len":8,"mapcolor9":1,"mapcolor13":1,"fips":"US05","fips_alt":"","woe_id":2347562,"woe_label":"Arkansas, US, United States","woe_name":"Arkansas","latitude":34.7563,"longitude":-92.1428,"sov_a3":"US1","adm0_a3":"USA","adm0_label":2,"admin":"United States of America","geonunit":"United States of America","gu_a3":"USA","gn_id":4099753,"gn_name":"Arkansas","gns_id":-1,"gns_name":"","gn_level":1,"gn_region":"","gn_a1_code":"US.AR","region_sub":"West South Central","sub_code":"","gns_level":-1,"gns_lang":"","gns_adm1":"","gns_region":"","min_label":3.5,"max_label":7.5,"min_zoom":2,"wikidataid":"Q1612","name_ar":"أركنساس","name_bn":"আর্কানসাস","name_de":"Arkansas","name_en":"Arkansas","name_es":"Arkansas","name_fr":"Arkansas","name_el":"Άρκανσο","name_hi":"अरकांसास","name_hu":"Arkansas","name_id":"Arkansas","name_it":"Arkansas","name_ja":"アーカンソー州","name_ko":"아칸소","name_nl":"Arkansas","name_pl":"Arkansas","name_pt":"Arkansas","name_ru":"Арканзас","name_sv":"Arkansas","name_tr":"Arkansas","name_vi":"Arkansas","name_zh":"阿肯色州","ne_id":1159315355,"name_he":"ארקנסו","name_uk":"Арканзас","name_ur":"آرکنساس","name_fa":"آرکانزاس","name_zht":"阿肯色州","FCLASS_ISO":"","FCLASS_US":"","FCLASS_FR":"","FCLASS_RU":"","FCLASS_ES":"","FCLASS_CN":"","FCLASS_TW":"","FCLASS_IN":"","FCLASS_NP":"","FCLASS_PK":"","FCLASS_DE":"","FCLASS_GB":"","FCLASS_BR":"","FCLASS_IL":"","FCLASS_PS":"","FCLASS_SA":"","FCLASS_EG":"","FCLASS_MA":"","FCLASS_PT":"","FCLASS_AR":"","FCLASS_JP":"","FCLASS_KO":"","FCLASS_VN":"","FCLASS_TR":"","FCLASS_ID":"","FCLASS_PL":"","FCLASS_GR":"","FCLASS_IT":"","FCLASS_NL":"","FCLASS_SE":"","FCLASS_BD":"","FCLASS_UA":"","FCLASS_TLC":""}},
{"type":"Feature","geometry":{"type":"Polygon","coordinates":[[[-109,31.3],[-109,33.1],[-109,34.5],[-109,35.9],[-109,37],[-111.2,37],[-112.8,37],[-114,37],[-114,36.2],[-114.2,36],[-114.4,36.1],[-114.7,36.1],[-114.6,35.4],[-114.6,35],[-114.6,34.8],[-114.4,34.5],[-114.1,34.3],[-114.3,34.1],[-114.5,33.9],[-114.5,33.7],[-114.7,33.4],[-114.7,33.2],[-114.5,33],[-114.5,32.8],[-114.7,32.7],[-114.8,32.5],[-113.4,32.1],[-112,31.6],[-111,31.3],[-109,31.3]]]},"properties":{"featurecla":"Admin-1 scale rank","scalerank":2,"adm1_code":"USA-3520","diss_me":3520,"iso_3166_2":"US-AZ","wikipedia":"http://en.wikipedia.org/wiki/Arizona","iso_a2":"US","adm0_sr":1,"name":"Arizona","name_alt":"AZ|Ariz.","name_local":"","type":"State","type_en":"State","code_local":"US04","code_hasc":"US.AZ","note":"","hasc_maybe":"","region":"West","region_cod":"","provnum_ne":0,"gadm_level":1,"check_me":20,"datarank":1,"abbrev":"Ariz.","postal":"AZ","area_sqkm":0,"sameascity":-99,"labelrank":0,"name_len":7,"mapcolor9":1,"mapcolor13":1,"fips":"US04","fips_alt":"","woe_id":2347561,"woe_label":"Arizona, US, United States","woe_name":"Arizona","latitude":34.3046,"longitude":-111.935,"sov_a3":"US1","adm0_a3":"USA","adm0_label":2,"admin":"United States of America","geonunit":"United States of America","gu_a3":"USA","gn_id":5551752,"gn_name":"Arizona","gns_id":-1,"gns_name":"","gn_level":1,"gn_region":"","gn_a1_code":"US.AZ","region_sub":"Mountain","sub_code":"","gns_level":-1,"gns_lang":"","gns_adm1":"","gns_region":"","min_label":3.5,"max_label":7.5,"min_zoom":2,"wikidataid":"Q816","name_ar":"أريزونا","name_bn":"অ্যারিজোনা","name_de":"Arizona","name_en":"Arizona","name_es":"Arizona","name_fr":"Arizona","name_el":"Αριζόνα","name_hi":"एरीजोना","name_hu":"Arizona","name_id":"Arizona","name_it":"Arizona","name_ja":"アリゾナ州","name_ko":"애리조나","name_nl":"Arizona","name_pl":"Arizona","name_pt":"Arizona","name_ru":"Аризона","name_sv":"Arizona","name_tr":"Arizona","name_vi":"Arizona","name_zh":"亚利桑那州","ne_id":1159315341,"name_he":"אריזונה","name_uk":"Аризона","name_ur":"ایریزونا","name_fa":"آریزونا","name_zht":"亞利桑那州","FCLASS_ISO":"","FCLASS_US":"","FCLASS_FR":"","FCLASS_RU":"","FCLASS_ES":"","FCLASS_CN":"","FCLASS_TW":"","FCLASS_IN":"","FCLASS_NP":"","FCLASS_PK":"","FCLASS_DE":"","FCLASS_GB":"","FCLASS_BR":"","FCLASS_IL":"","FCLASS_PS":"","FCLASS_SA":"","FCLASS_EG":"","FCLASS_MA":"","FCLASS_PT":"","FCLASS_AR":"","FCLASS_JP":"","FCLASS_KO":"","FCLASS_VN":"","FCLASS_TR":"","FCLASS_ID":"","FCLASS_PL":"","FCLASS_GR":"","FCLASS_IT":"","FCLASS_NL":"","FCLASS_SE":"","FCLASS_BD":"","FCLASS_UA":"","FCLASS_TLC":""}},
{"type":"Feature","geometry":{"type":"Polygon","coordinates":[[[-114.6,35],[-115.6,35.8],[-116.7,36.6],[-118.1,37.7],[-119.1,38.3],[-120,39],[-120,40.3],[-120,42],[-121.8,42],[-123.4,42],[-124.2,42],[-124.2,41.8],[-124.1,41.6],[-124.1,41.4],[-124.1,41],[-124.4,40.5],[-124.3,40.3],[-123.9,39.9],[-123.8,39.6],[-123.8,39.4],[-123.7,38.9],[-123,38.3],[-123,38.1],[-122.8,37.9],[-122.5,37.8],[-122.5,37.5],[-122.4,37.2],[-122.2,37],[-121.9,36.9],[-121.8,36.7],[-121.9,36.6],[-121.9,36.3],[-121.7,36.2],[-121.3,35.8],[-120.9,35.4],[-120.9,35.2],[-120.6,35.1],[-120.6,34.6],[-120.5,34.5],[-120.1,34.5],[-119.6,34.4],[-119.3,34.3],[-119.1,34.1],[-118.8,34],[-118.5,34],[-118.4,33.7],[-118.1,33.7],[-117.5,33.3],[-117.3,33.1],[-117.2,32.7],[-117.1,32.5],[-115.7,32.6],[-114.7,32.7],[-114.5,32.8],[-114.5,33],[-114.7,33.2],[-114.7,33.4],[-114.5,33.7],[-114.5,33.9],[-114.3,34.1],[-114.1,34.3],[-114.4,34.5],[-114.6,34.8],[-114.6,35]]]},"properties":{"featurecla":"Admin-1 scale rank","scalerank":2,"adm1_code":"USA-3521","diss_me":3521,"iso_3166_2":"US-CA","wikipedia":"http://en.wikipedia.org/wiki/California","iso_a2":"US","adm0_sr":8,"name":"California","name_alt":"CA|Calif.","name_local":"","type":"State","type_en":"State","code_local":"US06","code_hasc":"US.CA","note":"","hasc_maybe":"","region":"West","region_cod":"","provnum_ne":0,"gadm_level":1,"check_me":20,"datarank":1,"abbrev":"Calif.","postal":"CA","area_sqkm":0,"sameascity":-99,"labelrank":0,"name_len":10,"mapcolor9":1,"mapcolor13":1,"fips":"US06","fips_alt":"","woe_id":2347563,"woe_label":"California, US, United States","woe_name":"California","latitude":36.7496,"longitude":-119.591,"sov_a3":"US1","adm0_a3":"USA","adm0_label":2,"admin":"United States of America","geonunit":"United States of America","gu_a3":"USA","gn_id":5332921,"gn_name":"California","gns_id":-1,"gns_name":"","gn_level":1,"gn_region":"","gn_a1_code":"US.CA","region_sub":"Pacific","sub_code":"","gns_level":-1,"gns_lang":"","gns_adm1":"","gns_region":"","min_label":3.5,"max_label":7.5,"min_zoom":2,"wikidataid":"Q99","name_ar":"كاليفورنيا","name_bn":"ক্যালিফোর্নিয়া","name_de":"Kalifornien","name_en":"California","name_es":"California","name_fr":"Californie","name_el":"Καλιφόρνια","name_hi":"कैलिफ़ोर्निया","name_hu":"Kalifornia","name_id":"California","name_it":"California","name_ja":"カリフォルニア州","name_ko":"캘리포니아","name_nl":"Californië","name_pl":"Kalifornia","name_pt":"Califórnia","name_ru":"Калифорния","name_sv":"Kalifornien","name_tr":"Kaliforniya","name_vi":"California","name_zh":"加利福尼亚州","ne_id":1159308415,"name_he":"קליפורניה","name_uk":"Каліфорнія","name_ur":"کیلی فورنیا","name_fa":"کالیفرنیا","name_zht":"加利福尼亞州","FCLASS_ISO":"","FCLASS_US":"","FCLASS_FR":"","FCLASS_RU":"","FCLASS_ES":"","FCLASS_CN":"","FCLASS_TW":"","FCLASS_IN":"","FCLASS_NP":"","FCLASS_PK":"","FCLASS_DE":"","FCLASS_GB":"","FCLASS_BR":"","FCLASS_IL":"","FCLASS_PS":"","FCLASS_SA":"","FCLASS_EG":"","FCLASS_MA":"","FCLASS_PT":"","FCLASS_AR":"","FCLASS_JP":"","FCLASS_KO":"","FCLASS_VN":"","FCLASS_TR":"","FCLASS_ID":"","FCLASS_PL":"","FCLASS_GR":"","FCLASS_IT":"","FCLASS_NL":"","FCLASS_SE":"","FCLASS_BD":"","FCLASS_UA":"","FCLASS_TLC":""}},
{"type":"Feature","geometry":{"type":"Polygon","coordinates":[[[-109,37],[-107.5,37],[-105.6,37],[-104.1,37],[-103,37],[-102,37],[-102,38.3],[-102,40],[-102,41],[-104,41],[-105.9,41],[-107.8,41],[-109,41],[-109,40.3],[-109,39],[-109,38],[-109,37]]]},"properties":{"featurecla":"Admin-1 scale rank","scalerank":2,"adm1_code":"USA-3522","diss_me":3522,"iso_3166_2":"US-CO","wikipedia":"http://en.wikipedia.org/wiki/Colorado","iso_a2":"US","adm0_sr":1,"name":"Colorado","name_alt":"CO|Colo.","name_local":"","type":"State","type_en":"State","code_local":"US08","code_hasc":"US.CO","note":"","hasc_maybe":"","region":"West","region_cod":"","provnum_ne":0,"gadm_level":1,"check_me":20,"datarank":1,"abbrev":"Colo.","postal":"CO","area_sqkm":0,"sameascity":-99,"labelrank":0,"name_len":8,"mapcolor9":1,"mapcolor13":1,"fips":"US08","fips_alt":"","woe_id":2347564,"woe_label":"Colorado, US, United States","woe_name":"Colorado","latitude":38.9998,"longitude":-105.543,"sov_a3":"US1","adm0_a3":"USA","adm0_label":2,"admin":"United States of America","geonunit":"United States of America","gu_a3":"USA","gn_id":5417618,"gn_name":"Colorado","gns_id":-1,"gns_name":"","gn_level":1,"gn_region":"","gn_a1_code":"US.CO","region_sub":"Mountain","sub_code":"","gns_level":-1,"gns_lang":"","gns_adm1":"","gns_region":"","min_label":3.5,"max_label":7.5,"min_zoom":2,"wikidataid":"Q1261","name_ar":"كولورادو","name_bn":"কলোরাডো","name_de":"Colorado","name_en":"Colorado","name_es":"Colorado","name_fr":"Colorado","name_el":"Κολοράντο","name_hi":"कॉलराडो","name_hu":"Colorado","name_id":"Colorado","name_it":"Colorado","name_ja":"コロラド州","name_ko":"콜로라도","name_nl":"Colorado","name_pl":"Kolorado","name_pt":"Colorado","name_ru":"Колорадо","name_sv":"Colorado","name_tr":"Colorado","name_vi":"Colorado","name_zh":"科罗拉多州","ne_id":1159315343,"name_he":"קולורדו","name_uk":"Колорадо","name_ur":"کولوراڈو","name_fa":"کلرادو","name_zht":"科羅拉多州","FCLASS_ISO":"","FCLASS_US":"","FCLASS_FR":"","FCLASS_RU":"","FCLASS_ES":"","FCLASS_CN":"","FCLASS_TW":"","FCLASS_IN":"","FCLASS_NP":"","FCLASS_PK":"","FCLASS_DE":"","FCLASS_GB":"","FCLASS_BR":"","FCLASS_IL":"","FCLASS_PS":"","FCLASS_SA":"","FCLASS_EG":"","FCLASS_MA":"","FCLASS_PT":"","FCLASS_AR":"","FCLASS_JP":"","FCLASS_KO":"","FCLASS_VN":"","FCLASS_TR":"","FCLASS_ID":"","FCLASS_PL":"","FCLASS_GR":"","FCLASS_IT":"","FCLASS_NL":"","FCLASS_SE":"","FCLASS_BD":"","FCLASS_UA":"","FCLASS_TLC":""}},
{"type":"Feature","geometry":{"type":"Polygon","coordinates":[[[-71.8,42],[-73.5,42.1],[-73.5,41.3],[-73.7,41.1],[-73.6,41],[-73.2,41.2],[-72.8,41.3],[-71.8,41.3],[-71.8,41.5],[-71.8,42]]]},"properties":{"featurecla":"Admin-1 scale rank","scalerank":2,"adm1_code":"USA-3537","diss_me":3537,"iso_3166_2":"US-CT","wikipedia":"http://en.wikipedia.org/wiki/Connecticut","iso_a2":"US","adm0_sr":1,"name":"Connecticut","name_alt":"CT|Conn.","name_local":"","type":"State","type_en":"State","code_local":"US09","code_hasc":"US.CT","note":"","hasc_maybe":"","region":"Northeast","region_cod":"","provnum_ne":0,"gadm_level":1,"check_me":20,"datarank":1,"abbrev":"Conn.","postal":"CT","area_sqkm":0,"sameascity":-99,"labelrank":0,"name_len":11,"mapcolor9":1,"mapcolor13":1,"fips":"US09","fips_alt":"","woe_id":2347565,"woe_label":"Connecticut, US, United States","woe_name":"Connecticut","latitude":41.6486,"longitude":-72.7594,"sov_a3":"US1","adm0_a3":"USA","adm0_label":2,"admin":"United States of America","geonunit":"United States of America","gu_a3":"USA","gn_id":4831725,"gn_name":"Connecticut","gns_id":-1,"gns_name":"","gn_level":1,"gn_region":"","gn_a1_code":"US.CT","region_sub":"New England","sub_code":"","gns_level":-1,"gns_lang":"","gns_adm1":"","gns_region":"","min_label":3.5,"max_label":7.5,"min_zoom":2,"wikidataid":"Q779","name_ar":"كونيتيكت","name_bn":"কানেটিকাট","name_de":"Connecticut","name_en":"Connecticut","name_es":"Connecticut","name_fr":"Connecticut","name_el":"Κονέκτικατ","name_hi":"कनेक्टिकट","name_hu":"Connecticut","name_id":"Connecticut","name_it":"Connecticut","name_ja":"コネチカット州","name_ko":"코네티컷","name_nl":"Connecticut","name_pl":"Connecticut","name_pt":"Connecticut","name_ru":"Коннектикут","name_sv":"Connecticut","name_tr":"Connecticut","name_vi":"Connecticut","name_zh":"康涅狄格州","ne_id":1159315301,"name_he":"קונטיקט","name_uk":"Коннектикут","name_ur":"کنیکٹیکٹ","name_fa":"کانتیکت","name_zht":"康乃狄克州","FCLASS_ISO":"","FCLASS_US":"","FCLASS_FR":"","FCLASS_RU":"","FCLASS_ES":"","FCLASS_CN":"","FCLASS_TW":"","FCLASS_IN":"","FCLASS_NP":"","FCLASS_PK":"","FCLASS_DE":"","FCLASS_GB":"","FCLASS_BR":"","FCLASS_IL":"","FCLASS_PS":"","FCLASS_SA":"","FCLASS_EG":"","FCLASS_MA":"","FCLASS_PT":"","FCLASS_AR":"","FCLASS_JP":"","FCLASS_KO":"","FCLASS_VN":"","FCLASS_TR":"","FCLASS_ID":"","FCLASS_PL":"","FCLASS_GR":"","FCLASS_IT":"","FCLASS_NL":"","FCLASS_SE":"","FCLASS_BD":"","FCLASS_UA":"","FCLASS_TLC":""}},
{"type":"Feature","geometry":{"type":"Polygon","coordinates":[[[-77,38.9],[-76.9,38.9],[-77,39],[-77.1,38.9],[-77,38.9]]]},"properties":{"featurecla":"Admin-1 scale rank","scalerank":2,"adm1_code":"USA-3556","diss_me":3556,"iso_3166_2":"US-DC","wikipedia":"http://en.wikipedia.org/wiki/Washington,_D.C.","iso_a2":"US","adm0_sr":1,"name":"District of Columbia","name_alt":"DC|D.C.","name_local":"","type":"Federal District","type_en":"Federal District","code_local":"US11","code_hasc":"US.DC","note":"","hasc_maybe":"","region":"South","region_cod":"","provnum_ne":0,"gadm_level":1,"check_me":20,"datarank":1,"abbrev":"D.C.","postal":"DC","area_sqkm":0,"sameascity":9,"labelrank":9,"name_len":20,"mapcolor9":1,"mapcolor13":1,"fips":"US11","fips_alt":"","woe_id":2347567,"woe_label":"District of Columbia, US, United States","woe_name":"District of Columbia","latitude":38.8922,"longitude":-77.0113,"sov_a3":"US1","adm0_a3":"USA","adm0_label":2,"admin":"United States of America","geonunit":"United States of America","gu_a3":"USA","gn_id":4138106,"gn_name":"District of Columbia","gns_id":-1,"gns_name":"","gn_level":1,"gn_region":"","gn_a1_code":"US.DC","region_sub":"South Atlantic","sub_code":"","gns_level":-1,"gns_lang":"","gns_adm1":"","gns_region":"","min_label":3.5,"max_label":7.5,"min_zoom":2,"wikidataid":"Q61","name_ar":"واشنطن","name_bn":"ওয়াশিংটন","name_de":"Washington","name_en":"Washington","name_es":"Washington D. C.","name_fr":"Washington","name_el":"Ουάσινγκτον","name_hi":"वॉशिंगटन डी॰ सी॰","name_hu":"Washington","name_id":"Washington","name_it":"Washington","name_ja":"ワシントンD.C.","name_ko":"워싱턴 D.C.","name_nl":"Washington D.C.","name_pl":"Waszyngton","name_pt":"Washington","name_ru":"Вашингтон","name_sv":"Washington","name_tr":"Washington","name_vi":"Washington","name_zh":"华盛顿哥伦比亚特区","ne_id":1159315327,"name_he":"וושינגטון די. סי.","name_uk":"Вашингтон","name_ur":"واشنگٹن ڈی سی","name_fa":"واشینگتن، دی. سی.","name_zht":"華盛頓哥倫比亞特區","FCLASS_ISO":"","FCLASS_US":"","FCLASS_FR":"","FCLASS_RU":"","FCLASS_ES":"","FCLASS_CN":"","FCLASS_TW":"","FCLASS_IN":"","FCLASS_NP":"","FCLASS_PK":"","FCLASS_DE":"","FCLASS_GB":"","FCLASS_BR":"","FCLASS_IL":"","FCLASS_PS":"","FCLASS_SA":"","FCLASS_EG":"","FCLASS_MA":"","FCLASS_PT":"","FCLASS_AR":"","FCLASS_JP":"","FCLASS_KO":"","FCLASS_VN":"","FCLASS_TR":"","FCLASS_ID":"","FCLASS_PL":"","FCLASS_GR":"","FCLASS_IT":"","FCLASS_NL":"","FCLASS_SE":"","FCLASS_BD":"","FCLASS_UA":"","FCLASS_TLC":""}},
{"type":"Feature","geometry":{"type":"Polygon","coordinates":[[[-75,38.5],[-75.2,38.8],[-75.4,39.1],[-75.4,39.3],[-75.6,39.5],[-75.6,39.6],[-75.4,39.8],[-75.6,39.8],[-75.8,39.7],[-75.7,38.5],[-75,38.5]]]},"properties":{"featurecla":"Admin-1 scale rank","scalerank":2,"adm1_code":"USA-3555","diss_me":3555,"iso_3166_2":"US-DE","wikipedia":"http://en.wikipedia.org/wiki/Delaware","iso_a2":"US","adm0_sr":1,"name":"Delaware","name_alt":"DE|Del.","name_local":"","type":"State","type_en":"State","code_local":"US10","code_hasc":"US.DE","note":"","hasc_maybe":"","region":"South","region_cod":"","provnum_ne":0,"gadm_level":1,"check_me":20,"datarank":1,"abbrev":"Del.","postal":"DE","area_sqkm":0,"sameascity":-99,"labelrank":0,"name_len":8,"mapcolor9":1,"mapcolor13":1,"fips":"US10","fips_alt":"","woe_id":2347566,"woe_label":"Delaware, US, United States","woe_name":"Delaware","latitude":38.8657,"longitude":-75.4112,"sov_a3":"US1","adm0_a3":"USA","adm0_label":2,"admin":"United States of America","geonunit":"United States of America","gu_a3":"USA","gn_id":4142224,"gn_name":"Delaware","gns_id":-1,"gns_name":"","gn_level":1,"gn_region":"","gn_a1_code":"US.DE","region_sub":"South Atlantic","sub_code":"","gns_level":-1,"gns_lang":"","gns_adm1":"","gns_region":"","min_label":3.5,"max_label":7.5,"min_zoom":2,"wikidataid":"Q1393","name_ar":"ديلاوير","name_bn":"ডেলাওয়্যার","name_de":"Delaware","name_en":"Delaware","name_es":"Delaware","name_fr":"Delaware","name_el":"Ντέλαγουερ","name_hi":"डेलावेयर","name_hu":"Delaware","name_id":"Delaware","name_it":"Delaware","name_ja":"デラウェア州","name_ko":"델라웨어","name_nl":"Delaware","name_pl":"Delaware","name_pt":"Delaware","name_ru":"Делавэр","name_sv":"Delaware","name_tr":"Delaware","name_vi":"Delaware","name_zh":"特拉华州","ne_id":1159315325,"name_he":"דלאוור","name_uk":"Делавер","name_ur":"ڈیلاویئر","name_fa":"دلاویر","name_zht":"特拉華州","FCLASS_ISO":"","FCLASS_US":"","FCLASS_FR":"","FCLASS_RU":"","FCLASS_ES":"","FCLASS_CN":"","FCLASS_TW":"","FCLASS_IN":"","FCLASS_NP":"","FCLASS_PK":"","FCLASS_DE":"","FCLASS_GB":"","FCLASS_BR":"","FCLASS_IL":"","FCLASS_PS":"","FCLASS_SA":"","FCLASS_EG":"","FCLASS_MA":"","FCLASS_PT":"","FCLASS_AR":"","FCLASS_JP":"","FCLASS_KO":"","FCLASS_VN":"","FCLASS_TR":"","FCLASS_ID":"","FCLASS_PL":"","FCLASS_GR":"","FCLASS_IT":"","FCLASS_NL":"","FCLASS_SE":"","FCLASS_BD":"","FCLASS_UA":"","FCLASS_TLC":""}},
{"type":"Feature","geometry":{"type":"Polygon","coordinates":[[[-87.5,30.4],[-87.3,30.3],[-87.2,30.5],[-87,30.4],[-86.7,30.4],[-86.4,30.5],[-86.3,30.5],[-86.2,30.3],[-85.8,30.2],[-85.4,29.9],[-85.3,29.7],[-84.8,29.8],[-84.5,29.9],[-84.4,29.9],[-84.3,30.1],[-84,30.1],[-83.7,29.9],[-83.3,29.5],[-82.8,29.1],[-82.7,28.9],[-82.7,28.5],[-82.8,27.8],[-82.7,27.7],[-82.5,27.9],[-82.4,27.8],[-82.6,27.5],[-82.6,27.4],[-82.4,27.1],[-82.2,26.8],[-82,26.6],[-81.9,26.4],[-81.8,26.1],[-81.7,26],[-81.4,25.8],[-81.1,25.3],[-81.1,25.1],[-80.7,25.2],[-80.5,25.2],[-80.4,25.3],[-80.3,25.6],[-80.1,25.8],[-80,26.6],[-80.1,27.1],[-80.2,27.2],[-80.7,28.2],[-80.5,28.5],[-80.9,29],[-81.2,29.8],[-81.5,30.7],[-81.9,30.8],[-82,30.7],[-82.1,30.4],[-82.2,30.6],[-83.5,30.6],[-84.9,30.7],[-85,31],[-86,31],[-87.6,31],[-87.6,30.9],[-87.4,30.7],[-87.5,30.4]]]},"properties":{"featurecla":"Admin-1 scale rank","scalerank":2,"adm1_code":"USA-3542","diss_me":3542,"iso_3166_2":"US-FL","wikipedia":"http://en.wikipedia.org/wiki/Florida","iso_a2":"US","adm0_sr":5,"name":"Florida","name_alt":"FL|Fla.","name_local":"","type":"State","type_en":"State","code_local":"US12","code_hasc":"US.FL","note":"","hasc_maybe":"","region":"South","region_cod":"","provnum_ne":0,"gadm_level":1,"check_me":20,"datarank":8,"abbrev":"Fla.","postal":"FL","area_sqkm":0,"sameascity":-99,"labelrank":0,"name_len":7,"mapcolor9":1,"mapcolor13":1,"fips":"US12","fips_alt":"","woe_id":2347568,"woe_label":"Florida, US, United States","woe_name":"Florida","latitude":28.1568,"longitude":-81.6228,"sov_a3":"US1","adm0_a3":"USA","adm0_label":2,"admin":"United States of America","geonunit":"United States of America","gu_a3":"USA","gn_id":4155751,"gn_name":"Florida","gns_id":-1,"gns_name":"","gn_level":1,"gn_region":"","gn_a1_code":"US.FL","region_sub":"South Atlantic","sub_code":"","gns_level":-1,"gns_lang":"","gns_adm1":"","gns_region":"","min_label":3.5,"max_label":7.5,"min_zoom":2,"wikidataid":"Q812","name_ar":"فلوريدا","name_bn":"ফ্লোরিডা","name_de":"Florida","name_en":"Florida","name_es":"Florida","name_fr":"Floride","name_el":"Φλόριντα","name_hi":"फ़्लोरिडा","name_hu":"Florida","name_id":"Florida","name_it":"Florida","name_ja":"フロリダ州","name_ko":"플로리다","name_nl":"Florida","name_pl":"Floryda","name_pt":"Flórida","name_ru":"Флорида","name_sv":"Florida","name_tr":"Florida","name_vi":"Florida","name_zh":"佛罗里达州","ne_id":1159315207,"name_he":"פלורידה","name_uk":"Флорида","name_ur":"فلوریڈا","name_fa":"فلوریدا","name_zht":"佛羅里達州","FCLASS_ISO":"","FCLASS_US":"","FCLASS_FR":"","FCLASS_RU":"","FCLASS_ES":"","FCLASS_CN":"","FCLASS_TW":"","FCLASS_IN":"","FCLASS_NP":"","FCLASS_PK":"","FCLASS_DE":"","FCLASS_GB":"","FCLASS_BR":"","FCLASS_IL":"","FCLASS_PS":"","FCLASS_SA":"","FCLASS_EG":"","FCLASS_MA":"","FCLASS_PT":"","FCLASS_AR":"","FCLASS_JP":"","FCLASS_KO":"","FCLASS_VN":"","FCLASS_TR":"","FCLASS_ID":"","FCLASS_PL":"","FCLASS_GR":"","FCLASS_IT":"","FCLASS_NL":"","FCLASS_SE":"","FCLASS_BD":"","FCLASS_UA":"","FCLASS_TLC":""}},
{"type":"Feature","geometry":{"type":"Polygon","coordinates":[[[-85,31],[-84.9,30.7],[-83.5,30.6],[-82.2,30.6],[-82.1,30.4],[-82,30.7],[-81.9,30.8],[-81.5,30.7],[-81.5,31.1],[-81.3,31.3],[-81.2,31.5],[-81.2,31.7],[-80.9,32],[-81.1,32.1],[-81.2,32.4],[-81.4,32.6],[-81.5,32.9],[-81.9,33.4],[-82,33.5],[-82.6,34],[-82.8,34.4],[-83.1,34.5],[-83.4,34.7],[-83.1,35],[-84.3,35],[-85.6,35],[-85.5,34.2],[-85.2,33],[-84.9,32.2],[-85,32.1],[-85.1,31.9],[-85.1,31.6],[-85.1,31.3],[-85,31]]]},"properties":{"featurecla":"Admin-1 scale rank","scalerank":2,"adm1_code":"USA-3543","diss_me":3543,"iso_3166_2":"US-GA","wikipedia":"http://en.wikipedia.org/wiki/Georgia_(U.S._state)","iso_a2":"US","adm0_sr":6,"name":"Georgia","name_alt":"GA|Ga.","name_local":"","type":"State","type_en":"State","code_local":"US13","code_hasc":"US.GA","note":"","hasc_maybe":"","region":"South","region_cod":"","provnum_ne":0,"gadm_level":1,"check_me":20,"datarank":1,"abbrev":"Ga.","postal":"GA","area_sqkm":0,"sameascity":-99,"labelrank":0,"name_len":7,"mapcolor9":1,"mapcolor13":1,"fips":"US13","fips_alt":"","woe_id":2347569,"woe_label":"Georgia, US, United States","woe_name":"Georgia","latitude":32.8547,"longitude":-83.4078,"sov_a3":"US1","adm0_a3":"USA","adm0_label":2,"admin":"United States of America","geonunit":"United States of America","gu_a3":"USA","gn_id":4197000,"gn_name":"Georgia","gns_id":-1,"gns_name":"","gn_level":1,"gn_region":"","gn_a1_code":"US.GA","region_sub":"South Atlantic","sub_code":"","gns_level":-1,"gns_lang":"","gns_adm1":"","gns_region":"","min_label":3.5,"max_label":7.5,"min_zoom":2,"wikidataid":"Q1428","name_ar":"جورجيا","name_bn":"জর্জিয়া","name_de":"Georgia","name_en":"Georgia","name_es":"Georgia","name_fr":"Géorgie","name_el":"Τζόρτζια","name_hi":"जॉर्जिया","name_hu":"Georgia","name_id":"Georgia","name_it":"Georgia","name_ja":"ジョージア州","name_ko":"조지아","name_nl":"Georgia","name_pl":"Georgia","name_pt":"Geórgia","name_ru":"Джорджия","name_sv":"Georgia","name_tr":"Georgia","name_vi":"Georgia","name_zh":"佐治亚州","ne_id":1159311857,"name_he":"ג'ורג'יה","name_uk":"Джорджія","name_ur":"ریاست جارجیا","name_fa":"جورجیا","name_zht":"喬治亞州","FCLASS_ISO":"","FCLASS_US":"","FCLASS_FR":"","FCLASS_RU":"","FCLASS_ES":"","FCLASS_CN":"","FCLASS_TW":"","FCLASS_IN":"","FCLASS_NP":"","FCLASS_PK":"","FCLASS_DE":"","FCLASS_GB":"","FCLASS_BR":"","FCLASS_IL":"","FCLASS_PS":"","FCLASS_SA":"","FCLASS_EG":"","FCLASS_MA":"","FCLASS_PT":"","FCLASS_AR":"","FCLASS_JP":"","FCLASS_KO":"","FCLASS_VN":"","FCLASS_TR":"","FCLASS_ID":"","FCLASS_PL":"","FCLASS_GR":"","FCLASS_IT":"","FCLASS_NL":"","FCLASS_SE":"","FCLASS_BD":"","FCLASS_UA":"","FCLASS_TLC":""}},
{"type":"Feature","geometry":{"type":"MultiPolygon","coordinates":[[[[-159.4,21.9],[-159.4,22.2],[-159.6,22.2],[-159.8,22],[-159.6,21.9],[-159.4,21.9]]],[[[-157.8,21.5],[-158,21.7],[-158.3,21.6],[-158.1,21.3],[-157.9,21.3],[-157.8,21.5]]],[[[-157.2,21.2],[-157.3,21.1],[-156.9,21.1],[-156.7,21.2],[-157.2,21.2]]],[[[-156.5,20.9],[-156.4,20.6],[-156.1,20.6],[-156,20.8],[-156.3,21],[-156.5,20.9]]],[[[-155.6,19],[-155.3,19.3],[-155.1,19.3],[-154.8,19.5],[-155.1,19.7],[-155.2,20],[-155.8,20.3],[-155.8,20],[-156,19.7],[-155.9,19.4],[-155.9,19.1],[-155.7,19],[-155.6,19]]]]},"properties":{"featurecla":"Admin-1 scale rank","scalerank":2,"adm1_code":"USA-3517","diss_me":3517,"iso_3166_2":"US-HI","wikipedia":"http://en.wikipedia.org/wiki/Hawaii","iso_a2":"US","adm0_sr":8,"name":"Hawaii","name_alt":"HI|Hawaii","name_local":"","type":"State","type_en":"State","code_local":"US15","code_hasc":"US.HI","note":"","hasc_maybe":"","region":"West","region_cod":"","provnum_ne":0,"gadm_level":1,"check_me":20,"datarank":1,"abbrev":"Hawaii","postal":"HI","area_sqkm":0,"sameascity":-99,"labelrank":0,"name_len":6,"mapcolor9":1,"mapcolor13":1,"fips":"US15","fips_alt":"","woe_id":2347570,"woe_label":"Hawaii, US, United States","woe_name":"Hawaii","latitude":21.4919,"longitude":-157.999,"sov_a3":"US1","adm0_a3":"USA","adm0_label":2,"admin":"United States of America","geonunit":"United States of America","gu_a3":"USA","gn_id":5855797,"gn_name":"Hawaii","gns_id":-1,"gns_name":"","gn_level":1,"gn_region":"","gn_a1_code":"US.HI","region_sub":"Pacific","sub_code":"","gns_level":-1,"gns_lang":"","gns_adm1":"","gns_region":"","min_label":3.5,"max_label":7.5,"min_zoom":2,"wikidataid":"Q782","name_ar":"هاواي","name_bn":"হাওয়াই","name_de":"Hawaii","name_en":"Hawaii","name_es":"Hawái","name_fr":"Hawaï","name_el":"Χαβάη","name_hi":"हवाई","name_hu":"Hawaii","name_id":"Hawaii","name_it":"Hawaii","name_ja":"ハワイ州","name_ko":"하와이","name_nl":"Hawaï","name_pl":"Hawaje","name_pt":"Havaí","name_ru":"Гавайи","name_sv":"Hawaii","name_tr":"Hawaii","name_vi":"Hawaii","name_zh":"夏威夷州","ne_id":1159308409,"name_he":"הוואי","name_uk":"Гаваї","name_ur":"ہوائی","name_fa":"هاوائی","name_zht":"夏威夷州","FCLASS_ISO":"","FCLASS_US":"","FCLASS_FR":"","FCLASS_RU":"","FCLASS_ES":"","FCLASS_CN":"","FCLASS_TW":"","FCLASS_IN":"","FCLASS_NP":"","FCLASS_PK":"","FCLASS_DE":"","FCLASS_GB":"","FCLASS_BR":"","FCLASS_IL":"","FCLASS_PS":"","FCLASS_SA":"","FCLASS_EG":"","FCLASS_MA":"","FCLASS_PT":"","FCLASS_AR":"","FCLASS_JP":"","FCLASS_KO":"","FCLASS_VN":"","FCLASS_TR":"","FCLASS_ID":"","FCLASS_PL":"","FCLASS_GR":"","FCLASS_IT":"","FCLASS_NL":"","FCLASS_SE":"","FCLASS_BD":"","FCLASS_UA":"","FCLASS_TLC":""}},
{"type":"Feature","geometry":{"type":"Polygon","coordinates":[[[-91.4,40.4],[-91.3,40.6],[-91.1,40.7],[-91,41],[-91.1,41.3],[-90.9,41.4],[-90.4,41.6],[-90.2,41.8],[-90.2,42.1],[-90.7,42.5],[-90.8,42.7],[-91.1,42.8],[-91.2,43.1],[-91.1,43.3],[-91.2,43.5],[-92.6,43.5],[-94.8,43.5],[-96.5,43.5],[-96.6,43.2],[-96.5,43.1],[-96.6,42.7],[-96.5,42.5],[-96.3,42.1],[-96.2,42],[-96.1,41.5],[-95.9,41.3],[-95.8,40.6],[-94.8,40.6],[-93,40.6],[-91.7,40.6],[-91.4,40.4]]]},"properties":{"featurecla":"Admin-1 scale rank","scalerank":2,"adm1_code":"USA-3529","diss_me":3529,"iso_3166_2":"US-IA","wikipedia":"http://en.wikipedia.org/wiki/Iowa","iso_a2":"US","adm0_sr":1,"name":"Iowa","name_alt":"IA|Iowa","name_local":"","type":"State","type_en":"State","code_local":"US19","code_hasc":"US.IA","note":"","hasc_maybe":"","region":"Midwest","region_cod":"","provnum_ne":0,"gadm_level":1,"check_me":20,"datarank":1,"abbrev":"Iowa","postal":"IA","area_sqkm":0,"sameascity":-99,"labelrank":0,"name_len":4,"mapcolor9":1,"mapcolor13":1,"fips":"US19","fips_alt":"","woe_id":2347574,"woe_label":"Iowa, US, United States","woe_name":"Iowa","latitude":42.0423,"longitude":-93.3891,"sov_a3":"US1","adm0_a3":"USA","adm0_label":2,"admin":"United States of America","geonunit":"United States of America","gu_a3":"USA","gn_id":4862182,"gn_name":"Iowa","gns_id":-1,"gns_name":"","gn_level":1,"gn_region":"","gn_a1_code":"US.IA","region_sub":"West North Central","sub_code":"","gns_level":-1,"gns_lang":"","gns_adm1":"","gns_region":"","min_label":3.5,"max_label":7.5,"min_zoom":2,"wikidataid":"Q1546","name_ar":"آيوا","name_bn":"আইওয়া","name_de":"Iowa","name_en":"Iowa","name_es":"Iowa","name_fr":"Iowa","name_el":"Άιοβα","name_hi":"आयोवा","name_hu":"Iowa","name_id":"Iowa","name_it":"Iowa","name_ja":"アイオワ州","name_ko":"아이오와","name_nl":"Iowa","name_pl":"Iowa","name_pt":"Iowa","name_ru":"Айова","name_sv":"Iowa","name_tr":"Iowa","name_vi":"Iowa","name_zh":"艾奥瓦州","ne_id":1159315357,"name_he":"איווה","name_uk":"Айова","name_ur":"آئیووا","name_fa":"آیووا","name_zht":"愛荷華州","FCLASS_ISO":"","FCLASS_US":"","FCLASS_FR":"","FCLASS_RU":"","FCLASS_ES":"","FCLASS_CN":"","FCLASS_TW":"","FCLASS_IN":"","FCLASS_NP":"","FCLASS_PK":"","FCLASS_DE":"","FCLASS_GB":"","FCLASS_BR":"","FCLASS_IL":"","FCLASS_PS":"","FCLASS_SA":"","FCLASS_EG":"","FCLASS_MA":"","FCLASS_PT":"","FCLASS_AR":"","FCLASS_JP":"","FCLASS_KO":"","FCLASS_VN":"","FCLASS_TR":"","FCLASS_ID":"","FCLASS_PL":"","FCLASS_GR":"","FCLASS_IT":"","FCLASS_NL":"","FCLASS_SE":"","FCLASS_BD":"","FCLASS_UA":"","FCLASS_TLC":""}},
{"type":"Feature","geometry":{"type":"Polygon","coordinates":[[[-117,49],[-117,47.7],[-117,46.4],[-116.9,46],[-116.5,45.6],[-116.5,45.5],[-116.9,44.8],[-117.1,44.6],[-117.2,44.3],[-116.9,44.2],[-117,43.8],[-117,42],[-115.2,42],[-114,42],[-112,42],[-111.1,42],[-111.1,42.8],[-111.1,44.5],[-111.3,44.7],[-111.5,44.5],[-112.2,44.6],[-112.4,44.5],[-113,44.5],[-113.1,44.7],[-113.3,44.8],[-113.5,45.1],[-113.7,45.3],[-113.8,45.6],[-113.9,45.7],[-114.3,45.5],[-114.5,45.6],[-114.5,45.8],[-114.4,45.9],[-114.5,46.2],[-114.3,46.6],[-114.6,46.7],[-115.3,47.3],[-115.7,47.4],[-115.7,47.7],[-116,48],[-116,49],[-117,49]]]},"properties":{"featurecla":"Admin-1 scale rank","scalerank":2,"adm1_code":"USA-3518","diss_me":3518,"iso_3166_2":"US-ID","wikipedia":"http://en.wikipedia.org/wiki/Idaho","iso_a2":"US","adm0_sr":1,"name":"Idaho","name_alt":"ID|Idaho","name_local":"","type":"State","type_en":"State","code_local":"US16","code_hasc":"US.ID","note":"","hasc_maybe":"","region":"West","region_cod":"","provnum_ne":0,"gadm_level":1,"check_me":20,"datarank":1,"abbrev":"Idaho","postal":"ID","area_sqkm":0,"sameascity":-99,"labelrank":0,"name_len":5,"mapcolor9":1,"mapcolor13":1,"fips":"US16","fips_alt":"","woe_id":2347571,"woe_label":"Idaho, US, United States","woe_name":"Idaho","latitude":43.7825,"longitude":-114.133,"sov_a3":"US1","adm0_a3":"USA","adm0_label":2,"admin":"United States of America","geonunit":"United States of America","gu_a3":"USA","gn_id":5596512,"gn_name":"Idaho","gns_id":-1,"gns_name":"","gn_level":1,"gn_region":"","gn_a1_code":"US.ID","region_sub":"Mountain","sub_code":"","gns_level":-1,"gns_lang":"","gns_adm1":"","gns_region":"","min_label":3.5,"max_label":7.5,"min_zoom":2,"wikidataid":"Q1221","name_ar":"أيداهو","name_bn":"আইডাহো","name_de":"Idaho","name_en":"Idaho","name_es":"Idaho","name_fr":"Idaho","name_el":"Άινταχο","name_hi":"आयडाहो","name_hu":"Idaho","name_id":"Idaho","name_it":"Idaho","name_ja":"アイダホ州","name_ko":"아이다호","name_nl":"Idaho","name_pl":"Idaho","name_pt":"Idaho","name_ru":"Айдахо","name_sv":"Idaho","name_tr":"Idaho","name_vi":"Idaho","name_zh":"爱达荷州","ne_id":1159315339,"name_he":"איידהו","name_uk":"Айдахо","name_ur":"ایڈاہو","name_fa":"آیداهو","name_zht":"愛達荷州","FCLASS_ISO":"","FCLASS_US":"","FCLASS_FR":"","FCLASS_RU":"","FCLASS_ES":"","FCLASS_CN":"","FCLASS_TW":"","FCLASS_IN":"","FCLASS_NP":"","FCLASS_PK":"","FCLASS_DE":"","FCLASS_GB":"","FCLASS_BR":"","FCLASS_IL":"","FCLASS_PS":"","FCLASS_SA":"","FCLASS_EG":"","FCLASS_MA":"","FCLASS_PT":"","FCLASS_AR":"","FCLASS_JP":"","FCLASS_KO":"","FCLASS_VN":"","FCLASS_TR":"","FCLASS_ID":"","FCLASS_PL":"","FCLASS_GR":"","FCLASS_IT":"","FCLASS_NL":"","FCLASS_SE":"","FCLASS_BD":"","FCLASS_UA":"","FCLASS_TLC":""}},
{"type":"Feature","geometry":{"type":"Polygon","coordinates":[[[-91.4,40.4],[-91.5,40.2],[-91.4,39.7],[-90.9,39.4],[-90.7,39.2],[-90.7,39],[-90.2,38.9],[-90.1,38.8],[-90.4,38.3],[-90.2,38.1],[-89.8,37.9],[-89.5,37.6],[-89.5,37.3],[-89.4,37.1],[-89.2,37],[-89,37.2],[-88.5,37.1],[-88.5,37.4],[-88.1,37.5],[-88,37.8],[-88,38.2],[-87.6,38.5],[-87.5,38.9],[-87.6,39.2],[-87.5,39.4],[-87.5,40.6],[-87.5,41.8],[-87.2,41.8],[-87,42.5],[-88.4,42.5],[-90.7,42.5],[-90.2,42.1],[-90.2,41.8],[-90.4,41.6],[-90.9,41.4],[-91.1,41.3],[-91,41],[-91.1,40.7],[-91.3,40.6],[-91.4,40.4]]]},"properties":{"featurecla":"Admin-1 scale rank","scalerank":2,"adm1_code":"USA-3546","diss_me":3546,"iso_3166_2":"US-IL","wikipedia":"http://en.wikipedia.org/wiki/Illinois","iso_a2":"US","adm0_sr":1,"name":"Illinois","name_alt":"IL|Ill.","name_local":"","type":"State","type_en":"State","code_local":"US17","code_hasc":"US.IL","note":"","hasc_maybe":"","region":"Midwest","region_cod":"","provnum_ne":0,"gadm_level":1,"check_me":20,"datarank":1,"abbrev":"Ill.","postal":"IL","area_sqkm":0,"sameascity":-99,"labelrank":0,"name_len":8,"mapcolor9":1,"mapcolor13":1,"fips":"US17","fips_alt":"","woe_id":2347572,"woe_label":"Illinois, US, United States","woe_name":"Illinois","latitude":39.946,"longitude":-89.1991,"sov_a3":"US1","adm0_a3":"USA","adm0_label":2,"admin":"United States of America","geonunit":"United States of America","gu_a3":"USA","gn_id":4896861,"gn_name":"Illinois","gns_id":-1,"gns_name":"","gn_level":1,"gn_region":"","gn_a1_code":"US.IL","region_sub":"East North Central","sub_code":"","gns_level":-1,"gns_lang":"","gns_adm1":"","gns_region":"","min_label":3.5,"max_label":7.5,"min_zoom":2,"wikidataid":"Q1204","name_ar":"إلينوي","name_bn":"ইলিনয়","name_de":"Illinois","name_en":"Illinois","name_es":"Illinois","name_fr":"Illinois","name_el":"Ιλινόι","name_hi":"इलिनॉय","name_hu":"Illinois","name_id":"Illinois","name_it":"Illinois","name_ja":"イリノイ州","name_ko":"일리노이","name_nl":"Illinois","name_pl":"Illinois","name_pt":"Illinois","name_ru":"Иллинойс","name_sv":"Illinois","name_tr":"Illinois","name_vi":"Illinois","name_zh":"伊利诺伊州","ne_id":1159315309,"name_he":"אילינוי","name_uk":"Іллінойс","name_ur":"الینوائے","name_fa":"ایلینوی","name_zht":"伊利諾州","FCLASS_ISO":"","FCLASS_US":"","FCLASS_FR":"","FCLASS_RU":"","FCLASS_ES":"","FCLASS_CN":"","FCLASS_TW":"","FCLASS_IN":"","FCLASS_NP":"","FCLASS_PK":"","FCLASS_DE":"","FCLASS_GB":"","FCLASS_BR":"","FCLASS_IL":"","FCLASS_PS":"","FCLASS_SA":"","FCLASS_EG":"","FCLASS_MA":"","FCLASS_PT":"","FCLASS_AR":"","FCLASS_JP":"","FCLASS_KO":"","FCLASS_VN":"","FCLASS_TR":"","FCLASS_ID":"","FCLASS_PL":"","FCLASS_GR":"","FCLASS_IT":"","FCLASS_NL":"","FCLASS_SE":"","FCLASS_BD":"","FCLASS_UA":"","FCLASS_TLC":""}},
{"type":"Feature","geometry":{"type":"Polygon","coordinates":[[[-88,37.8],[-87.9,37.9],[-87.4,37.9],[-87.1,37.8],[-87,37.9],[-86.5,37.9],[-86.4,38.1],[-86.1,38],[-86,38],[-85.9,38.2],[-85.6,38.3],[-85.3,38.7],[-85.2,38.7],[-84.8,38.8],[-84.8,39.1],[-84.8,40.1],[-84.8,41.7],[-84.8,41.8],[-86,41.8],[-87.2,41.8],[-87.5,41.8],[-87.5,40.6],[-87.5,39.4],[-87.6,39.2],[-87.5,38.9],[-87.6,38.5],[-88,38.2],[-88,37.8]]]},"properties":{"featurecla":"Admin-1 scale rank","scalerank":2,"adm1_code":"USA-3547","diss_me":3547,"iso_3166_2":"US-IN","wikipedia":"http://en.wikipedia.org/wiki/Indiana","iso_a2":"US","adm0_sr":1,"name":"Indiana","name_alt":"IN|Ind.","name_local":"","type":"State","type_en":"State","code_local":"US18","code_hasc":"US.IN","note":"","hasc_maybe":"","region":"Midwest","region_cod":"","provnum_ne":0,"gadm_level":1,"check_me":20,"datarank":1,"abbrev":"Ind.","postal":"IN","area_sqkm":0,"sameascity":-99,"labelrank":0,"name_len":7,"mapcolor9":1,"mapcolor13":1,"fips":"US18","fips_alt":"","woe_id":2347573,"woe_label":"Indiana, US, United States","woe_name":"Indiana","latitude":39.8874,"longitude":-86.1396,"sov_a3":"US1","adm0_a3":"USA","adm0_label":2,"admin":"United States of America","geonunit":"United States of America","gu_a3":"USA","gn_id":4921868,"gn_name":"Indiana","gns_id":-1,"gns_name":"","gn_level":1,"gn_region":"","gn_a1_code":"US.IN","region_sub":"East North Central","sub_code":"","gns_level":-1,"gns_lang":"","gns_adm1":"","gns_region":"","min_label":3.5,"max_label":7.5,"min_zoom":2,"wikidataid":"Q1415","name_ar":"إنديانا","name_bn":"ইন্ডিয়ানা","name_de":"Indiana","name_en":"Indiana","name_es":"Indiana","name_fr":"Indiana","name_el":"Ιντιάνα","name_hi":"इंडियाना","name_hu":"Indiana","name_id":"Indiana","name_it":"Indiana","name_ja":"インディアナ州","name_ko":"인디애나","name_nl":"Indiana","name_pl":"Indiana","name_pt":"Indiana","name_ru":"Индиана","name_sv":"Indiana","name_tr":"Indiana","name_vi":"Indiana","name_zh":"印第安纳州","ne_id":1159315311,"name_he":"אינדיאנה","name_uk":"Індіана","name_ur":"انڈیانا","name_fa":"ایندیانا","name_zht":"印第安纳州","FCLASS_ISO":"","FCLASS_US":"","FCLASS_FR":"","FCLASS_RU":"","FCLASS_ES":"","FCLASS_CN":"","FCLASS_TW":"","FCLASS_IN":"","FCLASS_NP":"","FCLASS_PK":"","FCLASS_DE":"","FCLASS_GB":"","FCLASS_BR":"","FCLASS_IL":"","FCLASS_PS":"","FCLASS_SA":"","FCLASS_EG":"","FCLASS_MA":"","FCLASS_PT":"","FCLASS_AR":"","FCLASS_JP":"","FCLASS_KO":"","FCLASS_VN":"","FCLASS_TR":"","FCLASS_ID":"","FCLASS_PL":"","FCLASS_GR":"","FCLASS_IT":"","FCLASS_NL":"","FCLASS_SE":"","FCLASS_BD":"","FCLASS_UA":"","FCLASS_TLC":""}},
{"type":"Feature","geometry":{"type":"Polygon","coordinates":[[[-102,37],[-100.4,37],[-99,37],[-97.6,37],[-95.8,37],[-94.6,37],[-94.6,37.9],[-94.6,39.1],[-94.8,39.2],[-95.1,39.6],[-94.9,39.8],[-95.3,40],[-97,40],[-98.7,40],[-100.3,40],[-102,40],[-102,38.3],[-102,37]]]},"properties":{"featurecla":"Admin-1 scale rank","scalerank":2,"adm1_code":"USA-3530","diss_me":3530,"iso_3166_2":"US-KS","wikipedia":"http://en.wikipedia.org/wiki/Kansas","iso_a2":"US","adm0_sr":1,"name":"Kansas","name_alt":"KS|Kans.","name_local":"","type":"State","type_en":"State","code_local":"US20","code_hasc":"US.KS","note":"","hasc_maybe":"","region":"Midwest","region_cod":"","provnum_ne":0,"gadm_level":1,"check_me":20,"datarank":1,"abbrev":"Kans.","postal":"KS","area_sqkm":0,"sameascity":-99,"labelrank":0,"name_len":6,"mapcolor9":1,"mapcolor13":1,"fips":"US20","fips_alt":"","woe_id":2347575,"woe_label":"Kansas, US, United States","woe_name":"Kansas","latitude":38.5,"longitude":-98.3309,"sov_a3":"US1","adm0_a3":"USA","adm0_label":2,"admin":"United States of America","geonunit":"United States of America","gu_a3":"USA","gn_id":4273857,"gn_name":"Kansas","gns_id":-1,"gns_name":"","gn_level":1,"gn_region":"","gn_a1_code":"US.KS","region_sub":"West North Central","sub_code":"","gns_level":-1,"gns_lang":"","gns_adm1":"","gns_region":"","min_label":3.5,"max_label":7.5,"min_zoom":2,"wikidataid":"Q1558","name_ar":"كانساس","name_bn":"ক্যান্সাস","name_de":"Kansas","name_en":"Kansas","name_es":"Kansas","name_fr":"Kansas","name_el":"Κάνσας","name_hi":"केन्सास","name_hu":"Kansas","name_id":"Kansas","name_it":"Kansas","name_ja":"カンザス州","name_ko":"캔자스","name_nl":"Kansas","name_pl":"Kansas","name_pt":"Kansas","name_ru":"Канзас","name_sv":"Kansas","name_tr":"Kansas","name_vi":"Kansas","name_zh":"堪萨斯州","ne_id":1159315359,"name_he":"קנזס","name_uk":"Канзас","name_ur":"کنساس","name_fa":"کانزاس","name_zht":"堪薩斯州","FCLASS_ISO":"","FCLASS_US":"","FCLASS_FR":"","FCLASS_RU":"","FCLASS_ES":"","FCLASS_CN":"","FCLASS_TW":"","FCLASS_IN":"","FCLASS_NP":"","FCLASS_PK":"","FCLASS_DE":"","FCLASS_GB":"","FCLASS_BR":"","FCLASS_IL":"","FCLASS_PS":"","FCLASS_SA":"","FCLASS_EG":"","FCLASS_MA":"","FCLASS_PT":"","FCLASS_AR":"","FCLASS_JP":"","FCLASS_KO":"","FCLASS_VN":"","FCLASS_TR":"","FCLASS_ID":"","FCLASS_PL":"","FCLASS_GR":"","FCLASS_IT":"","FCLASS_NL":"","FCLASS_SE":"","FCLASS_BD":"","FCLASS_UA":"","FCLASS_TLC":""}},
{"type":"Feature","geometry":{"type":"Polygon","coordinates":[[[-89.2,37],[-89.2,36.6],[-89.5,36.5],[-88.1,36.5],[-88.1,36.7],[-87.8,36.6],[-86.5,36.7],[-85.1,36.6],[-83.7,36.6],[-83.2,36.8],[-82.9,36.9],[-82.7,37.1],[-82.3,37.3],[-82,37.5],[-82.3,37.7],[-82.6,38.1],[-82.6,38.4],[-82.9,38.7],[-83.4,38.6],[-83.7,38.6],[-84.2,38.9],[-84.4,39.1],[-84.8,39.1],[-84.8,38.8],[-85.2,38.7],[-85.3,38.7],[-85.6,38.3],[-85.9,38.2],[-86,38],[-86.1,38],[-86.4,38.1],[-86.5,37.9],[-87,37.9],[-87.1,37.8],[-87.4,37.9],[-87.9,37.9],[-88,37.8],[-88.1,37.5],[-88.5,37.4],[-88.5,37.1],[-89,37.2],[-89.2,37]]]},"properties":{"featurecla":"Admin-1 scale rank","scalerank":2,"adm1_code":"USA-3548","diss_me":3548,"iso_3166_2":"US-KY","wikipedia":"http://en.wikipedia.org/wiki/Kentucky","iso_a2":"US","adm0_sr":1,"name":"Kentucky","name_alt":"Commonwealth of Kentucky|KY","name_local":"","type":"State","type_en":"State","code_local":"US21","code_hasc":"US.KY","note":"","hasc_maybe":"US.IN|USA-KEN","region":"South","region_cod":"","provnum_ne":0,"gadm_level":1,"check_me":20,"datarank":1,"abbrev":"Ky.","postal":"KY","area_sqkm":0,"sameascity":-99,"labelrank":0,"name_len":8,"mapcolor9":1,"mapcolor13":1,"fips":"US21","fips_alt":"US18","woe_id":2347576,"woe_label":"Kentucky, US, United States","woe_name":"Kentucky","latitude":37.3994,"longitude":-85.5729,"sov_a3":"US1","adm0_a3":"USA","adm0_label":2,"admin":"United States of America","geonunit":"United States of America","gu_a3":"USA","gn_id":6254925,"gn_name":"Kentucky","gns_id":-1,"gns_name":"","gn_level":1,"gn_region":"","gn_a1_code":"US.KY","region_sub":"East South Central","sub_code":"","gns_level":-1,"gns_lang":"","gns_adm1":"","gns_region":"","min_label":3.5,"max_label":7.5,"min_zoom":2,"wikidataid":"Q1603","name_ar":"كنتاكي","name_bn":"কেন্টাকি","name_de":"Kentucky","name_en":"Kentucky","name_es":"Kentucky","name_fr":"Kentucky","name_el":"Κεντάκι","name_hi":"केन्टकी","name_hu":"Kentucky","name_id":"Kentucky","name_it":"Kentucky","name_ja":"ケンタッキー州","name_ko":"켄터키","name_nl":"Kentucky","name_pl":"Kentucky","name_pt":"Kentucky","name_ru":"Кентукки","name_sv":"Kentucky","name_tr":"Kentucky","name_vi":"Kentucky","name_zh":"肯塔基州","ne_id":1159315313,"name_he":"קנטקי","name_uk":"Кентуккі","name_ur":"کینٹکی","name_fa":"کنتاکی","name_zht":"肯塔基州","FCLASS_ISO":"","FCLASS_US":"","FCLASS_FR":"","FCLASS_RU":"","FCLASS_ES":"","FCLASS_CN":"","FCLASS_TW":"","FCLASS_IN":"","FCLASS_NP":"","FCLASS_PK":"","FCLASS_DE":"","FCLASS_GB":"","FCLASS_BR":"","FCLASS_IL":"","FCLASS_PS":"","FCLASS_SA":"","FCLASS_EG":"","FCLASS_MA":"","FCLASS_PT":"","FCLASS_AR":"","FCLASS_JP":"","FCLASS_KO":"","FCLASS_VN":"","FCLASS_TR":"","FCLASS_ID":"","FCLASS_PL":"","FCLASS_GR":"","FCLASS_IT":"","FCLASS_NL":"","FCLASS_SE":"","FCLASS_BD":"","FCLASS_UA":"","FCLASS_TLC":""}},
{"type":"Feature","geometry":{"type":"Polygon","coordinates":[[[-94,33],[-94,32],[-93.8,31.8],[-93.8,31.6],[-93.6,31.2],[-93.6,30.8],[-93.7,30.6],[-93.7,30.1],[-93.8,30],[-93.9,29.8],[-93.7,29.8],[-93.2,29.8],[-92.7,29.6],[-92.3,29.6],[-92.1,29.7],[-91.9,29.8],[-91.7,29.7],[-91.5,29.6],[-91.3,29.5],[-91.3,29.3],[-90.8,29.1],[-90.6,29.3],[-90.4,29.3],[-90.2,29.1],[-90.1,29.2],[-90.1,29.4],[-89.9,29.5],[-89.6,29.3],[-89.4,29.1],[-89.2,29],[-89,29.2],[-89.5,29.4],[-89.7,29.6],[-89.5,29.8],[-89.6,29.9],[-90,30.1],[-90.2,30],[-90.4,30.1],[-90.2,30.4],[-89.6,30.2],[-89.5,30.2],[-89.8,30.6],[-89.7,31],[-91.7,31],[-91.6,31.2],[-91.3,31.9],[-90.9,32.2],[-91.1,32.6],[-91.1,32.9],[-91.1,33],[-92.2,33],[-94,33]]]},"properties":{"featurecla":"Admin-1 scale rank","scalerank":2,"adm1_code":"USA-3535","diss_me":3535,"iso_3166_2":"US-LA","wikipedia":"http://en.wikipedia.org/wiki/Louisiana","iso_a2":"US","adm0_sr":5,"name":"Louisiana","name_alt":"LA","name_local":"","type":"State","type_en":"State","code_local":"US22","code_hasc":"US.LA","note":"","hasc_maybe":"","region":"South","region_cod":"","provnum_ne":0,"gadm_level":1,"check_me":20,"datarank":1,"abbrev":"La.","postal":"LA","area_sqkm":0,"sameascity":-99,"labelrank":0,"name_len":9,"mapcolor9":1,"mapcolor13":1,"fips":"US22","fips_alt":"","woe_id":2347577,"woe_label":"Louisiana, US, United States","woe_name":"Louisiana","latitude":30.5274,"longitude":-91.9991,"sov_a3":"US1","adm0_a3":"USA","adm0_label":2,"admin":"United States of America","geonunit":"United States of America","gu_a3":"USA","gn_id":4331987,"gn_name":"Louisiana","gns_id":-1,"gns_name":"","gn_level":1,"gn_region":"","gn_a1_code":"US.LA","region_sub":"West South Central","sub_code":"","gns_level":-1,"gns_lang":"","gns_adm1":"","gns_region":"","min_label":3.5,"max_label":7.5,"min_zoom":2,"wikidataid":"Q1588","name_ar":"لويزيانا","name_bn":"লুইজিয়ানা","name_de":"Louisiana","name_en":"Louisiana","name_es":"Luisiana","name_fr":"Louisiane","name_el":"Λουιζιάνα","name_hi":"लुईज़ियाना","name_hu":"Louisiana","name_id":"Louisiana","name_it":"Louisiana","name_ja":"ルイジアナ州","name_ko":"루이지애나","name_nl":"Louisiana","name_pl":"Luizjana","name_pt":"Luisiana","name_ru":"Луизиана","name_sv":"Louisiana","name_tr":"Louisiana","name_vi":"Louisiana","name_zh":"路易斯安那州","ne_id":1159315221,"name_he":"לואיזיאנה","name_uk":"Луїзіана","name_ur":"لوزیانا","name_fa":"لوئیزیانا","name_zht":"路易斯安那州","FCLASS_ISO":"","FCLASS_US":"","FCLASS_FR":"","FCLASS_RU":"","FCLASS_ES":"","FCLASS_CN":"","FCLASS_TW":"","FCLASS_IN":"","FCLASS_NP":"","FCLASS_PK":"","FCLASS_DE":"","FCLASS_GB":"","FCLASS_BR":"","FCLASS_IL":"","FCLASS_PS":"","FCLASS_SA":"","FCLASS_EG":"","FCLASS_MA":"","FCLASS_PT":"","FCLASS_AR":"","FCLASS_JP":"","FCLASS_KO":"","FCLASS_VN":"","FCLASS_TR":"","FCLASS_ID":"","FCLASS_PL":"","FCLASS_GR":"","FCLASS_IT":"","FCLASS_NL":"","FCLASS_SE":"","FCLASS_BD":"","FCLASS_UA":"","FCLASS_TLC":""}},
{"type":"Feature","geometry":{"type":"Polygon","coordinates":[[[-71.8,42],[-71.4,42],[-71.2,41.7],[-71.2,41.5],[-71,41.5],[-70.7,41.7],[-70.7,41.5],[-70.4,41.6],[-69.9,41.7],[-70,41.8],[-70.3,41.7],[-70.5,41.8],[-70.7,42.2],[-71,42.3],[-70.7,42.7],[-70.8,42.9],[-71,42.9],[-71.3,42.7],[-72.5,42.7],[-73.3,42.8],[-73.5,42.1],[-71.8,42]]]},"properties":{"featurecla":"Admin-1 scale rank","scalerank":2,"adm1_code":"USA-3513","diss_me":3513,"iso_3166_2":"US-MA","wikipedia":"http://en.wikipedia.org/wiki/Massachusetts","iso_a2":"US","adm0_sr":6,"name":"Massachusetts","name_alt":"Commonwealth of Massachusetts|MA|Mass.","name_local":"","type":"State","type_en":"State","code_local":"US25","code_hasc":"US.MA","note":"","hasc_maybe":"","region":"Northeast","region_cod":"","provnum_ne":0,"gadm_level":1,"check_me":20,"datarank":1,"abbrev":"Mass.","postal":"MA","area_sqkm":0,"sameascity":-99,"labelrank":0,"name_len":13,"mapcolor9":1,"mapcolor13":1,"fips":"US25","fips_alt":"","woe_id":2347580,"woe_label":"Massachusetts, US, United States","woe_name":"Massachusetts","latitude":42.3739,"longitude":-71.9993,"sov_a3":"US1","adm0_a3":"USA","adm0_label":2,"admin":"United States of America","geonunit":"United States of America","gu_a3":"USA","gn_id":6254926,"gn_name":"Massachusetts","gns_id":-1,"gns_name":"","gn_level":1,"gn_region":"","gn_a1_code":"US.MA","region_sub":"New England","sub_code":"","gns_level":-1,"gns_lang":"","gns_adm1":"","gns_region":"","min_label":3.5,"max_label":7.5,"min_zoom":2,"wikidataid":"Q771","name_ar":"ماساتشوستس","name_bn":"ম্যাসাচুসেটস","name_de":"Massachusetts","name_en":"Massachusetts","name_es":"Massachusetts","name_fr":"Massachusetts","name_el":"Μασαχουσέτη","name_hi":"मैसाचूसिट्स","name_hu":"Massachusetts","name_id":"Massachusetts","name_it":"Massachusetts","name_ja":"マサチューセッツ州","name_ko":"매사추세츠","name_nl":"Massachusetts","name_pl":"Massachusetts","name_pt":"Massachusetts","name_ru":"Массачусетс","name_sv":"Massachusetts","name_tr":"Massachusetts","name_vi":"Massachusetts","name_zh":"马萨诸塞州","ne_id":1159312157,"name_he":"מסצ'וסטס","name_uk":"Массачусетс","name_ur":"میساچوسٹس","name_fa":"ماساچوست","name_zht":"麻薩諸塞州","FCLASS_ISO":"","FCLASS_US":"","FCLASS_FR":"","FCLASS_RU":"","FCLASS_ES":"","FCLASS_CN":"","FCLASS_TW":"","FCLASS_IN":"","FCLASS_NP":"","FCLASS_PK":"","FCLASS_DE":"","FCLASS_GB":"","FCLASS_BR":"","FCLASS_IL":"","FCLASS_PS":"","FCLASS_SA":"","FCLASS_EG":"","FCLASS_MA":"","FCLASS_PT":"","FCLASS_AR":"","FCLASS_JP":"","FCLASS_KO":"","FCLASS_VN":"","FCLASS_TR":"","FCLASS_ID":"","FCLASS_PL":"","FCLASS_GR":"","FCLASS_IT":"","FCLASS_NL":"","FCLASS_SE":"","FCLASS_BD":"","FCLASS_UA":"","FCLASS_TLC":""}},
{"type":"Feature","geometry":{"type":"Polygon","coordinates":[[[-77,38.9],[-77,38.8],[-77.2,38.5],[-76.9,38.3],[-76.3,38.1],[-76.5,38.5],[-76.5,38.9],[-76.4,39.1],[-76.4,39.3],[-76.3,39.3],[-76.2,38.9],[-76.1,38.6],[-76.3,38.6],[-76.2,38.4],[-75.7,38],[-75.4,38],[-75,38.5],[-75.7,38.5],[-75.8,39.7],[-77.2,39.7],[-78.6,39.7],[-79.5,39.7],[-79.5,39.2],[-79.1,39.5],[-78.8,39.6],[-78.5,39.5],[-78.2,39.7],[-77.9,39.6],[-77.7,39.3],[-77.5,39.2],[-77.5,39.1],[-77.1,38.9],[-77,39],[-76.9,38.9],[-77,38.9]]]},"properties":{"featurecla":"Admin-1 scale rank","scalerank":2,"adm1_code":"USA-3557","diss_me":3557,"iso_3166_2":"US-MD","wikipedia":"http://en.wikipedia.org/wiki/Maryland","iso_a2":"US","adm0_sr":1,"name":"Maryland","name_alt":"MD","name_local":"","type":"State","type_en":"State","code_local":"US24","code_hasc":"US.MD","note":"","hasc_maybe":"","region":"South","region_cod":"","provnum_ne":0,"gadm_level":1,"check_me":20,"datarank":1,"abbrev":"Md.","postal":"MD","area_sqkm":0,"sameascity":-99,"labelrank":0,"name_len":8,"mapcolor9":1,"mapcolor13":1,"fips":"US24","fips_alt":"","woe_id":2347579,"woe_label":"Maryland, US, United States","woe_name":"Maryland","latitude":39.3874,"longitude":-77.0454,"sov_a3":"US1","adm0_a3":"USA","adm0_label":2,"admin":"United States of America","geonunit":"United States of America","gu_a3":"USA","gn_id":4361885,"gn_name":"Maryland","gns_id":-1,"gns_name":"","gn_level":1,"gn_region":"","gn_a1_code":"US.MD","region_sub":"South Atlantic","sub_code":"","gns_level":-1,"gns_lang":"","gns_adm1":"","gns_region":"","min_label":3.5,"max_label":7.5,"min_zoom":2,"wikidataid":"Q1391","name_ar":"ماريلند","name_bn":"মেরিল্যান্ড","name_de":"Maryland","name_en":"Maryland","name_es":"Maryland","name_fr":"Maryland","name_el":"Μέριλαντ","name_hi":"मैरीलैंड","name_hu":"Maryland","name_id":"Maryland","name_it":"Maryland","name_ja":"メリーランド州","name_ko":"메릴랜드","name_nl":"Maryland","name_pl":"Maryland","name_pt":"Maryland","name_ru":"Мэриленд","name_sv":"Maryland","name_tr":"Maryland","name_vi":"Maryland","name_zh":"马里兰州","ne_id":1159315329,"name_he":"מרילנד","name_uk":"Меріленд","name_ur":"میری لینڈ","name_fa":"مریلند","name_zht":"馬里蘭州","FCLASS_ISO":"","FCLASS_US":"","FCLASS_FR":"","FCLASS_RU":"","FCLASS_ES":"","FCLASS_CN":"","FCLASS_TW":"","FCLASS_IN":"","FCLASS_NP":"","FCLASS_PK":"","FCLASS_DE":"","FCLASS_GB":"","FCLASS_BR":"","FCLASS_IL":"","FCLASS_PS":"","FCLASS_SA":"","FCLASS_EG":"","FCLASS_MA":"","FCLASS_PT":"","FCLASS_AR":"","FCLASS_JP":"","FCLASS_KO":"","FCLASS_VN":"","FCLASS_TR":"","FCLASS_ID":"","FCLASS_PL":"","FCLASS_GR":"","FCLASS_IT":"","FCLASS_NL":"","FCLASS_SE":"","FCLASS_BD":"","FCLASS_UA":"","FCLASS_TLC":""}},
{"type":"Feature","geometry":{"type":"Polygon","coordinates":[[[-69.1,47.3],[-69.2,47.5],[-70,46.7],[-70.1,46.4],[-70.2,46.3],[-70.3,45.9],[-70.4,45.7],[-70.7,45.6],[-70.8,45.3],[-71.1,45.3],[-71,43.4],[-70.7,43.1],[-70.5,43.3],[-70.2,43.6],[-70.2,43.8],[-70,43.9],[-69.8,43.8],[-69.2,44],[-69.1,44.1],[-69,44.4],[-68.6,44.3],[-68.3,44.5],[-67.9,44.5],[-67.4,44.7],[-67.2,44.7],[-67.1,44.9],[-67.1,45.2],[-67.4,45.2],[-67.5,45.3],[-67.4,45.6],[-67.8,45.7],[-67.8,47.1],[-68.3,47.4],[-68.8,47.2],[-69.1,47.3]]]},"properties":{"featurecla":"Admin-1 scale rank","scalerank":2,"adm1_code":"USA-3561","diss_me":3561,"iso_3166_2":"US-ME","wikipedia":"http://en.wikipedia.org/wiki/Maine","iso_a2":"US","adm0_sr":6,"name":"Maine","name_alt":"ME|Maine","name_local":"","type":"State","type_en":"State","code_local":"US23","code_hasc":"US.ME","note":"","hasc_maybe":"","region":"Northeast","region_cod":"","provnum_ne":0,"gadm_level":1,"check_me":20,"datarank":1,"abbrev":"Maine","postal":"ME","area_sqkm":0,"sameascity":-99,"labelrank":0,"name_len":5,"mapcolor9":1,"mapcolor13":1,"fips":"US23","fips_alt":"","woe_id":2347578,"woe_label":"Maine, US, United States","woe_name":"Maine","latitude":45.148,"longitude":-69.1973,"sov_a3":"US1","adm0_a3":"USA","adm0_label":2,"admin":"United States of America","geonunit":"United States of America","gu_a3":"USA","gn_id":4971068,"gn_name":"Maine","gns_id":-1,"gns_name":"","gn_level":1,"gn_region":"","gn_a1_code":"US.ME","region_sub":"New England","sub_code":"","gns_level":-1,"gns_lang":"","gns_adm1":"","gns_region":"","min_label":3.5,"max_label":7.5,"min_zoom":2,"wikidataid":"Q724","name_ar":"مين","name_bn":"মেইন","name_de":"Maine","name_en":"Maine","name_es":"Maine","name_fr":"Maine","name_el":"Μέιν","name_hi":"मेन","name_hu":"Maine","name_id":"Maine","name_it":"Maine","name_ja":"メイン州","name_ko":"메인","name_nl":"Maine","name_pl":"Maine","name_pt":"Maine","name_ru":"Мэн","name_sv":"Maine","name_tr":"Maine","name_vi":"Maine","name_zh":"缅因州","ne_id":1159308501,"name_he":"מיין","name_uk":"Мен","name_ur":"مینے","name_fa":"مین","name_zht":"缅因州","FCLASS_ISO":"","FCLASS_US":"","FCLASS_FR":"","FCLASS_RU":"","FCLASS_ES":"","FCLASS_CN":"","FCLASS_TW":"","FCLASS_IN":"","FCLASS_NP":"","FCLASS_PK":"","FCLASS_DE":"","FCLASS_GB":"","FCLASS_BR":"","FCLASS_IL":"","FCLASS_PS":"","FCLASS_SA":"","FCLASS_EG":"","FCLASS_MA":"","FCLASS_PT":"","FCLASS_AR":"","FCLASS_JP":"","FCLASS_KO":"","FCLASS_VN":"","FCLASS_TR":"","FCLASS_ID":"","FCLASS_PL":"","FCLASS_GR":"","FCLASS_IT":"","FCLASS_NL":"","FCLASS_SE":"","FCLASS_BD":"","FCLASS_UA":"","FCLASS_TLC":""}},
{"type":"Feature","geometry":{"type":"Polygon","coordinates":[[[-89.5,48],[-90,47.3],[-90.4,46.6],[-90.1,46.3],[-89.1,46.1],[-88.8,46],[-88.2,45.9],[-88.1,45.8],[-87.8,45.7],[-87.9,45.4],[-87.7,45.1],[-87.2,45.3],[-87.1,45.5],[-86.8,45.5],[-86.3,45.2],[-86.7,44.8],[-87,44.1],[-87.1,43.7],[-87.2,43.3],[-87,42.5],[-87.2,41.8],[-86,41.8],[-84.8,41.8],[-84.8,41.7],[-83.5,41.7],[-83.1,42],[-83.1,42.3],[-82.9,42.4],[-82.5,42.6],[-82.4,43.1],[-82.1,43.6],[-82.6,45.3],[-83.6,45.8],[-83.5,46],[-83.6,46.1],[-84,46.1],[-84.1,46.2],[-84.2,46.5],[-84.6,46.5],[-84.8,46.6],[-84.9,46.9],[-86,47.4],[-88.4,48.3],[-88.6,48.3],[-89.3,48],[-89.5,48]]]},"properties":{"featurecla":"Admin-1 scale rank","scalerank":2,"adm1_code":"USA-3562","diss_me":3562,"iso_3166_2":"US-MI","wikipedia":"http://en.wikipedia.org/wiki/Michigan","iso_a2":"US","adm0_sr":1,"name":"Michigan","name_alt":"MI|Mich.","name_local":"","type":"State","type_en":"State","code_local":"US26","code_hasc":"US.MI","note":"","hasc_maybe":"","region":"Midwest","region_cod":"","provnum_ne":0,"gadm_level":1,"check_me":20,"datarank":1,"abbrev":"Mich.","postal":"MI","area_sqkm":0,"sameascity":-99,"labelrank":0,"name_len":8,"mapcolor9":1,"mapcolor13":1,"fips":"US26","fips_alt":"","woe_id":2347581,"woe_label":"Michigan, US, United States","woe_name":"Michigan","latitude":43.4343,"longitude":-84.9479,"sov_a3":"US1","adm0_a3":"USA","adm0_label":2,"admin":"United States of America","geonunit":"United States of America","gu_a3":"USA","gn_id":5001836,"gn_name":"Michigan","gns_id":-1,"gns_name":"","gn_level":1,"gn_region":"","gn_a1_code":"US.MI","region_sub":"East North Central","sub_code":"","gns_level":-1,"gns_lang":"","gns_adm1":"","gns_region":"","min_label":3.5,"max_label":7.5,"min_zoom":2,"wikidataid":"Q1166","name_ar":"ميشيغان","name_bn":"মিশিগান","name_de":"Michigan","name_en":"Michigan","name_es":"Míchigan","name_fr":"Michigan","name_el":"Μίσιγκαν","name_hi":"मिशिगन","name_hu":"Michigan","name_id":"Michigan","name_it":"Michigan","name_ja":"ミシガン州","name_ko":"미시간","name_nl":"Michigan","name_pl":"Michigan","name_pt":"Michigan","name_ru":"Мичиган","name_sv":"Michigan","name_tr":"Michigan","name_vi":"Michigan","name_zh":"密歇根州","ne_id":1159314665,"name_he":"מישיגן","name_uk":"Мічиган","name_ur":"مشی گن","name_fa":"میشیگان","name_zht":"密歇根州","FCLASS_ISO":"","FCLASS_US":"","FCLASS_FR":"","FCLASS_RU":"","FCLASS_ES":"","FCLASS_CN":"","FCLASS_TW":"","FCLASS_IN":"","FCLASS_NP":"","FCLASS_PK":"","FCLASS_DE":"","FCLASS_GB":"","FCLASS_BR":"","FCLASS_IL":"","FCLASS_PS":"","FCLASS_SA":"","FCLASS_EG":"","FCLASS_MA":"","FCLASS_PT":"","FCLASS_AR":"","FCLASS_JP":"","FCLASS_KO":"","FCLASS_VN":"","FCLASS_TR":"","FCLASS_ID":"","FCLASS_PL":"","FCLASS_GR":"","FCLASS_IT":"","FCLASS_NL":"","FCLASS_SE":"","FCLASS_BD":"","FCLASS_UA":"","FCLASS_TLC":""}},
{"type":"Feature","geometry":{"type":"Polygon","coordinates":[[[-97.2,49],[-97.1,48.7],[-97.1,48.2],[-96.9,47.6],[-96.8,46.6],[-96.6,46.3],[-96.6,45.9],[-96.6,45.8],[-96.8,45.6],[-96.5,45.3],[-96.5,43.5],[-94.8,43.5],[-92.6,43.5],[-91.2,43.5],[-91.3,43.9],[-91.8,44.2],[-92.1,44.4],[-92.6,44.6],[-92.8,44.8],[-92.7,45.5],[-92.9,45.6],[-92.7,45.9],[-92.3,46.1],[-92.3,46.7],[-92,46.7],[-91.5,46.9],[-90.7,47.3],[-90,47.3],[-89.5,48],[-90,48],[-90.1,48.1],[-90.7,48.1],[-90.8,48.2],[-91.5,48.1],[-92.2,48.3],[-92.4,48.3],[-92.5,48.4],[-93,48.6],[-93.3,48.6],[-93.7,48.5],[-94.1,48.7],[-94.6,48.7],[-94.8,49],[-94.9,49.3],[-95.2,49.4],[-95.2,49],[-97.2,49]]]},"properties":{"featurecla":"Admin-1 scale rank","scalerank":2,"adm1_code":"USA-3514","diss_me":3514,"iso_3166_2":"US-MN","wikipedia":"http://en.wikipedia.org/wiki/Minnesota","iso_a2":"US","adm0_sr":1,"name":"Minnesota","name_alt":"MN|Minn.","name_local":"","type":"State","type_en":"State","code_local":"US27","code_hasc":"US.MN","note":"","hasc_maybe":"","region":"Midwest","region_cod":"","provnum_ne":0,"gadm_level":1,"check_me":20,"datarank":1,"abbrev":"Minn.","postal":"MN","area_sqkm":0,"sameascity":-99,"labelrank":0,"name_len":9,"mapcolor9":1,"mapcolor13":1,"fips":"US27","fips_alt":"","woe_id":2347582,"woe_label":"Minnesota, US, United States","woe_name":"Minnesota","latitude":46.0592,"longitude":-93.364,"sov_a3":"US1","adm0_a3":"USA","adm0_label":2,"admin":"United States of America","geonunit":"United States of America","gu_a3":"USA","gn_id":5037779,"gn_name":"Minnesota","gns_id":-1,"gns_name":"","gn_level":1,"gn_region":"","gn_a1_code":"US.MN","region_sub":"West North Central","sub_code":"","gns_level":-1,"gns_lang":"","gns_adm1":"","gns_region":"","min_label":3.5,"max_label":7.5,"min_zoom":2,"wikidataid":"Q1527","name_ar":"مينيسوتا","name_bn":"মিনেসোটা","name_de":"Minnesota","name_en":"Minnesota","name_es":"Minnesota","name_fr":"Minnesota","name_el":"Μινεσότα","name_hi":"मिनेसोटा","name_hu":"Minnesota","name_id":"Minnesota","name_it":"Minnesota","name_ja":"ミネソタ州","name_ko":"미네소타","name_nl":"Minnesota","name_pl":"Minnesota","name_pt":"Minnesota","name_ru":"Миннесота","name_sv":"Minnesota","name_tr":"Minnesota","name_vi":"Minnesota","name_zh":"明尼苏达州","ne_id":1159315297,"name_he":"מינסוטה","name_uk":"Міннесота","name_ur":"مینیسوٹا","name_fa":"مینهسوتا","name_zht":"明尼蘇達州","FCLASS_ISO":"","FCLASS_US":"","FCLASS_FR":"","FCLASS_RU":"","FCLASS_ES":"","FCLASS_CN":"","FCLASS_TW":"","FCLASS_IN":"","FCLASS_NP":"","FCLASS_PK":"","FCLASS_DE":"","FCLASS_GB":"","FCLASS_BR":"","FCLASS_IL":"","FCLASS_PS":"","FCLASS_SA":"","FCLASS_EG":"","FCLASS_MA":"","FCLASS_PT":"","FCLASS_AR":"","FCLASS_JP":"","FCLASS_KO":"","FCLASS_VN":"","FCLASS_TR":"","FCLASS_ID":"","FCLASS_PL":"","FCLASS_GR":"","FCLASS_IT":"","FCLASS_NL":"","FCLASS_SE":"","FCLASS_BD":"","FCLASS_UA":"","FCLASS_TLC":""}},
{"type":"Feature","geometry":{"type":"Polygon","coordinates":[[[-89.7,36],[-89.6,36.5],[-89.5,36.5],[-89.2,36.6],[-89.2,37],[-89.4,37.1],[-89.5,37.3],[-89.5,37.6],[-89.8,37.9],[-90.2,38.1],[-90.4,38.3],[-90.1,38.8],[-90.2,38.9],[-90.7,39],[-90.7,39.2],[-90.9,39.4],[-91.4,39.7],[-91.5,40.2],[-91.4,40.4],[-91.7,40.6],[-93,40.6],[-94.8,40.6],[-95.8,40.6],[-95.6,40.3],[-95.3,40],[-94.9,39.8],[-95.1,39.6],[-94.8,39.2],[-94.6,39.1],[-94.6,37.9],[-94.6,37],[-94.6,36.5],[-92.9,36.5],[-91.8,36.5],[-90.2,36.5],[-90.1,36.3],[-90.4,36],[-89.7,36]]]},"properties":{"featurecla":"Admin-1 scale rank","scalerank":2,"adm1_code":"USA-3531","diss_me":3531,"iso_3166_2":"US-MO","wikipedia":"http://en.wikipedia.org/wiki/Missouri","iso_a2":"US","adm0_sr":1,"name":"Missouri","name_alt":"MO","name_local":"","type":"State","type_en":"State","code_local":"US29","code_hasc":"US.MO","note":"","hasc_maybe":"US.IL|USA-MOS","region":"Midwest","region_cod":"","provnum_ne":0,"gadm_level":1,"check_me":20,"datarank":1,"abbrev":"Mo.","postal":"MO","area_sqkm":0,"sameascity":-99,"labelrank":0,"name_len":8,"mapcolor9":1,"mapcolor13":1,"fips":"US29","fips_alt":"US17","woe_id":2347584,"woe_label":"Missouri, US, United States","woe_name":"Missouri","latitude":38.5487,"longitude":-92.446,"sov_a3":"US1","adm0_a3":"USA","adm0_label":2,"admin":"United States of America","geonunit":"United States of America","gu_a3":"USA","gn_id":4398678,"gn_name":"Missouri","gns_id":-1,"gns_name":"","gn_level":1,"gn_region":"","gn_a1_code":"US.MO","region_sub":"West North Central","sub_code":"","gns_level":-1,"gns_lang":"","gns_adm1":"","gns_region":"","min_label":3.5,"max_label":7.5,"min_zoom":2,"wikidataid":"Q1581","name_ar":"ميزوري","name_bn":"মিসৌরি","name_de":"Missouri","name_en":"Missouri","name_es":"Misuri","name_fr":"Missouri","name_el":"Μιζούρι","name_hi":"मिसौरी","name_hu":"Missouri","name_id":"Missouri","name_it":"Missouri","name_ja":"ミズーリ州","name_ko":"미주리","name_nl":"Missouri","name_pl":"Missouri","name_pt":"Missouri","name_ru":"Миссури","name_sv":"Missouri","name_tr":"Missouri","name_vi":"Missouri","name_zh":"密苏里州","ne_id":1159315361,"name_he":"מיזורי","name_uk":"Міссурі","name_ur":"مسوری","name_fa":"میزوری","name_zht":"密蘇里州","FCLASS_ISO":"","FCLASS_US":"","FCLASS_FR":"","FCLASS_RU":"","FCLASS_ES":"","FCLASS_CN":"","FCLASS_TW":"","FCLASS_IN":"","FCLASS_NP":"","FCLASS_PK":"","FCLASS_DE":"","FCLASS_GB":"","FCLASS_BR":"","FCLASS_IL":"","FCLASS_PS":"","FCLASS_SA":"","FCLASS_EG":"","FCLASS_MA":"","FCLASS_PT":"","FCLASS_AR":"","FCLASS_JP":"","FCLASS_KO":"","FCLASS_VN":"","FCLASS_TR":"","FCLASS_ID":"","FCLASS_PL":"","FCLASS_GR":"","FCLASS_IT":"","FCLASS_NL":"","FCLASS_SE":"","FCLASS_BD":"","FCLASS_UA":"","FCLASS_TLC":""}},
{"type":"Feature","geometry":{"type":"Polygon","coordinates":[[[-88.2,35],[-90.3,35],[-90.5,34.7],[-90.6,34.5],[-90.9,34.2],[-91.1,33.8],[-91.2,33.7],[-91.1,33.2],[-91.1,33],[-91.1,32.9],[-91.1,32.6],[-90.9,32.2],[-91.3,31.9],[-91.6,31.2],[-91.7,31],[-89.7,31],[-89.8,30.6],[-89.5,30.2],[-89.3,30.3],[-88.9,30.4],[-88.7,30.4],[-88.4,30.4],[-88.5,31.9],[-88.3,33.4],[-88.1,34.9],[-88.2,35]]]},"properties":{"featurecla":"Admin-1 scale rank","scalerank":2,"adm1_code":"USA-3544","diss_me":3544,"iso_3166_2":"US-MS","wikipedia":"http://en.wikipedia.org/wiki/Mississippi","iso_a2":"US","adm0_sr":5,"name":"Mississippi","name_alt":"MS|Miss.","name_local":"","type":"State","type_en":"State","code_local":"US28","code_hasc":"US.MS","note":"","hasc_maybe":"","region":"South","region_cod":"","provnum_ne":0,"gadm_level":1,"check_me":20,"datarank":1,"abbrev":"Miss.","postal":"MS","area_sqkm":0,"sameascity":-99,"labelrank":0,"name_len":11,"mapcolor9":1,"mapcolor13":1,"fips":"US28","fips_alt":"","woe_id":2347583,"woe_label":"Mississippi, US, United States","woe_name":"Mississippi","latitude":32.8657,"longitude":-89.7189,"sov_a3":"US1","adm0_a3":"USA","adm0_label":2,"admin":"United States of America","geonunit":"United States of America","gu_a3":"USA","gn_id":4436296,"gn_name":"Mississippi","gns_id":-1,"gns_name":"","gn_level":1,"gn_region":"","gn_a1_code":"US.MS","region_sub":"East South Central","sub_code":"","gns_level":-1,"gns_lang":"","gns_adm1":"","gns_region":"","min_label":3.5,"max_label":7.5,"min_zoom":2,"wikidataid":"Q1494","name_ar":"مسيسيبي","name_bn":"মিসিসিপি","name_de":"Mississippi","name_en":"Mississippi","name_es":"Misisipi","name_fr":"Mississippi","name_el":"Μισισίπι","name_hi":"मिसिसिप्पी","name_hu":"Mississippi","name_id":"Mississippi","name_it":"Mississippi","name_ja":"ミシシッピ州","name_ko":"미시시피","name_nl":"Mississippi","name_pl":"Missisipi","name_pt":"Mississippi","name_ru":"Миссисипи","name_sv":"Mississippi","name_tr":"Mississippi","name_vi":"Mississippi","name_zh":"密西西比州","ne_id":1159315231,"name_he":"מיסיסיפי","name_uk":"Міссісіпі","name_ur":"مسیسپی","name_fa":"میسیسیپی","name_zht":"密西西比州","FCLASS_ISO":"","FCLASS_US":"","FCLASS_FR":"","FCLASS_RU":"","FCLASS_ES":"","FCLASS_CN":"","FCLASS_TW":"","FCLASS_IN":"","FCLASS_NP":"","FCLASS_PK":"","FCLASS_DE":"","FCLASS_GB":"","FCLASS_BR":"","FCLASS_IL":"","FCLASS_PS":"","FCLASS_SA":"","FCLASS_EG":"","FCLASS_MA":"","FCLASS_PT":"","FCLASS_AR":"","FCLASS_JP":"","FCLASS_KO":"","FCLASS_VN":"","FCLASS_TR":"","FCLASS_ID":"","FCLASS_PL":"","FCLASS_GR":"","FCLASS_IT":"","FCLASS_NL":"","FCLASS_SE":"","FCLASS_BD":"","FCLASS_UA":"","FCLASS_TLC":""}},
{"type":"Feature","geometry":{"type":"Polygon","coordinates":[[[-114.1,49],[-116,49],[-116,48],[-115.7,47.7],[-115.7,47.4],[-115.3,47.3],[-114.6,46.7],[-114.3,46.6],[-114.5,46.2],[-114.4,45.9],[-114.5,45.8],[-114.5,45.6],[-114.3,45.5],[-113.9,45.7],[-113.8,45.6],[-113.7,45.3],[-113.5,45.1],[-113.3,44.8],[-113.1,44.7],[-113,44.5],[-112.4,44.5],[-112.2,44.6],[-111.5,44.5],[-111.3,44.7],[-111.1,44.5],[-111.1,45],[-108.9,45],[-107.3,45],[-105.4,45],[-104,45],[-104,45.9],[-104,47.7],[-104,49],[-105.6,49],[-107.3,49],[-109,49],[-110,49],[-112.5,49],[-114.1,49]]]},"properties":{"featurecla":"Admin-1 scale rank","scalerank":2,"adm1_code":"USA-3515","diss_me":3515,"iso_3166_2":"US-MT","wikipedia":"http://en.wikipedia.org/wiki/Montana","iso_a2":"US","adm0_sr":1,"name":"Montana","name_alt":"MT|Mont.","name_local":"","type":"State","type_en":"State","code_local":"US30","code_hasc":"US.MT","note":"","hasc_maybe":"","region":"West","region_cod":"","provnum_ne":0,"gadm_level":1,"check_me":20,"datarank":1,"abbrev":"Mont.","postal":"MT","area_sqkm":0,"sameascity":-99,"labelrank":0,"name_len":7,"mapcolor9":1,"mapcolor13":1,"fips":"US30","fips_alt":"","woe_id":2347585,"woe_label":"Montana, US, United States","woe_name":"Montana","latitude":46.9965,"longitude":-110.044,"sov_a3":"US1","adm0_a3":"USA","adm0_label":2,"admin":"United States of America","geonunit":"United States of America","gu_a3":"USA","gn_id":5667009,"gn_name":"Montana","gns_id":-1,"gns_name":"","gn_level":1,"gn_region":"","gn_a1_code":"US.MT","region_sub":"Mountain","sub_code":"","gns_level":-1,"gns_lang":"","gns_adm1":"","gns_region":"","min_label":3.5,"max_label":7.5,"min_zoom":2,"wikidataid":"Q1212","name_ar":"مونتانا","name_bn":"মন্টানা","name_de":"Montana","name_en":"Montana","name_es":"Montana","name_fr":"Montana","name_el":"Μοντάνα","name_hi":"मोन्टाना","name_hu":"Montana","name_id":"Montana","name_it":"Montana","name_ja":"モンタナ州","name_ko":"몬태나","name_nl":"Montana","name_pl":"Montana","name_pt":"Montana","name_ru":"Монтана","name_sv":"Montana","name_tr":"Montana","name_vi":"Montana","name_zh":"蒙大拿州","ne_id":1159315333,"name_he":"מונטנה","name_uk":"Монтана","name_ur":"مونٹانا","name_fa":"ایالت مونتانا","name_zht":"蒙大拿州","FCLASS_ISO":"","FCLASS_US":"","FCLASS_FR":"","FCLASS_RU":"","FCLASS_ES":"","FCLASS_CN":"","FCLASS_TW":"","FCLASS_IN":"","FCLASS_NP":"","FCLASS_PK":"","FCLASS_DE":"","FCLASS_GB":"","FCLASS_BR":"","FCLASS_IL":"","FCLASS_PS":"","FCLASS_SA":"","FCLASS_EG":"","FCLASS_MA":"","FCLASS_PT":"","FCLASS_AR":"","FCLASS_JP":"","FCLASS_KO":"","FCLASS_VN":"","FCLASS_TR":"","FCLASS_ID":"","FCLASS_PL":"","FCLASS_GR":"","FCLASS_IT":"","FCLASS_NL":"","FCLASS_SE":"","FCLASS_BD":"","FCLASS_UA":"","FCLASS_TLC":""}},
{"type":"Feature","geometry":{"type":"Polygon","coordinates":[[[-83.1,35],[-82.4,35.2],[-81.1,35.2],[-80.8,35],[-80.8,34.8],[-79.7,34.8],[-78.6,33.9],[-78,33.9],[-77.8,34.3],[-77.1,34.7],[-76.7,34.7],[-76.5,34.8],[-76.5,35],[-76.7,34.9],[-76.5,35.3],[-76.7,35.4],[-76.2,35.4],[-75.8,35.6],[-75.8,35.9],[-76.5,36],[-76.4,36.1],[-76.2,36.1],[-76.1,36.3],[-75.9,36.3],[-76,36.6],[-76.9,36.6],[-78.4,36.6],[-79.5,36.6],[-80.6,36.6],[-81.7,36.6],[-81.7,36.4],[-81.9,36.3],[-82.1,36.1],[-82.4,36.1],[-82.9,36],[-83,35.8],[-83.5,35.6],[-83.9,35.5],[-84.1,35.3],[-84.3,35.2],[-84.3,35],[-83.1,35]]]},"properties":{"featurecla":"Admin-1 scale rank","scalerank":2,"adm1_code":"USA-3549","diss_me":3549,"iso_3166_2":"US-NC","wikipedia":"http://en.wikipedia.org/wiki/North_Carolina","iso_a2":"US","adm0_sr":5,"name":"North Carolina","name_alt":"NC|N.C.","name_local":"","type":"State","type_en":"State","code_local":"US37","code_hasc":"US.NC","note":"","hasc_maybe":"","region":"South","region_cod":"","provnum_ne":0,"gadm_level":1,"check_me":20,"datarank":1,"abbrev":"N.C.","postal":"NC","area_sqkm":0,"sameascity":-99,"labelrank":0,"name_len":14,"mapcolor9":1,"mapcolor13":1,"fips":"US37","fips_alt":"","woe_id":2347592,"woe_label":"North Carolina, US, United States","woe_name":"North Carolina","latitude":35.6152,"longitude":-78.866,"sov_a3":"US1","adm0_a3":"USA","adm0_label":2,"admin":"United States of America","geonunit":"United States of America","gu_a3":"USA","gn_id":4482348,"gn_name":"North Carolina","gns_id":-1,"gns_name":"","gn_level":1,"gn_region":"","gn_a1_code":"US.NC","region_sub":"South Atlantic","sub_code":"","gns_level":-1,"gns_lang":"","gns_adm1":"","gns_region":"","min_label":3.5,"max_label":7.5,"min_zoom":2,"wikidataid":"Q1454","name_ar":"كارولاينا الشمالية","name_bn":"নর্থ ক্যারোলাইনা","name_de":"North Carolina","name_en":"North Carolina","name_es":"Carolina del Norte","name_fr":"Caroline du Nord","name_el":"Βόρεια Καρολίνα","name_hi":"उत्तरी केरोलिना","name_hu":"Észak-Karolina","name_id":"Carolina Utara","name_it":"Carolina del Nord","name_ja":"ノースカロライナ州","name_ko":"노스캐롤라이나","name_nl":"North Carolina","name_pl":"Karolina Północna","name_pt":"Carolina do Norte","name_ru":"Северная Каролина","name_sv":"North Carolina","name_tr":"Kuzey Karolina","name_vi":"Bắc Carolina","name_zh":"北卡罗来纳州","ne_id":1159314887,"name_he":"קרוליינה הצפונית","name_uk":"Північна Кароліна","name_ur":"شمالی کیرولینا","name_fa":"کارولینای شمالی","name_zht":"北卡羅萊納州","FCLASS_ISO":"","FCLASS_US":"","FCLASS_FR":"","FCLASS_RU":"","FCLASS_ES":"","FCLASS_CN":"","FCLASS_TW":"","FCLASS_IN":"","FCLASS_NP":"","FCLASS_PK":"","FCLASS_DE":"","FCLASS_GB":"","FCLASS_BR":"","FCLASS_IL":"","FCLASS_PS":"","FCLASS_SA":"","FCLASS_EG":"","FCLASS_MA":"","FCLASS_PT":"","FCLASS_AR":"","FCLASS_JP":"","FCLASS_KO":"","FCLASS_VN":"","FCLASS_TR":"","FCLASS_ID":"","FCLASS_PL":"","FCLASS_GR":"","FCLASS_IT":"","FCLASS_NL":"","FCLASS_SE":"","FCLASS_BD":"","FCLASS_UA":"","FCLASS_TLC":""}},
{"type":"Feature","geometry":{"type":"Polygon","coordinates":[[[-101.4,49],[-102.2,49],[-104,49],[-104,47.7],[-104,45.9],[-102.6,45.9],[-101,45.9],[-99.4,45.9],[-98,45.9],[-96.6,45.9],[-96.6,46.3],[-96.8,46.6],[-96.9,47.6],[-97.1,48.2],[-97.1,48.7],[-97.2,49],[-99.2,49],[-101.4,49]]]},"properties":{"featurecla":"Admin-1 scale rank","scalerank":2,"adm1_code":"USA-3516","diss_me":3516,"iso_3166_2":"US-ND","wikipedia":"http://en.wikipedia.org/wiki/North_Dakota","iso_a2":"US","adm0_sr":1,"name":"North Dakota","name_alt":"ND|N.D.","name_local":"","type":"State","type_en":"State","code_local":"US38","code_hasc":"US.ND","note":"","hasc_maybe":"","region":"Midwest","region_cod":"","provnum_ne":0,"gadm_level":1,"check_me":20,"datarank":1,"abbrev":"N.D.","postal":"ND","area_sqkm":0,"sameascity":-99,"labelrank":0,"name_len":12,"mapcolor9":1,"mapcolor13":1,"fips":"US38","fips_alt":"","woe_id":2347593,"woe_label":"North Dakota, US, United States","woe_name":"North Dakota","latitude":47.4675,"longitude":-100.302,"sov_a3":"US1","adm0_a3":"USA","adm0_label":2,"admin":"United States of America","geonunit":"United States of America","gu_a3":"USA","gn_id":5690763,"gn_name":"North Dakota","gns_id":-1,"gns_name":"","gn_level":1,"gn_region":"","gn_a1_code":"US.ND","region_sub":"West North Central","sub_code":"","gns_level":-1,"gns_lang":"","gns_adm1":"","gns_region":"","min_label":3.5,"max_label":7.5,"min_zoom":2,"wikidataid":"Q1207","name_ar":"داكوتا الشمالية","name_bn":"নর্থ ডাকোটা","name_de":"North Dakota","name_en":"North Dakota","name_es":"Dakota del Norte","name_fr":"Dakota du Nord","name_el":"Βόρεια Ντακότα","name_hi":"उत्तर डेकोटा","name_hu":"Észak-Dakota","name_id":"Dakota Utara","name_it":"Dakota del Nord","name_ja":"ノースダコタ州","name_ko":"노스다코타","name_nl":"Noord-Dakota","name_pl":"Dakota Północna","name_pt":"Dakota do Norte","name_ru":"Северная Дакота","name_sv":"North Dakota","name_tr":"Kuzey Dakota","name_vi":"Bắc Dakota","name_zh":"北达科他州","ne_id":1159315337,"name_he":"דקוטה הצפונית","name_uk":"Північна Дакота","name_ur":"شمالی ڈکوٹا","name_fa":"داکوتای شمالی","name_zht":"北達科他州","FCLASS_ISO":"","FCLASS_US":"","FCLASS_FR":"","FCLASS_RU":"","FCLASS_ES":"","FCLASS_CN":"","FCLASS_TW":"","FCLASS_IN":"","FCLASS_NP":"","FCLASS_PK":"","FCLASS_DE":"","FCLASS_GB":"","FCLASS_BR":"","FCLASS_IL":"","FCLASS_PS":"","FCLASS_SA":"","FCLASS_EG":"","FCLASS_MA":"","FCLASS_PT":"","FCLASS_AR":"","FCLASS_JP":"","FCLASS_KO":"","FCLASS_VN":"","FCLASS_TR":"","FCLASS_ID":"","FCLASS_PL":"","FCLASS_GR":"","FCLASS_IT":"","FCLASS_NL":"","FCLASS_SE":"","FCLASS_BD":"","FCLASS_UA":"","FCLASS_TLC":""}},
{"type":"Feature","geometry":{"type":"Polygon","coordinates":[[[-102,40],[-100.3,40],[-98.7,40],[-97,40],[-95.3,40],[-95.6,40.3],[-95.8,40.6],[-95.9,41.3],[-96.1,41.5],[-96.2,42],[-96.3,42.1],[-96.5,42.5],[-96.8,42.7],[-97.2,42.9],[-97.7,42.9],[-98,42.8],[-98.4,43],[-99.9,43],[-102,43],[-104,43],[-104,41.8],[-104,41],[-102,41],[-102,40]]]},"properties":{"featurecla":"Admin-1 scale rank","scalerank":2,"adm1_code":"USA-3532","diss_me":3532,"iso_3166_2":"US-NE","wikipedia":"http://en.wikipedia.org/wiki/Nebraska","iso_a2":"US","adm0_sr":1,"name":"Nebraska","name_alt":"NE|Nebr.","name_local":"","type":"State","type_en":"State","code_local":"US31","code_hasc":"US.NE","note":"","hasc_maybe":"","region":"Midwest","region_cod":"","provnum_ne":0,"gadm_level":1,"check_me":20,"datarank":1,"abbrev":"Nebr.","postal":"NE","area_sqkm":0,"sameascity":-99,"labelrank":0,"name_len":8,"mapcolor9":1,"mapcolor13":1,"fips":"US31","fips_alt":"","woe_id":2347586,"woe_label":"Nebraska, US, United States","woe_name":"Nebraska","latitude":41.5002,"longitude":-99.6855,"sov_a3":"US1","adm0_a3":"USA","adm0_label":2,"admin":"United States of America","geonunit":"United States of America","gu_a3":"USA","gn_id":5073708,"gn_name":"Nebraska","gns_id":-1,"gns_name":"","gn_level":1,"gn_region":"","gn_a1_code":"US.NE","region_sub":"West North Central","sub_code":"","gns_level":-1,"gns_lang":"","gns_adm1":"","gns_region":"","min_label":3.5,"max_label":7.5,"min_zoom":2,"wikidataid":"Q1553","name_ar":"نبراسكا","name_bn":"নেব্রাস্কা","name_de":"Nebraska","name_en":"Nebraska","name_es":"Nebraska","name_fr":"Nebraska","name_el":"Νεμπράσκα","name_hi":"नेब्रास्का","name_hu":"Nebraska","name_id":"Nebraska","name_it":"Nebraska","name_ja":"ネブラスカ州","name_ko":"네브래스카","name_nl":"Nebraska","name_pl":"Nebraska","name_pt":"Nebraska","name_ru":"Небраска","name_sv":"Nebraska","name_tr":"Nebraska","name_vi":"Nebraska","name_zh":"內布拉斯加州","ne_id":1159315363,"name_he":"נברסקה","name_uk":"Небраска","name_ur":"نیبراسکا","name_fa":"نبراسکا","name_zht":"內布拉斯加州","FCLASS_ISO":"","FCLASS_US":"","FCLASS_FR":"","FCLASS_RU":"","FCLASS_ES":"","FCLASS_CN":"","FCLASS_TW":"","FCLASS_IN":"","FCLASS_NP":"","FCLASS_PK":"","FCLASS_DE":"","FCLASS_GB":"","FCLASS_BR":"","FCLASS_IL":"","FCLASS_PS":"","FCLASS_SA":"","FCLASS_EG":"","FCLASS_MA":"","FCLASS_PT":"","FCLASS_AR":"","FCLASS_JP":"","FCLASS_KO":"","FCLASS_VN":"","FCLASS_TR":"","FCLASS_ID":"","FCLASS_PL":"","FCLASS_GR":"","FCLASS_IT":"","FCLASS_NL":"","FCLASS_SE":"","FCLASS_BD":"","FCLASS_UA":"","FCLASS_TLC":""}},
{"type":"Feature","geometry":{"type":"Polygon","coordinates":[[[-71.5,45],[-71.6,44.8],[-71.6,44.6],[-71.7,44.5],[-72,44.3],[-72.1,44],[-72.4,43.5],[-72.5,43],[-72.5,42.9],[-72.5,42.7],[-71.3,42.7],[-71,42.9],[-70.8,42.9],[-70.7,43.1],[-71,43.4],[-71.1,45.3],[-71.3,45.3],[-71.5,45]]]},"properties":{"featurecla":"Admin-1 scale rank","scalerank":2,"adm1_code":"USA-3538","diss_me":3538,"iso_3166_2":"US-NH","wikipedia":"http://en.wikipedia.org/wiki/New_Hampshire","iso_a2":"US","adm0_sr":1,"name":"New Hampshire","name_alt":"NH|N.H.","name_local":"","type":"State","type_en":"State","code_local":"US33","code_hasc":"US.NH","note":"","hasc_maybe":"","region":"Northeast","region_cod":"","provnum_ne":0,"gadm_level":1,"check_me":20,"datarank":1,"abbrev":"N.H.","postal":"NH","area_sqkm":0,"sameascity":-99,"labelrank":0,"name_len":13,"mapcolor9":1,"mapcolor13":1,"fips":"US33","fips_alt":"","woe_id":2347588,"woe_label":"New Hampshire, US, United States","woe_name":"New Hampshire","latitude":43.5993,"longitude":-71.6301,"sov_a3":"US1","adm0_a3":"USA","adm0_label":2,"admin":"United States of America","geonunit":"United States of America","gu_a3":"USA","gn_id":5090174,"gn_name":"New Hampshire","gns_id":-1,"gns_name":"","gn_level":1,"gn_region":"","gn_a1_code":"US.NH","region_sub":"New England","sub_code":"","gns_level":-1,"gns_lang":"","gns_adm1":"","gns_region":"","min_label":3.5,"max_label":7.5,"min_zoom":2,"wikidataid":"Q759","name_ar":"نيوهامبشير","name_bn":"নিউ হ্যাম্প্শায়ার","name_de":"New Hampshire","name_en":"New Hampshire","name_es":"Nuevo Hampshire","name_fr":"New Hampshire","name_el":"Νιου Χάμσαϊρ","name_hi":"नया हेम्पशायर","name_hu":"New Hampshire","name_id":"New Hampshire","name_it":"New Hampshire","name_ja":"ニューハンプシャー州","name_ko":"뉴햄프셔","name_nl":"New Hampshire","name_pl":"New Hampshire","name_pt":"Nova Hampshire","name_ru":"Нью-Гэмпшир","name_sv":"New Hampshire","name_tr":"New Hampshire","name_vi":"New Hampshire","name_zh":"新罕布什尔州","ne_id":1159315303,"name_he":"ניו המפשייר","name_uk":"Нью-Гемпшир","name_ur":"نیو ہیمپشائر","name_fa":"نیوهمپشایر","name_zht":"新罕布夏州","FCLASS_ISO":"","FCLASS_US":"","FCLASS_FR":"","FCLASS_RU":"","FCLASS_ES":"","FCLASS_CN":"","FCLASS_TW":"","FCLASS_IN":"","FCLASS_NP":"","FCLASS_PK":"","FCLASS_DE":"","FCLASS_GB":"","FCLASS_BR":"","FCLASS_IL":"","FCLASS_PS":"","FCLASS_SA":"","FCLASS_EG":"","FCLASS_MA":"","FCLASS_PT":"","FCLASS_AR":"","FCLASS_JP":"","FCLASS_KO":"","FCLASS_VN":"","FCLASS_TR":"","FCLASS_ID":"","FCLASS_PL":"","FCLASS_GR":"","FCLASS_IT":"","FCLASS_NL":"","FCLASS_SE":"","FCLASS_BD":"","FCLASS_UA":"","FCLASS_TLC":""}},
{"type":"Feature","geometry":{"type":"Polygon","coordinates":[[[-75.1,40],[-75.2,39.9],[-75.4,39.8],[-75.5,39.5],[-75.1,39.2],[-74.9,39.1],[-74.8,39],[-74.6,39.3],[-74.4,39.4],[-74.2,39.7],[-74,40.3],[-74.2,40.5],[-74.2,40.6],[-74,40.8],[-73.9,41],[-74.7,41.4],[-75.1,41],[-75.2,40.6],[-74.7,40.2],[-75.1,40]]]},"properties":{"featurecla":"Admin-1 scale rank","scalerank":2,"adm1_code":"USA-3558","diss_me":3558,"iso_3166_2":"US-NJ","wikipedia":"http://en.wikipedia.org/wiki/New_Jersey","iso_a2":"US","adm0_sr":5,"name":"New Jersey","name_alt":"NJ|N.J.","name_local":"","type":"State","type_en":"State","code_local":"US34","code_hasc":"US.NJ","note":"","hasc_maybe":"","region":"Northeast","region_cod":"","provnum_ne":0,"gadm_level":1,"check_me":20,"datarank":1,"abbrev":"N.J.","postal":"NJ","area_sqkm":0,"sameascity":-99,"labelrank":0,"name_len":10,"mapcolor9":1,"mapcolor13":1,"fips":"US34","fips_alt":"","woe_id":2347589,"woe_label":"New Jersey, US, United States","woe_name":"New Jersey","latitude":40.0449,"longitude":-74.4653,"sov_a3":"US1","adm0_a3":"USA","adm0_label":2,"admin":"United States of America","geonunit":"United States of America","gu_a3":"USA","gn_id":5101760,"gn_name":"New Jersey","gns_id":-1,"gns_name":"","gn_level":1,"gn_region":"","gn_a1_code":"US.NJ","region_sub":"Middle Atlantic","sub_code":"","gns_level":-1,"gns_lang":"","gns_adm1":"","gns_region":"","min_label":3.5,"max_label":7.5,"min_zoom":2,"wikidataid":"Q1408","name_ar":"نيوجيرسي","name_bn":"নিউ জার্সি","name_de":"New Jersey","name_en":"New Jersey","name_es":"Nueva Jersey","name_fr":"New Jersey","name_el":"Νιου Τζέρσεϊ","name_hi":"न्यू जर्सी","name_hu":"New Jersey","name_id":"New Jersey","name_it":"New Jersey","name_ja":"ニュージャージー州","name_ko":"뉴저지","name_nl":"New Jersey","name_pl":"New Jersey","name_pt":"Nova Jérsia","name_ru":"Нью-Джерси","name_sv":"New Jersey","name_tr":"New Jersey","name_vi":"New Jersey","name_zh":"新泽西州","ne_id":1159315267,"name_he":"ניו ג'רזי","name_uk":"Нью-Джерсі","name_ur":"نیو جرسی","name_fa":"نیوجرسی","name_zht":"紐澤西州","FCLASS_ISO":"","FCLASS_US":"","FCLASS_FR":"","FCLASS_RU":"","FCLASS_ES":"","FCLASS_CN":"","FCLASS_TW":"","FCLASS_IN":"","FCLASS_NP":"","FCLASS_PK":"","FCLASS_DE":"","FCLASS_GB":"","FCLASS_BR":"","FCLASS_IL":"","FCLASS_PS":"","FCLASS_SA":"","FCLASS_EG":"","FCLASS_MA":"","FCLASS_PT":"","FCLASS_AR":"","FCLASS_JP":"","FCLASS_KO":"","FCLASS_VN":"","FCLASS_TR":"","FCLASS_ID":"","FCLASS_PL":"","FCLASS_GR":"","FCLASS_IT":"","FCLASS_NL":"","FCLASS_SE":"","FCLASS_BD":"","FCLASS_UA":"","FCLASS_TLC":""}},
{"type":"Feature","geometry":{"type":"Polygon","coordinates":[[[-109,31.3],[-108.2,31.3],[-108.2,31.8],[-106.4,31.8],[-106.7,32],[-104.9,32],[-103.1,32],[-103.1,33.4],[-103.1,34.5],[-103,35.7],[-103,36.5],[-103,37],[-104.1,37],[-105.6,37],[-107.5,37],[-109,37],[-109,35.9],[-109,34.5],[-109,33.1],[-109,31.3]]]},"properties":{"featurecla":"Admin-1 scale rank","scalerank":2,"adm1_code":"USA-3524","diss_me":3524,"iso_3166_2":"US-NM","wikipedia":"http://en.wikipedia.org/wiki/New_Mexico","iso_a2":"US","adm0_sr":1,"name":"New Mexico","name_alt":"NM|N.M.","name_local":"","type":"State","type_en":"State","code_local":"US35","code_hasc":"US.NM","note":"","hasc_maybe":"","region":"West","region_cod":"","provnum_ne":0,"gadm_level":1,"check_me":20,"datarank":1,"abbrev":"N.M.","postal":"NM","area_sqkm":0,"sameascity":-99,"labelrank":0,"name_len":10,"mapcolor9":1,"mapcolor13":1,"fips":"US35","fips_alt":"","woe_id":2347590,"woe_label":"New Mexico, US, United States","woe_name":"New Mexico","latitude":34.5002,"longitude":-106.024,"sov_a3":"US1","adm0_a3":"USA","adm0_label":2,"admin":"United States of America","geonunit":"United States of America","gu_a3":"USA","gn_id":5481136,"gn_name":"New Mexico","gns_id":-1,"gns_name":"","gn_level":1,"gn_region":"","gn_a1_code":"US.NM","region_sub":"Mountain","sub_code":"","gns_level":-1,"gns_lang":"","gns_adm1":"","gns_region":"","min_label":3.5,"max_label":7.5,"min_zoom":2,"wikidataid":"Q1522","name_ar":"نيومكسيكو","name_bn":"নিউ মেক্সিকো","name_de":"New Mexico","name_en":"New Mexico","name_es":"Nuevo México","name_fr":"Nouveau-Mexique","name_el":"Νέο Μεξικό","name_hi":"नया मेक्सिको","name_hu":"Új-Mexikó","name_id":"New Mexico","name_it":"Nuovo Messico","name_ja":"ニューメキシコ州","name_ko":"뉴멕시코","name_nl":"New Mexico","name_pl":"Nowy Meksyk","name_pt":"Novo México","name_ru":"Нью-Мексико","name_sv":"New Mexico","name_tr":"New Mexico","name_vi":"New Mexico","name_zh":"新墨西哥州","ne_id":1159315347,"name_he":"ניו מקסיקו","name_uk":"Нью-Мексико","name_ur":"نیو میکسیکو","name_fa":"نیومکزیکو","name_zht":"新墨西哥州","FCLASS_ISO":"","FCLASS_US":"","FCLASS_FR":"","FCLASS_RU":"","FCLASS_ES":"","FCLASS_CN":"","FCLASS_TW":"","FCLASS_IN":"","FCLASS_NP":"","FCLASS_PK":"","FCLASS_DE":"","FCLASS_GB":"","FCLASS_BR":"","FCLASS_IL":"","FCLASS_PS":"","FCLASS_SA":"","FCLASS_EG":"","FCLASS_MA":"","FCLASS_PT":"","FCLASS_AR":"","FCLASS_JP":"","FCLASS_KO":"","FCLASS_VN":"","FCLASS_TR":"","FCLASS_ID":"","FCLASS_PL":"","FCLASS_GR":"","FCLASS_IT":"","FCLASS_NL":"","FCLASS_SE":"","FCLASS_BD":"","FCLASS_UA":"","FCLASS_TLC":""}},
{"type":"Feature","geometry":{"type":"Polygon","coordinates":[[[-114,37],[-114,38.6],[-114,40],[-114,41.2],[-114,42],[-115.2,42],[-117,42],[-118.5,42],[-120,42],[-120,40.3],[-120,39],[-119.1,38.3],[-118.1,37.7],[-116.7,36.6],[-115.6,35.8],[-114.6,35],[-114.6,35.4],[-114.7,36.1],[-114.4,36.1],[-114.2,36],[-114,36.2],[-114,37]]]},"properties":{"featurecla":"Admin-1 scale rank","scalerank":2,"adm1_code":"USA-3523","diss_me":3523,"iso_3166_2":"US-NV","wikipedia":"http://en.wikipedia.org/wiki/Nevada","iso_a2":"US","adm0_sr":1,"name":"Nevada","name_alt":"NV|Nev.","name_local":"","type":"State","type_en":"State","code_local":"US32","code_hasc":"US.NV","note":"","hasc_maybe":"","region":"West","region_cod":"","provnum_ne":0,"gadm_level":1,"check_me":20,"datarank":1,"abbrev":"Nev.","postal":"NV","area_sqkm":0,"sameascity":-99,"labelrank":0,"name_len":6,"mapcolor9":1,"mapcolor13":1,"fips":"US32","fips_alt":"","woe_id":2347587,"woe_label":"Nevada, US, United States","woe_name":"Nevada","latitude":39.4299,"longitude":-117.02,"sov_a3":"US1","adm0_a3":"USA","adm0_label":2,"admin":"United States of America","geonunit":"United States of America","gu_a3":"USA","gn_id":5509151,"gn_name":"Nevada","gns_id":-1,"gns_name":"","gn_level":1,"gn_region":"","gn_a1_code":"US.NV","region_sub":"Mountain","sub_code":"","gns_level":-1,"gns_lang":"","gns_adm1":"","gns_region":"","min_label":3.5,"max_label":7.5,"min_zoom":2,"wikidataid":"Q1227","name_ar":"نيفادا","name_bn":"নেভাডা","name_de":"Nevada","name_en":"Nevada","name_es":"Nevada","name_fr":"Nevada","name_el":"Νεβάδα","name_hi":"नेवाडा","name_hu":"Nevada","name_id":"Nevada","name_it":"Nevada","name_ja":"ネバダ州","name_ko":"네바다","name_nl":"Nevada","name_pl":"Nevada","name_pt":"Nevada","name_ru":"Невада","name_sv":"Nevada","name_tr":"Nevada","name_vi":"Nevada","name_zh":"内华达州","ne_id":1159315345,"name_he":"נבדה","name_uk":"Невада","name_ur":"نیواڈا","name_fa":"نوادا","name_zht":"內華達州","FCLASS_ISO":"","FCLASS_US":"","FCLASS_FR":"","FCLASS_RU":"","FCLASS_ES":"","FCLASS_CN":"","FCLASS_TW":"","FCLASS_IN":"","FCLASS_NP":"","FCLASS_PK":"","FCLASS_DE":"","FCLASS_GB":"","FCLASS_BR":"","FCLASS_IL":"","FCLASS_PS":"","FCLASS_SA":"","FCLASS_EG":"","FCLASS_MA":"","FCLASS_PT":"","FCLASS_AR":"","FCLASS_JP":"","FCLASS_KO":"","FCLASS_VN":"","FCLASS_TR":"","FCLASS_ID":"","FCLASS_PL":"","FCLASS_GR":"","FCLASS_IT":"","FCLASS_NL":"","FCLASS_SE":"","FCLASS_BD":"","FCLASS_UA":"","FCLASS_TLC":""}},
{"type":"Feature","geometry":{"type":"MultiPolygon","coordinates":[[[[-79.8,42.5],[-79.8,42],[-77.7,42],[-75.4,42],[-75.1,41.9],[-75,41.6],[-74.7,41.4],[-73.9,41],[-73.6,41],[-73.7,41.1],[-73.5,41.3],[-73.5,42.1],[-73.3,42.8],[-73.2,43.6],[-73.4,43.6],[-73.4,44],[-73.3,44.3],[-73.4,44.6],[-73.4,45],[-74.7,45],[-75.2,44.9],[-75.9,44.4],[-76.2,44.3],[-76.5,44.1],[-76.8,43.6],[-78.7,43.6],[-79.2,43.5],[-79.1,43.3],[-79.1,43.1],[-78.9,42.9],[-79,42.8],[-79.8,42.5]]],[[[-72.5,41],[-73.6,40.9],[-73.9,40.8],[-73.8,40.6],[-73.2,40.7],[-72.3,40.9],[-72.5,41]]]]},"properties":{"featurecla":"Admin-1 scale rank","scalerank":2,"adm1_code":"USA-3559","diss_me":3559,"iso_3166_2":"US-NY","wikipedia":"http://en.wikipedia.org/wiki/New_York","iso_a2":"US","adm0_sr":3,"name":"New York","name_alt":"NY|N.Y.","name_local":"","type":"State","type_en":"State","code_local":"US36","code_hasc":"US.NY","note":"","hasc_maybe":"","region":"Northeast","region_cod":"","provnum_ne":0,"gadm_level":1,"check_me":20,"datarank":1,"abbrev":"N.Y.","postal":"NY","area_sqkm":0,"sameascity":-99,"labelrank":0,"name_len":8,"mapcolor9":1,"mapcolor13":1,"fips":"US36","fips_alt":"","woe_id":2347591,"woe_label":"New York, US, United States","woe_name":"New York","latitude":43.1988,"longitude":-75.3242,"sov_a3":"US1","adm0_a3":"USA","adm0_label":2,"admin":"United States of America","geonunit":"United States of America","gu_a3":"USA","gn_id":5128638,"gn_name":"New York","gns_id":-1,"gns_name":"","gn_level":1,"gn_region":"","gn_a1_code":"US.NY","region_sub":"Middle Atlantic","sub_code":"","gns_level":-1,"gns_lang":"","gns_adm1":"","gns_region":"","min_label":3.5,"max_label":7.5,"min_zoom":2,"wikidataid":"Q1384","name_ar":"نيويورك","name_bn":"নিউ ইয়র্ক","name_de":"New York","name_en":"New York","name_es":"Nueva York","name_fr":"État de New York","name_el":"Νέα Υόρκη","name_hi":"न्यूयॉर्क","name_hu":"New York","name_id":"New York","name_it":"New York","name_ja":"ニューヨーク州","name_ko":"뉴욕","name_nl":"New York","name_pl":"Nowy Jork","name_pt":"Nova Iorque","name_ru":"Нью-Йорк","name_sv":"New York","name_tr":"New York","name_vi":"New York","name_zh":"纽约州","ne_id":1159312155,"name_he":"ניו יורק","name_uk":"штат Нью-Йорк","name_ur":"نیویارک","name_fa":"نیویورک","name_zht":"紐約州","FCLASS_ISO":"","FCLASS_US":"","FCLASS_FR":"","FCLASS_RU":"","FCLASS_ES":"","FCLASS_CN":"","FCLASS_TW":"","FCLASS_IN":"","FCLASS_NP":"","FCLASS_PK":"","FCLASS_DE":"","FCLASS_GB":"","FCLASS_BR":"","FCLASS_IL":"","FCLASS_PS":"","FCLASS_SA":"","FCLASS_EG":"","FCLASS_MA":"","FCLASS_PT":"","FCLASS_AR":"","FCLASS_JP":"","FCLASS_KO":"","FCLASS_VN":"","FCLASS_TR":"","FCLASS_ID":"","FCLASS_PL":"","FCLASS_GR":"","FCLASS_IT":"","FCLASS_NL":"","FCLASS_SE":"","FCLASS_BD":"","FCLASS_UA":"","FCLASS_TLC":""}},
{"type":"Feature","geometry":{"type":"Polygon","coordinates":[[[-83.1,42],[-83.5,41.7],[-84.8,41.7],[-84.8,40.1],[-84.8,39.1],[-84.4,39.1],[-84.2,38.9],[-83.7,38.6],[-83.4,38.6],[-82.9,38.7],[-82.6,38.4],[-82.4,38.4],[-82.2,38.6],[-82.2,38.8],[-82.1,39],[-81.8,39.1],[-81.7,39.3],[-81.3,39.4],[-81,39.6],[-80.6,40.4],[-80.7,40.6],[-80.5,40.6],[-80.5,42.3],[-81.3,42.2],[-82.4,41.7],[-82.7,41.7],[-83,41.8],[-83.1,42]]]},"properties":{"featurecla":"Admin-1 scale rank","scalerank":2,"adm1_code":"USA-3550","diss_me":3550,"iso_3166_2":"US-OH","wikipedia":"http://en.wikipedia.org/wiki/Ohio","iso_a2":"US","adm0_sr":1,"name":"Ohio","name_alt":"OH|Ohio","name_local":"","type":"State","type_en":"State","code_local":"US39","code_hasc":"US.OH","note":"","hasc_maybe":"","region":"Midwest","region_cod":"","provnum_ne":0,"gadm_level":1,"check_me":20,"datarank":1,"abbrev":"Ohio","postal":"OH","area_sqkm":0,"sameascity":-99,"labelrank":0,"name_len":4,"mapcolor9":1,"mapcolor13":1,"fips":"US39","fips_alt":"","woe_id":2347594,"woe_label":"Ohio, US, United States","woe_name":"Ohio","latitude":40.0924,"longitude":-82.6719,"sov_a3":"US1","adm0_a3":"USA","adm0_label":2,"admin":"United States of America","geonunit":"United States of America","gu_a3":"USA","gn_id":5165418,"gn_name":"Ohio","gns_id":-1,"gns_name":"","gn_level":1,"gn_region":"","gn_a1_code":"US.OH","region_sub":"East North Central","sub_code":"","gns_level":-1,"gns_lang":"","gns_adm1":"","gns_region":"","min_label":3.5,"max_label":7.5,"min_zoom":2,"wikidataid":"Q1397","name_ar":"أوهايو","name_bn":"ওহাইও","name_de":"Ohio","name_en":"Ohio","name_es":"Ohio","name_fr":"Ohio","name_el":"Οχάιο","name_hi":"ओहायो","name_hu":"Ohio","name_id":"Ohio","name_it":"Ohio","name_ja":"オハイオ州","name_ko":"오하이오","name_nl":"Ohio","name_pl":"Ohio","name_pt":"Ohio","name_ru":"Огайо","name_sv":"Ohio","name_tr":"Ohio","name_vi":"Ohio","name_zh":"俄亥俄州","ne_id":1159315315,"name_he":"אוהיו","name_uk":"Огайо","name_ur":"اوہائیو","name_fa":"اوهایو","name_zht":"俄亥俄州","FCLASS_ISO":"","FCLASS_US":"","FCLASS_FR":"","FCLASS_RU":"","FCLASS_ES":"","FCLASS_CN":"","FCLASS_TW":"","FCLASS_IN":"","FCLASS_NP":"","FCLASS_PK":"","FCLASS_DE":"","FCLASS_GB":"","FCLASS_BR":"","FCLASS_IL":"","FCLASS_PS":"","FCLASS_SA":"","FCLASS_EG":"","FCLASS_MA":"","FCLASS_PT":"","FCLASS_AR":"","FCLASS_JP":"","FCLASS_KO":"","FCLASS_VN":"","FCLASS_TR":"","FCLASS_ID":"","FCLASS_PL":"","FCLASS_GR":"","FCLASS_IT":"","FCLASS_NL":"","FCLASS_SE":"","FCLASS_BD":"","FCLASS_UA":"","FCLASS_TLC":""}},
{"type":"Feature","geometry":{"type":"Polygon","coordinates":[[[-94.6,36.5],[-94.6,37],[-95.8,37],[-97.6,37],[-99,37],[-100.4,37],[-102,37],[-103,37],[-103,36.5],[-100.9,36.5],[-100,36.5],[-100,35.7],[-100,34.6],[-99.6,34.4],[-99.4,34.4],[-99.2,34.2],[-98.8,34.2],[-98.1,34.1],[-98.1,34],[-97.8,33.9],[-97.7,34],[-97.4,33.8],[-97,33.9],[-96.3,33.8],[-95.9,33.9],[-95.6,33.9],[-95.4,33.9],[-95.2,34],[-94.7,33.7],[-94.5,33.6],[-94.4,35.4],[-94.6,36.5]]]},"properties":{"featurecla":"Admin-1 scale rank","scalerank":2,"adm1_code":"USA-3533","diss_me":3533,"iso_3166_2":"US-OK","wikipedia":"http://en.wikipedia.org/wiki/Oklahoma","iso_a2":"US","adm0_sr":1,"name":"Oklahoma","name_alt":"OK|Okla.","name_local":"","type":"State","type_en":"State","code_local":"US40","code_hasc":"US.OK","note":"","hasc_maybe":"","region":"South","region_cod":"","provnum_ne":0,"gadm_level":1,"check_me":20,"datarank":1,"abbrev":"Okla.","postal":"OK","area_sqkm":0,"sameascity":-99,"labelrank":0,"name_len":8,"mapcolor9":1,"mapcolor13":1,"fips":"US40","fips_alt":"","woe_id":2347595,"woe_label":"Oklahoma, US, United States","woe_name":"Oklahoma","latitude":35.452,"longitude":-97.1309,"sov_a3":"US1","adm0_a3":"USA","adm0_label":2,"admin":"United States of America","geonunit":"United States of America","gu_a3":"USA","gn_id":4544379,"gn_name":"Oklahoma","gns_id":-1,"gns_name":"","gn_level":1,"gn_region":"","gn_a1_code":"US.OK","region_sub":"West South Central","sub_code":"","gns_level":-1,"gns_lang":"","gns_adm1":"","gns_region":"","min_label":3.5,"max_label":7.5,"min_zoom":2,"wikidataid":"Q1649","name_ar":"أوكلاهوما","name_bn":"ওকলাহোমা","name_de":"Oklahoma","name_en":"Oklahoma","name_es":"Oklahoma","name_fr":"Oklahoma","name_el":"Οκλαχόμα","name_hi":"ओक्लाहोमा","name_hu":"Oklahoma","name_id":"Oklahoma","name_it":"Oklahoma","name_ja":"オクラホマ州","name_ko":"오클라호마","name_nl":"Oklahoma","name_pl":"Oklahoma","name_pt":"Oklahoma","name_ru":"Оклахома","name_sv":"Oklahoma","name_tr":"Oklahoma","name_vi":"Oklahoma","name_zh":"俄克拉荷马州","ne_id":1159315365,"name_he":"אוקלהומה","name_uk":"Оклахома","name_ur":"اوکلاہوما","name_fa":"اکلاهما","name_zht":"奧克拉荷馬州","FCLASS_ISO":"","FCLASS_US":"","FCLASS_FR":"","FCLASS_RU":"","FCLASS_ES":"","FCLASS_CN":"","FCLASS_TW":"","FCLASS_IN":"","FCLASS_NP":"","FCLASS_PK":"","FCLASS_DE":"","FCLASS_GB":"","FCLASS_BR":"","FCLASS_IL":"","FCLASS_PS":"","FCLASS_SA":"","FCLASS_EG":"","FCLASS_MA":"","FCLASS_PT":"","FCLASS_AR":"","FCLASS_JP":"","FCLASS_KO":"","FCLASS_VN":"","FCLASS_TR":"","FCLASS_ID":"","FCLASS_PL":"","FCLASS_GR":"","FCLASS_IT":"","FCLASS_NL":"","FCLASS_SE":"","FCLASS_BD":"","FCLASS_UA":"","FCLASS_TLC":""}},
{"type":"Feature","geometry":{"type":"Polygon","coordinates":[[[-120,42],[-118.5,42],[-117,42],[-117,43.8],[-116.9,44.2],[-117.2,44.3],[-117.1,44.6],[-116.9,44.8],[-116.5,45.5],[-116.5,45.6],[-116.9,46],[-119,46],[-119.9,45.8],[-120.4,45.7],[-121,45.6],[-121.4,45.7],[-121.9,45.7],[-122.2,45.6],[-122.7,45.7],[-122.9,46.1],[-123.2,46.2],[-123.5,46.2],[-123.9,46.1],[-123.9,45.6],[-124.1,44.8],[-124.1,43.7],[-124.3,43.3],[-124.5,42.8],[-124.4,42.6],[-124.4,42.1],[-124.2,42],[-123.4,42],[-121.8,42],[-120,42]]]},"properties":{"featurecla":"Admin-1 scale rank","scalerank":2,"adm1_code":"USA-3525","diss_me":3525,"iso_3166_2":"US-OR","wikipedia":"http://en.wikipedia.org/wiki/Oregon","iso_a2":"US","adm0_sr":6,"name":"Oregon","name_alt":"OR|Ore.","name_local":"","type":"State","type_en":"State","code_local":"US41","code_hasc":"US.OR","note":"","hasc_maybe":"","region":"West","region_cod":"","provnum_ne":0,"gadm_level":1,"check_me":20,"datarank":1,"abbrev":"Ore.","postal":"OR","area_sqkm":0,"sameascity":-99,"labelrank":0,"name_len":6,"mapcolor9":1,"mapcolor13":1,"fips":"US41","fips_alt":"","woe_id":2347596,"woe_label":"Oregon, US, United States","woe_name":"Oregon","latitude":43.8333,"longitude":-120.386,"sov_a3":"US1","adm0_a3":"USA","adm0_label":2,"admin":"United States of America","geonunit":"United States of America","gu_a3":"USA","gn_id":5744337,"gn_name":"Oregon","gns_id":-1,"gns_name":"","gn_level":1,"gn_region":"","gn_a1_code":"US.OR","region_sub":"Pacific","sub_code":"","gns_level":-1,"gns_lang":"","gns_adm1":"","gns_region":"","min_label":3.5,"max_label":7.5,"min_zoom":2,"wikidataid":"Q824","name_ar":"أوريغون","name_bn":"অরেগন","name_de":"Oregon","name_en":"Oregon","name_es":"Oregón","name_fr":"Oregon","name_el":"Όρεγκον","name_hi":"औरिगन","name_hu":"Oregon","name_id":"Oregon","name_it":"Oregon","name_ja":"オレゴン州","name_ko":"오리건","name_nl":"Oregon","name_pl":"Oregon","name_pt":"Oregon","name_ru":"Орегон","name_sv":"Oregon","name_tr":"Oregon","name_vi":"Oregon","name_zh":"俄勒冈州","ne_id":1159309549,"name_he":"אורגון","name_uk":"Орегон","name_ur":"اوریگون","name_fa":"اورگن","name_zht":"奧勒岡州","FCLASS_ISO":"","FCLASS_US":"","FCLASS_FR":"","FCLASS_RU":"","FCLASS_ES":"","FCLASS_CN":"","FCLASS_TW":"","FCLASS_IN":"","FCLASS_NP":"","FCLASS_PK":"","FCLASS_DE":"","FCLASS_GB":"","FCLASS_BR":"","FCLASS_IL":"","FCLASS_PS":"","FCLASS_SA":"","FCLASS_EG":"","FCLASS_MA":"","FCLASS_PT":"","FCLASS_AR":"","FCLASS_JP":"","FCLASS_KO":"","FCLASS_VN":"","FCLASS_TR":"","FCLASS_ID":"","FCLASS_PL":"","FCLASS_GR":"","FCLASS_IT":"","FCLASS_NL":"","FCLASS_SE":"","FCLASS_BD":"","FCLASS_UA":"","FCLASS_TLC":""}},
{"type":"Feature","geometry":{"type":"Polygon","coordinates":[[[-80.5,42.3],[-80.5,40.6],[-80.5,39.7],[-79.5,39.7],[-78.6,39.7],[-77.2,39.7],[-75.8,39.7],[-75.6,39.8],[-75.4,39.8],[-75.1,40],[-74.7,40.2],[-75.2,40.6],[-75.1,41],[-74.7,41.4],[-75,41.6],[-75.1,41.9],[-75.4,42],[-77.7,42],[-79.8,42],[-79.8,42.5],[-80.2,42.4],[-80.5,42.3]]]},"properties":{"featurecla":"Admin-1 scale rank","scalerank":2,"adm1_code":"USA-3560","diss_me":3560,"iso_3166_2":"US-PA","wikipedia":"http://en.wikipedia.org/wiki/Pennsylvania","iso_a2":"US","adm0_sr":1,"name":"Pennsylvania","name_alt":"Commonwealth of Pennsylvania|PA","name_local":"","type":"State","type_en":"State","code_local":"US42","code_hasc":"US.PA","note":"","hasc_maybe":"","region":"Northeast","region_cod":"","provnum_ne":0,"gadm_level":1,"check_me":20,"datarank":1,"abbrev":"Pa.","postal":"PA","area_sqkm":0,"sameascity":-99,"labelrank":0,"name_len":12,"mapcolor9":1,"mapcolor13":1,"fips":"US42","fips_alt":"","woe_id":2347597,"woe_label":"Pennsylvania, US, United States","woe_name":"Pennsylvania","latitude":40.8601,"longitude":-77.6094,"sov_a3":"US1","adm0_a3":"USA","adm0_label":2,"admin":"United States of America","geonunit":"United States of America","gu_a3":"USA","gn_id":6254927,"gn_name":"Pennsylvania","gns_id":-1,"gns_name":"","gn_level":1,"gn_region":"","gn_a1_code":"US.PA","region_sub":"Middle Atlantic","sub_code":"","gns_level":-1,"gns_lang":"","gns_adm1":"","gns_region":"","min_label":3.5,"max_label":7.5,"min_zoom":2,"wikidataid":"Q1400","name_ar":"بنسيلفانيا","name_bn":"পেনসিলভেনিয়া","name_de":"Pennsylvania","name_en":"Pennsylvania","name_es":"Pensilvania","name_fr":"Pennsylvanie","name_el":"Πενσιλβάνια","name_hi":"पेन्सिलवेनिया","name_hu":"Pennsylvania","name_id":"Pennsylvania","name_it":"Pennsylvania","name_ja":"ペンシルベニア州","name_ko":"펜실베이니아","name_nl":"Pennsylvania","name_pl":"Pensylwania","name_pt":"Pensilvânia","name_ru":"Пенсильвания","name_sv":"Pennsylvania","name_tr":"Pensilvanya","name_vi":"Pennsylvania","name_zh":"宾夕法尼亚州","ne_id":1159315331,"name_he":"פנסילבניה","name_uk":"Пенсильванія","name_ur":"پنسلوانیا","name_fa":"پنسیلوانیا","name_zht":"賓夕法尼亞州","FCLASS_ISO":"","FCLASS_US":"","FCLASS_FR":"","FCLASS_RU":"","FCLASS_ES":"","FCLASS_CN":"","FCLASS_TW":"","FCLASS_IN":"","FCLASS_NP":"","FCLASS_PK":"","FCLASS_DE":"","FCLASS_GB":"","FCLASS_BR":"","FCLASS_IL":"","FCLASS_PS":"","FCLASS_SA":"","FCLASS_EG":"","FCLASS_MA":"","FCLASS_PT":"","FCLASS_AR":"","FCLASS_JP":"","FCLASS_KO":"","FCLASS_VN":"","FCLASS_TR":"","FCLASS_ID":"","FCLASS_PL":"","FCLASS_GR":"","FCLASS_IT":"","FCLASS_NL":"","FCLASS_SE":"","FCLASS_BD":"","FCLASS_UA":"","FCLASS_TLC":""}},
{"type":"Feature","geometry":{"type":"Polygon","coordinates":[[[-71.8,41.3],[-71.5,41.4],[-71.4,41.6],[-71.2,41.7],[-71.4,42],[-71.8,42],[-71.8,41.5],[-71.8,41.3]]]},"properties":{"featurecla":"Admin-1 scale rank","scalerank":2,"adm1_code":"USA-3539","diss_me":3539,"iso_3166_2":"US-RI","wikipedia":"http://en.wikipedia.org/wiki/Rhode_Island","iso_a2":"US","adm0_sr":6,"name":"Rhode Island","name_alt":"State of Rhode Island and Providence Plantations|RI|R.I.","name_local":"","type":"State","type_en":"State","code_local":"US44","code_hasc":"US.RI","note":"","hasc_maybe":"","region":"Northeast","region_cod":"","provnum_ne":0,"gadm_level":1,"check_me":20,"datarank":1,"abbrev":"R.I.","postal":"RI","area_sqkm":0,"sameascity":-99,"labelrank":0,"name_len":12,"mapcolor9":1,"mapcolor13":1,"fips":"US44","fips_alt":"","woe_id":2347598,"woe_label":"Rhode Island, US, United States","woe_name":"Rhode Island","latitude":41.6242,"longitude":-71.5082,"sov_a3":"US1","adm0_a3":"USA","adm0_label":2,"admin":"United States of America","geonunit":"United States of America","gu_a3":"USA","gn_id":5224323,"gn_name":"Rhode Island","gns_id":-1,"gns_name":"","gn_level":1,"gn_region":"","gn_a1_code":"US.RI","region_sub":"New England","sub_code":"","gns_level":-1,"gns_lang":"","gns_adm1":"","gns_region":"","min_label":3.5,"max_label":7.5,"min_zoom":2,"wikidataid":"Q1387","name_ar":"رود آيلاند","name_bn":"রোড আইল্যান্ড","name_de":"Rhode Island","name_en":"Rhode Island","name_es":"Rhode Island","name_fr":"Rhode Island","name_el":"Ρόουντ Άιλαντ","name_hi":"रोड आइलैंड","name_hu":"Rhode Island","name_id":"Rhode Island","name_it":"Rhode Island","name_ja":"ロードアイランド州","name_ko":"로드아일랜드","name_nl":"Rhode Island","name_pl":"Rhode Island","name_pt":"Rhode Island","name_ru":"Род-Айленд","name_sv":"Rhode Island","name_tr":"Rhode Island","name_vi":"Rhode Island","name_zh":"罗得岛州","ne_id":1159312213,"name_he":"רוד איילנד","name_uk":"Род-Айленд","name_ur":"رہوڈ آئی لینڈ","name_fa":"رود آیلند","name_zht":"羅德島州","FCLASS_ISO":"","FCLASS_US":"","FCLASS_FR":"","FCLASS_RU":"","FCLASS_ES":"","FCLASS_CN":"","FCLASS_TW":"","FCLASS_IN":"","FCLASS_NP":"","FCLASS_PK":"","FCLASS_DE":"","FCLASS_GB":"","FCLASS_BR":"","FCLASS_IL":"","FCLASS_PS":"","FCLASS_SA":"","FCLASS_EG":"","FCLASS_MA":"","FCLASS_PT":"","FCLASS_AR":"","FCLASS_JP":"","FCLASS_KO":"","FCLASS_VN":"","FCLASS_TR":"","FCLASS_ID":"","FCLASS_PL":"","FCLASS_GR":"","FCLASS_IT":"","FCLASS_NL":"","FCLASS_SE":"","FCLASS_BD":"","FCLASS_UA":"","FCLASS_TLC":""}},
{"type":"Feature","geometry":{"type":"Polygon","coordinates":[[[-80.9,32],[-80.8,32.1],[-80.5,32.4],[-80.2,32.6],[-80,32.6],[-79.6,32.9],[-79.6,33],[-79.3,33.1],[-79.1,33.4],[-78.8,33.7],[-78.6,33.9],[-79.7,34.8],[-80.8,34.8],[-80.8,35],[-81.1,35.2],[-82.4,35.2],[-83.1,35],[-83.4,34.7],[-83.1,34.5],[-82.8,34.4],[-82.6,34],[-82,33.5],[-81.9,33.4],[-81.5,32.9],[-81.4,32.6],[-81.2,32.4],[-81.1,32.1],[-80.9,32]]]},"properties":{"featurecla":"Admin-1 scale rank","scalerank":2,"adm1_code":"USA-3545","diss_me":3545,"iso_3166_2":"US-SC","wikipedia":"http://en.wikipedia.org/wiki/South_Carolina","iso_a2":"US","adm0_sr":1,"name":"South Carolina","name_alt":"SC|S.C.","name_local":"","type":"State","type_en":"State","code_local":"US45","code_hasc":"US.SC","note":"","hasc_maybe":"","region":"South","region_cod":"","provnum_ne":0,"gadm_level":1,"check_me":20,"datarank":1,"abbrev":"S.C.","postal":"SC","area_sqkm":0,"sameascity":-99,"labelrank":0,"name_len":14,"mapcolor9":1,"mapcolor13":1,"fips":"US45","fips_alt":"","woe_id":2347599,"woe_label":"South Carolina, US, United States","woe_name":"South Carolina","latitude":33.8578,"longitude":-80.6471,"sov_a3":"US1","adm0_a3":"USA","adm0_label":2,"admin":"United States of America","geonunit":"United States of America","gu_a3":"USA","gn_id":4597040,"gn_name":"South Carolina","gns_id":-1,"gns_name":"","gn_level":1,"gn_region":"","gn_a1_code":"US.SC","region_sub":"South Atlantic","sub_code":"","gns_level":-1,"gns_lang":"","gns_adm1":"","gns_region":"","min_label":3.5,"max_label":7.5,"min_zoom":2,"wikidataid":"Q1456","name_ar":"كارولاينا الجنوبية","name_bn":"সাউথ ক্যারোলাইনা","name_de":"South Carolina","name_en":"South Carolina","name_es":"Carolina del Sur","name_fr":"Caroline du Sud","name_el":"Νότια Καρολίνα","name_hi":"दक्षिणी केरोलाइना","name_hu":"Dél-Karolina","name_id":"Carolina Selatan","name_it":"Carolina del Sud","name_ja":"サウスカロライナ州","name_ko":"사우스캐롤라이나","name_nl":"South Carolina","name_pl":"Karolina Południowa","name_pt":"Carolina do Sul","name_ru":"Южная Каролина","name_sv":"South Carolina","name_tr":"Güney Karolina","name_vi":"Nam Carolina","name_zh":"南卡罗来纳州","ne_id":1159315307,"name_he":"קרוליינה הדרומית","name_uk":"Південна Кароліна","name_ur":"جنوبی کیرولینا","name_fa":"کارولینای جنوبی","name_zht":"南卡羅萊納州","FCLASS_ISO":"","FCLASS_US":"","FCLASS_FR":"","FCLASS_RU":"","FCLASS_ES":"","FCLASS_CN":"","FCLASS_TW":"","FCLASS_IN":"","FCLASS_NP":"","FCLASS_PK":"","FCLASS_DE":"","FCLASS_GB":"","FCLASS_BR":"","FCLASS_IL":"","FCLASS_PS":"","FCLASS_SA":"","FCLASS_EG":"","FCLASS_MA":"","FCLASS_PT":"","FCLASS_AR":"","FCLASS_JP":"","FCLASS_KO":"","FCLASS_VN":"","FCLASS_TR":"","FCLASS_ID":"","FCLASS_PL":"","FCLASS_GR":"","FCLASS_IT":"","FCLASS_NL":"","FCLASS_SE":"","FCLASS_BD":"","FCLASS_UA":"","FCLASS_TLC":""}},
{"type":"Feature","geometry":{"type":"Polygon","coordinates":[[[-96.5,43.5],[-96.5,45.3],[-96.8,45.6],[-96.6,45.8],[-96.6,45.9],[-98,45.9],[-99.4,45.9],[-101,45.9],[-102.6,45.9],[-104,45.9],[-104,45],[-104,43.8],[-104,43],[-102,43],[-99.9,43],[-98.4,43],[-98,42.8],[-97.7,42.9],[-97.2,42.9],[-96.8,42.7],[-96.5,42.5],[-96.6,42.7],[-96.5,43.1],[-96.6,43.2],[-96.5,43.5]]]},"properties":{"featurecla":"Admin-1 scale rank","scalerank":2,"adm1_code":"USA-3534","diss_me":3534,"iso_3166_2":"US-SD","wikipedia":"http://en.wikipedia.org/wiki/South_Dakota","iso_a2":"US","adm0_sr":1,"name":"South Dakota","name_alt":"SD|S.D.","name_local":"","type":"State","type_en":"State","code_local":"US46","code_hasc":"US.SD","note":"","hasc_maybe":"","region":"Midwest","region_cod":"","provnum_ne":0,"gadm_level":1,"check_me":20,"datarank":1,"abbrev":"S.D.","postal":"SD","area_sqkm":0,"sameascity":-99,"labelrank":0,"name_len":12,"mapcolor9":1,"mapcolor13":1,"fips":"US46","fips_alt":"","woe_id":2347600,"woe_label":"South Dakota, US, United States","woe_name":"South Dakota","latitude":44.4711,"longitude":-100.255,"sov_a3":"US1","adm0_a3":"USA","adm0_label":2,"admin":"United States of America","geonunit":"United States of America","gu_a3":"USA","gn_id":5769223,"gn_name":"South Dakota","gns_id":-1,"gns_name":"","gn_level":1,"gn_region":"","gn_a1_code":"US.SD","region_sub":"West North Central","sub_code":"","gns_level":-1,"gns_lang":"","gns_adm1":"","gns_region":"","min_label":3.5,"max_label":7.5,"min_zoom":2,"wikidataid":"Q1211","name_ar":"داكوتا الجنوبية","name_bn":"দক্ষিণ ডাকোটা","name_de":"South Dakota","name_en":"South Dakota","name_es":"Dakota del Sur","name_fr":"Dakota du Sud","name_el":"Νότια Ντακότα","name_hi":"दक्षिण डकोटा","name_hu":"Dél-Dakota","name_id":"Dakota Selatan","name_it":"Dakota del Sud","name_ja":"サウスダコタ州","name_ko":"사우스다코타","name_nl":"South Dakota","name_pl":"Dakota Południowa","name_pt":"Dakota do Sul","name_ru":"Южная Дакота","name_sv":"South Dakota","name_tr":"Güney Dakota","name_vi":"Nam Dakota","name_zh":"南达科他州","ne_id":1159315367,"name_he":"דקוטה הדרומית","name_uk":"Південна Дакота","name_ur":"جنوبی ڈکوٹا","name_fa":"داکوتای جنوبی","name_zht":"南達科他州","FCLASS_ISO":"","FCLASS_US":"","FCLASS_FR":"","FCLASS_RU":"","FCLASS_ES":"","FCLASS_CN":"","FCLASS_TW":"","FCLASS_IN":"","FCLASS_NP":"","FCLASS_PK":"","FCLASS_DE":"","FCLASS_GB":"","FCLASS_BR":"","FCLASS_IL":"","FCLASS_PS":"","FCLASS_SA":"","FCLASS_EG":"","FCLASS_MA":"","FCLASS_PT":"","FCLASS_AR":"","FCLASS_JP":"","FCLASS_KO":"","FCLASS_VN":"","FCLASS_TR":"","FCLASS_ID":"","FCLASS_PL":"","FCLASS_GR":"","FCLASS_IT":"","FCLASS_NL":"","FCLASS_SE":"","FCLASS_BD":"","FCLASS_UA":"","FCLASS_TLC":""}},
{"type":"Feature","geometry":{"type":"Polygon","coordinates":[[[-85.6,35],[-84.3,35],[-84.3,35.2],[-84.1,35.3],[-83.9,35.5],[-83.5,35.6],[-83,35.8],[-82.9,36],[-82.4,36.1],[-82.1,36.1],[-81.9,36.3],[-81.7,36.4],[-81.7,36.6],[-82,36.6],[-83.7,36.6],[-85.1,36.6],[-86.5,36.7],[-87.8,36.6],[-88.1,36.7],[-88.1,36.5],[-89.5,36.5],[-89.6,36.5],[-89.7,36],[-89.8,35.8],[-89.9,35.7],[-90.1,35.4],[-90.1,35.2],[-90.3,35],[-88.2,35],[-87.5,35],[-85.6,35]]]},"properties":{"featurecla":"Admin-1 scale rank","scalerank":2,"adm1_code":"USA-3551","diss_me":3551,"iso_3166_2":"US-TN","wikipedia":"http://en.wikipedia.org/wiki/Tennessee","iso_a2":"US","adm0_sr":1,"name":"Tennessee","name_alt":"TN|Tenn.","name_local":"","type":"State","type_en":"State","code_local":"US47","code_hasc":"US.TN","note":"","hasc_maybe":"","region":"South","region_cod":"","provnum_ne":0,"gadm_level":1,"check_me":20,"datarank":1,"abbrev":"Tenn.","postal":"TN","area_sqkm":0,"sameascity":-99,"labelrank":0,"name_len":9,"mapcolor9":1,"mapcolor13":1,"fips":"US47","fips_alt":"","woe_id":2347601,"woe_label":"Tennessee, US, United States","woe_name":"Tennessee","latitude":35.7514,"longitude":-86.3415,"sov_a3":"US1","adm0_a3":"USA","adm0_label":2,"admin":"United States of America","geonunit":"United States of America","gu_a3":"USA","gn_id":4662168,"gn_name":"Tennessee","gns_id":-1,"gns_name":"","gn_level":1,"gn_region":"","gn_a1_code":"US.TN","region_sub":"East South Central","sub_code":"","gns_level":-1,"gns_lang":"","gns_adm1":"","gns_region":"","min_label":3.5,"max_label":7.5,"min_zoom":2,"wikidataid":"Q1509","name_ar":"تينيسي","name_bn":"টেনেসী","name_de":"Tennessee","name_en":"Tennessee","name_es":"Tennessee","name_fr":"Tennessee","name_el":"Τενεσί","name_hi":"टेनेसी","name_hu":"Tennessee","name_id":"Tennessee","name_it":"Tennessee","name_ja":"テネシー州","name_ko":"테네시","name_nl":"Tennessee","name_pl":"Tennessee","name_pt":"Tennessee","name_ru":"Теннесси","name_sv":"Tennessee","name_tr":"Tennessee","name_vi":"Tennessee","name_zh":"田纳西州","ne_id":1159315319,"name_he":"טנסי","name_uk":"Теннессі","name_ur":"ٹینیسی","name_fa":"تنسی","name_zht":"田納西州","FCLASS_ISO":"","FCLASS_US":"","FCLASS_FR":"","FCLASS_RU":"","FCLASS_ES":"","FCLASS_CN":"","FCLASS_TW":"","FCLASS_IN":"","FCLASS_NP":"","FCLASS_PK":"","FCLASS_DE":"","FCLASS_GB":"","FCLASS_BR":"","FCLASS_IL":"","FCLASS_PS":"","FCLASS_SA":"","FCLASS_EG":"","FCLASS_MA":"","FCLASS_PT":"","FCLASS_AR":"","FCLASS_JP":"","FCLASS_KO":"","FCLASS_VN":"","FCLASS_TR":"","FCLASS_ID":"","FCLASS_PL":"","FCLASS_GR":"","FCLASS_IT":"","FCLASS_NL":"","FCLASS_SE":"","FCLASS_BD":"","FCLASS_UA":"","FCLASS_TLC":""}},
{"type":"Feature","geometry":{"type":"Polygon","coordinates":[[[-94.5,33.6],[-94.7,33.7],[-95.2,34],[-95.4,33.9],[-95.6,33.9],[-95.9,33.9],[-96.3,33.8],[-97,33.9],[-97.4,33.8],[-97.7,34],[-97.8,33.9],[-98.1,34],[-98.1,34.1],[-98.8,34.2],[-99.2,34.2],[-99.4,34.4],[-99.6,34.4],[-100,34.6],[-100,35.7],[-100,36.5],[-100.9,36.5],[-103,36.5],[-103,35.7],[-103.1,34.5],[-103.1,33.4],[-103.1,32],[-104.9,32],[-106.7,32],[-106.4,31.8],[-106.3,31.5],[-105.8,31.2],[-105.3,30.8],[-105,30.6],[-104.7,30.1],[-104.7,30],[-104.5,29.7],[-104.1,29.4],[-103.7,29.2],[-103.3,29],[-103.1,29],[-102.9,29.2],[-102.7,29.6],[-102.6,29.8],[-102.3,29.9],[-102,29.8],[-101.4,29.8],[-100.7,29.1],[-100.5,28.8],[-100.3,28.5],[-100.3,28.3],[-100,28],[-99.8,27.7],[-99.5,27.5],[-99.4,27],[-99.2,26.8],[-99.1,26.4],[-98.8,26.3],[-98.6,26.2],[-98.1,26.1],[-97.8,26],[-97.4,25.9],[-97.1,26],[-97.4,26.4],[-97.6,27],[-97.5,27.1],[-97.5,27.3],[-97.4,27.4],[-97.3,27.7],[-97.4,27.8],[-97.2,27.9],[-97.1,28],[-97.2,28.1],[-96.8,28.2],[-96.6,28.4],[-96.4,28.6],[-96.3,28.7],[-96,28.6],[-95.9,28.6],[-95.3,29],[-95.1,29.2],[-94.9,29.4],[-95,29.5],[-94.9,29.7],[-94.8,29.4],[-94.1,29.7],[-93.8,30],[-93.7,30.1],[-93.7,30.6],[-93.6,30.8],[-93.6,31.2],[-93.8,31.6],[-93.8,31.8],[-94,32],[-94,33],[-94,33.6],[-94.5,33.6]]]},"properties":{"featurecla":"Admin-1 scale rank","scalerank":2,"adm1_code":"USA-3536","diss_me":3536,"iso_3166_2":"US-TX","wikipedia":"http://en.wikipedia.org/wiki/Texas","iso_a2":"US","adm0_sr":4,"name":"Texas","name_alt":"TX|Tex.","name_local":"","type":"State","type_en":"State","code_local":"US48","code_hasc":"US.TX","note":"","hasc_maybe":"","region":"South","region_cod":"","provnum_ne":0,"gadm_level":1,"check_me":20,"datarank":1,"abbrev":"Tex.","postal":"TX","area_sqkm":0,"sameascity":-99,"labelrank":0,"name_len":5,"mapcolor9":1,"mapcolor13":1,"fips":"US48","fips_alt":"","woe_id":2347602,"woe_label":"Texas, US, United States","woe_name":"Texas","latitude":31.131,"longitude":-98.7607,"sov_a3":"US1","adm0_a3":"USA","adm0_label":2,"admin":"United States of America","geonunit":"United States of America","gu_a3":"USA","gn_id":4736286,"gn_name":"Texas","gns_id":-1,"gns_name":"","gn_level":1,"gn_region":"","gn_a1_code":"US.TX","region_sub":"West South Central","sub_code":"","gns_level":-1,"gns_lang":"","gns_adm1":"","gns_region":"","min_label":3.5,"max_label":7.5,"min_zoom":2,"wikidataid":"Q1439","name_ar":"تكساس","name_bn":"টেক্সাস","name_de":"Texas","name_en":"Texas","name_es":"Texas","name_fr":"Texas","name_el":"Τέξας","name_hi":"टॅक्सस","name_hu":"Texas","name_id":"Texas","name_it":"Texas","name_ja":"テキサス州","name_ko":"텍사스","name_nl":"Texas","name_pl":"Teksas","name_pt":"Texas","name_ru":"Техас","name_sv":"Texas","name_tr":"Teksas","name_vi":"Texas","name_zh":"得克萨斯州","ne_id":1159315211,"name_he":"טקסס","name_uk":"Техас","name_ur":"ٹیکساس","name_fa":"تگزاس","name_zht":"德克薩斯州","FCLASS_ISO":"","FCLASS_US":"","FCLASS_FR":"","FCLASS_RU":"","FCLASS_ES":"","FCLASS_CN":"","FCLASS_TW":"","FCLASS_IN":"","FCLASS_NP":"","FCLASS_PK":"","FCLASS_DE":"","FCLASS_GB":"","FCLASS_BR":"","FCLASS_IL":"","FCLASS_PS":"","FCLASS_SA":"","FCLASS_EG":"","FCLASS_MA":"","FCLASS_PT":"","FCLASS_AR":"","FCLASS_JP":"","FCLASS_KO":"","FCLASS_VN":"","FCLASS_TR":"","FCLASS_ID":"","FCLASS_PL":"","FCLASS_GR":"","FCLASS_IT":"","FCLASS_NL":"","FCLASS_SE":"","FCLASS_BD":"","FCLASS_UA":"","FCLASS_TLC":""}},
{"type":"Feature","geometry":{"type":"Polygon","coordinates":[[[-109,37],[-109,38],[-109,39],[-109,40.3],[-109,41],[-111,41],[-111.1,42],[-112,42],[-114,42],[-114,41.2],[-114,40],[-114,38.6],[-114,37],[-112.8,37],[-111.2,37],[-109,37]]]},"properties":{"featurecla":"Admin-1 scale rank","scalerank":2,"adm1_code":"USA-3526","diss_me":3526,"iso_3166_2":"US-UT","wikipedia":"http://en.wikipedia.org/wiki/Utah","iso_a2":"US","adm0_sr":1,"name":"Utah","name_alt":"UT","name_local":"","type":"State","type_en":"State","code_local":"US49","code_hasc":"US.UT","note":"","hasc_maybe":"","region":"West","region_cod":"","provnum_ne":0,"gadm_level":1,"check_me":20,"datarank":1,"abbrev":"Utah","postal":"UT","area_sqkm":0,"sameascity":-99,"labelrank":0,"name_len":4,"mapcolor9":1,"mapcolor13":1,"fips":"US49","fips_alt":"","woe_id":2347603,"woe_label":"Utah, US, United States","woe_name":"Utah","latitude":39.5007,"longitude":-111.544,"sov_a3":"US1","adm0_a3":"USA","adm0_label":2,"admin":"United States of America","geonunit":"United States of America","gu_a3":"USA","gn_id":5549030,"gn_name":"Utah","gns_id":-1,"gns_name":"","gn_level":1,"gn_region":"","gn_a1_code":"US.UT","region_sub":"Mountain","sub_code":"","gns_level":-1,"gns_lang":"","gns_adm1":"","gns_region":"","min_label":3.5,"max_label":7.5,"min_zoom":2,"wikidataid":"Q829","name_ar":"يوتا","name_bn":"ইউটা","name_de":"Utah","name_en":"Utah","name_es":"Utah","name_fr":"Utah","name_el":"Γιούτα","name_hi":"यूटाह","name_hu":"Utah","name_id":"Utah","name_it":"Utah","name_ja":"ユタ州","name_ko":"유타","name_nl":"Utah","name_pl":"Utah","name_pt":"Utah","name_ru":"Юта","name_sv":"Utah","name_tr":"Utah","name_vi":"Utah","name_zh":"犹他州","ne_id":1159315349,"name_he":"יוטה","name_uk":"Юта","name_ur":"یوٹاہ","name_fa":"یوتا","name_zht":"猶他州","FCLASS_ISO":"","FCLASS_US":"","FCLASS_FR":"","FCLASS_RU":"","FCLASS_ES":"","FCLASS_CN":"","FCLASS_TW":"","FCLASS_IN":"","FCLASS_NP":"","FCLASS_PK":"","FCLASS_DE":"","FCLASS_GB":"","FCLASS_BR":"","FCLASS_IL":"","FCLASS_PS":"","FCLASS_SA":"","FCLASS_EG":"","FCLASS_MA":"","FCLASS_PT":"","FCLASS_AR":"","FCLASS_JP":"","FCLASS_KO":"","FCLASS_VN":"","FCLASS_TR":"","FCLASS_ID":"","FCLASS_PL":"","FCLASS_GR":"","FCLASS_IT":"","FCLASS_NL":"","FCLASS_SE":"","FCLASS_BD":"","FCLASS_UA":"","FCLASS_TLC":""}},
{"type":"Feature","geometry":{"type":"MultiPolygon","coordinates":[[[[-77.1,38.9],[-77.5,39.1],[-77.5,39.2],[-77.7,39.3],[-77.8,39.1],[-78.3,39.5],[-78.4,39.2],[-78.6,39],[-78.9,38.8],[-79,38.8],[-79.2,38.5],[-79.4,38.5],[-79.6,38.6],[-80,38],[-80.3,37.7],[-80.3,37.5],[-80.9,37.3],[-81.2,37.3],[-81.4,37.3],[-81.6,37.2],[-81.8,37.3],[-82,37.5],[-82.3,37.3],[-82.7,37.1],[-82.9,36.9],[-83.2,36.8],[-83.7,36.6],[-82,36.6],[-81.7,36.6],[-80.6,36.6],[-79.5,36.6],[-78.4,36.6],[-76.9,36.6],[-76,36.6],[-75.9,36.6],[-76,36.9],[-76.3,37.1],[-76.4,37.2],[-76.3,37.4],[-76.3,37.6],[-76.3,37.9],[-76.5,38.1],[-76.9,38.2],[-77,38.4],[-77.3,38.4],[-77.3,38.6],[-77,38.8],[-77,38.9],[-77.1,38.9]]],[[[-75.7,38],[-75.9,37.6],[-75.8,37.4],[-75.6,37.6],[-75.4,38],[-75.7,38]]]]},"properties":{"featurecla":"Admin-1 scale rank","scalerank":2,"adm1_code":"USA-3552","diss_me":3552,"iso_3166_2":"US-VA","wikipedia":"http://en.wikipedia.org/wiki/Virginia","iso_a2":"US","adm0_sr":6,"name":"Virginia","name_alt":"VA","name_local":"","type":"State","type_en":"State","code_local":"US51","code_hasc":"US.VA","note":"","hasc_maybe":"","region":"South","region_cod":"","provnum_ne":0,"gadm_level":1,"check_me":20,"datarank":1,"abbrev":"Va.","postal":"VA","area_sqkm":0,"sameascity":-99,"labelrank":0,"name_len":8,"mapcolor9":1,"mapcolor13":1,"fips":"US51","fips_alt":"","woe_id":2347605,"woe_label":"Virginia, US, United States","woe_name":"Virginia","latitude":37.7403,"longitude":-78.2431,"sov_a3":"US1","adm0_a3":"USA","adm0_label":2,"admin":"United States of America","geonunit":"United States of America","gu_a3":"USA","gn_id":6254928,"gn_name":"Virginia","gns_id":-1,"gns_name":"","gn_level":1,"gn_region":"","gn_a1_code":"US.VA","region_sub":"South Atlantic","sub_code":"","gns_level":-1,"gns_lang":"","gns_adm1":"","gns_region":"","min_label":3.5,"max_label":7.5,"min_zoom":2,"wikidataid":"Q1370","name_ar":"فرجينيا","name_bn":"ভার্জিনিয়া","name_de":"Virginia","name_en":"Virginia","name_es":"Virginia","name_fr":"Virginie","name_el":"Βιρτζίνια","name_hi":"वर्जीनिया","name_hu":"Virginia","name_id":"Virginia","name_it":"Virginia","name_ja":"バージニア州","name_ko":"버지니아","name_nl":"Virginia","name_pl":"Wirginia","name_pt":"Virgínia","name_ru":"Виргиния","name_sv":"Virginia","name_tr":"Virjinya","name_vi":"Virginia","name_zh":"弗吉尼亚州","ne_id":1159315259,"name_he":"וירג'יניה","name_uk":"Вірджинія","name_ur":"ورجینیا","name_fa":"ویرجینیا","name_zht":"維吉尼亞州","FCLASS_ISO":"","FCLASS_US":"","FCLASS_FR":"","FCLASS_RU":"","FCLASS_ES":"","FCLASS_CN":"","FCLASS_TW":"","FCLASS_IN":"","FCLASS_NP":"","FCLASS_PK":"","FCLASS_DE":"","FCLASS_GB":"","FCLASS_BR":"","FCLASS_IL":"","FCLASS_PS":"","FCLASS_SA":"","FCLASS_EG":"","FCLASS_MA":"","FCLASS_PT":"","FCLASS_AR":"","FCLASS_JP":"","FCLASS_KO":"","FCLASS_VN":"","FCLASS_TR":"","FCLASS_ID":"","FCLASS_PL":"","FCLASS_GR":"","FCLASS_IT":"","FCLASS_NL":"","FCLASS_SE":"","FCLASS_BD":"","FCLASS_UA":"","FCLASS_TLC":""}},
{"type":"Feature","geometry":{"type":"Polygon","coordinates":[[[-73.4,45],[-73.4,44.6],[-73.3,44.3],[-73.4,44],[-73.4,43.6],[-73.2,43.6],[-73.3,42.8],[-72.5,42.7],[-72.5,42.9],[-72.5,43],[-72.4,43.5],[-72.1,44],[-72,44.3],[-71.7,44.5],[-71.6,44.6],[-71.6,44.8],[-71.5,45],[-73.4,45]]]},"properties":{"featurecla":"Admin-1 scale rank","scalerank":2,"adm1_code":"USA-3540","diss_me":3540,"iso_3166_2":"US-VT","wikipedia":"http://en.wikipedia.org/wiki/Vermont","iso_a2":"US","adm0_sr":1,"name":"Vermont","name_alt":"VT","name_local":"","type":"State","type_en":"State","code_local":"US50","code_hasc":"US.VT","note":"","hasc_maybe":"","region":"Northeast","region_cod":"","provnum_ne":0,"gadm_level":1,"check_me":20,"datarank":1,"abbrev":"Vt.","postal":"VT","area_sqkm":0,"sameascity":-99,"labelrank":0,"name_len":7,"mapcolor9":1,"mapcolor13":1,"fips":"US50","fips_alt":"","woe_id":2347604,"woe_label":"Vermont, US, United States","woe_name":"Vermont","latitude":44.0886,"longitude":-72.7317,"sov_a3":"US1","adm0_a3":"USA","adm0_label":2,"admin":"United States of America","geonunit":"United States of America","gu_a3":"USA","gn_id":5242283,"gn_name":"Vermont","gns_id":-1,"gns_name":"","gn_level":1,"gn_region":"","gn_a1_code":"US.VT","region_sub":"New England","sub_code":"","gns_level":-1,"gns_lang":"","gns_adm1":"","gns_region":"","min_label":3.5,"max_label":7.5,"min_zoom":2,"wikidataid":"Q16551","name_ar":"فيرمونت","name_bn":"ভার্মন্ট","name_de":"Vermont","name_en":"Vermont","name_es":"Vermont","name_fr":"Vermont","name_el":"Βερμόντ","name_hi":"वर्मांट","name_hu":"Vermont","name_id":"Vermont","name_it":"Vermont","name_ja":"バーモント州","name_ko":"버몬트","name_nl":"Vermont","name_pl":"Vermont","name_pt":"Vermont","name_ru":"Вермонт","name_sv":"Vermont","name_tr":"Vermont","name_vi":"Vermont","name_zh":"佛蒙特州","ne_id":1159315305,"name_he":"ורמונט","name_uk":"Вермонт","name_ur":"ورمونٹ","name_fa":"ورمونت","name_zht":"佛蒙特州","FCLASS_ISO":"","FCLASS_US":"","FCLASS_FR":"","FCLASS_RU":"","FCLASS_ES":"","FCLASS_CN":"","FCLASS_TW":"","FCLASS_IN":"","FCLASS_NP":"","FCLASS_PK":"","FCLASS_DE":"","FCLASS_GB":"","FCLASS_BR":"","FCLASS_IL":"","FCLASS_PS":"","FCLASS_SA":"","FCLASS_EG":"","FCLASS_MA":"","FCLASS_PT":"","FCLASS_AR":"","FCLASS_JP":"","FCLASS_KO":"","FCLASS_VN":"","FCLASS_TR":"","FCLASS_ID":"","FCLASS_PL":"","FCLASS_GR":"","FCLASS_IT":"","FCLASS_NL":"","FCLASS_SE":"","FCLASS_BD":"","FCLASS_UA":"","FCLASS_TLC":""}},
{"type":"Feature","geometry":{"type":"Polygon","coordinates":[[[-122.8,49],[-122.4,48.3],[-122.5,48.2],[-122.2,48],[-122.4,47.8],[-122.4,47.4],[-122.7,47.1],[-123,47.2],[-122.8,47.3],[-122.6,47.4],[-122.7,47.9],[-122.9,48.1],[-124,48.2],[-124.6,48.4],[-124.7,48.2],[-124.6,47.9],[-124.4,47.7],[-124.2,47.2],[-124.1,46.7],[-123.9,46.7],[-124.1,46.3],[-123.5,46.3],[-123.2,46.2],[-122.9,46.1],[-122.7,45.7],[-122.2,45.6],[-121.9,45.7],[-121.4,45.7],[-121,45.6],[-120.4,45.7],[-119.9,45.8],[-119,46],[-116.9,46],[-117,46.4],[-117,47.7],[-117,49],[-118.4,49],[-119.7,49],[-121.4,49],[-122.8,49]]]},"properties":{"featurecla":"Admin-1 scale rank","scalerank":2,"adm1_code":"USA-3519","diss_me":3519,"iso_3166_2":"US-WA","wikipedia":"http://en.wikipedia.org/wiki/Washington_(state)","iso_a2":"US","adm0_sr":6,"name":"Washington","name_alt":"WA|Wash.","name_local":"","type":"State","type_en":"State","code_local":"US53","code_hasc":"US.WA","note":"","hasc_maybe":"","region":"West","region_cod":"","provnum_ne":0,"gadm_level":1,"check_me":20,"datarank":1,"abbrev":"Wash.","postal":"WA","area_sqkm":0,"sameascity":-99,"labelrank":0,"name_len":10,"mapcolor9":1,"mapcolor13":1,"fips":"US53","fips_alt":"","woe_id":2347606,"woe_label":"Washington, US, United States","woe_name":"Washington","latitude":47.4865,"longitude":-120.361,"sov_a3":"US1","adm0_a3":"USA","adm0_label":2,"admin":"United States of America","geonunit":"United States of America","gu_a3":"USA","gn_id":5815135,"gn_name":"Washington","gns_id":-1,"gns_name":"","gn_level":1,"gn_region":"","gn_a1_code":"US.WA","region_sub":"Pacific","sub_code":"","gns_level":-1,"gns_lang":"","gns_adm1":"","gns_region":"","min_label":3.5,"max_label":7.5,"min_zoom":2,"wikidataid":"Q1223","name_ar":"واشنطن","name_bn":"ওয়াশিংটন","name_de":"Washington","name_en":"Washington","name_es":"Washington","name_fr":"Washington","name_el":"Ουάσινγκτον","name_hi":"वॉशिंगटन राज्य","name_hu":"Washington","name_id":"Washington","name_it":"Washington","name_ja":"ワシントン州","name_ko":"워싱턴","name_nl":"Washington","name_pl":"Waszyngton","name_pt":"Washington","name_ru":"Вашингтон","name_sv":"Washington","name_tr":"Vaşington","name_vi":"Washington","name_zh":"华盛顿州","ne_id":1159309547,"name_he":"וושינגטון","name_uk":"Вашингтон","name_ur":"ریاست واشنگٹن","name_fa":"ایالت واشینگتن","name_zht":"華盛頓州","FCLASS_ISO":"","FCLASS_US":"","FCLASS_FR":"","FCLASS_RU":"","FCLASS_ES":"","FCLASS_CN":"","FCLASS_TW":"","FCLASS_IN":"","FCLASS_NP":"","FCLASS_PK":"","FCLASS_DE":"","FCLASS_GB":"","FCLASS_BR":"","FCLASS_IL":"","FCLASS_PS":"","FCLASS_SA":"","FCLASS_EG":"","FCLASS_MA":"","FCLASS_PT":"","FCLASS_AR":"","FCLASS_JP":"","FCLASS_KO":"","FCLASS_VN":"","FCLASS_TR":"","FCLASS_ID":"","FCLASS_PL":"","FCLASS_GR":"","FCLASS_IT":"","FCLASS_NL":"","FCLASS_SE":"","FCLASS_BD":"","FCLASS_UA":"","FCLASS_TLC":""}},
{"type":"Feature","geometry":{"type":"Polygon","coordinates":[[[-90.7,42.5],[-88.4,42.5],[-87,42.5],[-87.2,43.3],[-87.1,43.7],[-87,44.1],[-86.7,44.8],[-86.3,45.2],[-86.8,45.5],[-87.1,45.5],[-87.2,45.3],[-87.7,45.1],[-87.9,45.4],[-87.8,45.7],[-88.1,45.8],[-88.2,45.9],[-88.8,46],[-89.1,46.1],[-90.1,46.3],[-90.4,46.6],[-90,47.3],[-90.7,47.3],[-91.5,46.9],[-92,46.7],[-92.3,46.7],[-92.3,46.1],[-92.7,45.9],[-92.9,45.6],[-92.7,45.5],[-92.8,44.8],[-92.6,44.6],[-92.1,44.4],[-91.8,44.2],[-91.3,43.9],[-91.2,43.5],[-91.1,43.3],[-91.2,43.1],[-91.1,42.8],[-90.8,42.7],[-90.7,42.5]]]},"properties":{"featurecla":"Admin-1 scale rank","scalerank":2,"adm1_code":"USA-3553","diss_me":3553,"iso_3166_2":"US-WI","wikipedia":"http://en.wikipedia.org/wiki/Wisconsin","iso_a2":"US","adm0_sr":1,"name":"Wisconsin","name_alt":"WI|Wis.","name_local":"","type":"State","type_en":"State","code_local":"US55","code_hasc":"US.WI","note":"","hasc_maybe":"","region":"Midwest","region_cod":"","provnum_ne":0,"gadm_level":1,"check_me":20,"datarank":1,"abbrev":"Wis.","postal":"WI","area_sqkm":0,"sameascity":-99,"labelrank":0,"name_len":9,"mapcolor9":1,"mapcolor13":1,"fips":"US55","fips_alt":"","woe_id":2347608,"woe_label":"Wisconsin, US, United States","woe_name":"Wisconsin","latitude":44.3709,"longitude":-89.5831,"sov_a3":"US1","adm0_a3":"USA","adm0_label":2,"admin":"United States of America","geonunit":"United States of America","gu_a3":"USA","gn_id":5279468,"gn_name":"Wisconsin","gns_id":-1,"gns_name":"","gn_level":1,"gn_region":"","gn_a1_code":"US.WI","region_sub":"East North Central","sub_code":"","gns_level":-1,"gns_lang":"","gns_adm1":"","gns_region":"","min_label":3.5,"max_label":7.5,"min_zoom":2,"wikidataid":"Q1537","name_ar":"ويسكونسن","name_bn":"উইসকনসিন","name_de":"Wisconsin","name_en":"Wisconsin","name_es":"Wisconsin","name_fr":"Wisconsin","name_el":"Ουισκόνσιν","name_hi":"विस्कॉन्सिन","name_hu":"Wisconsin","name_id":"Wisconsin","name_it":"Wisconsin","name_ja":"ウィスコンシン州","name_ko":"위스콘신","name_nl":"Wisconsin","name_pl":"Wisconsin","name_pt":"Wisconsin","name_ru":"Висконсин","name_sv":"Wisconsin","name_tr":"Wisconsin","name_vi":"Wisconsin","name_zh":"威斯康星州","ne_id":1159315321,"name_he":"ויסקונסין","name_uk":"Вісконсин","name_ur":"وسکونسن","name_fa":"ویسکانسین","name_zht":"威斯康辛州","FCLASS_ISO":"","FCLASS_US":"","FCLASS_FR":"","FCLASS_RU":"","FCLASS_ES":"","FCLASS_CN":"","FCLASS_TW":"","FCLASS_IN":"","FCLASS_NP":"","FCLASS_PK":"","FCLASS_DE":"","FCLASS_GB":"","FCLASS_BR":"","FCLASS_IL":"","FCLASS_PS":"","FCLASS_SA":"","FCLASS_EG":"","FCLASS_MA":"","FCLASS_PT":"","FCLASS_AR":"","FCLASS_JP":"","FCLASS_KO":"","FCLASS_VN":"","FCLASS_TR":"","FCLASS_ID":"","FCLASS_PL":"","FCLASS_GR":"","FCLASS_IT":"","FCLASS_NL":"","FCLASS_SE":"","FCLASS_BD":"","FCLASS_UA":"","FCLASS_TLC":""}},
{"type":"Feature","geometry":{"type":"Polygon","coordinates":[[[-82,37.5],[-81.8,37.3],[-81.6,37.2],[-81.4,37.3],[-81.2,37.3],[-80.9,37.3],[-80.3,37.5],[-80.3,37.7],[-80,38],[-79.6,38.6],[-79.4,38.5],[-79.2,38.5],[-79,38.8],[-78.9,38.8],[-78.6,39],[-78.4,39.2],[-78.3,39.5],[-77.8,39.1],[-77.7,39.3],[-77.9,39.6],[-78.2,39.7],[-78.5,39.5],[-78.8,39.6],[-79.1,39.5],[-79.5,39.2],[-79.5,39.7],[-80.5,39.7],[-80.5,40.6],[-80.7,40.6],[-80.6,40.4],[-81,39.6],[-81.3,39.4],[-81.7,39.3],[-81.8,39.1],[-82.1,39],[-82.2,38.8],[-82.2,38.6],[-82.4,38.4],[-82.6,38.4],[-82.6,38.1],[-82.3,37.7],[-82,37.5]]]},"properties":{"featurecla":"Admin-1 scale rank","scalerank":2,"adm1_code":"USA-3554","diss_me":3554,"iso_3166_2":"US-WV","wikipedia":"http://en.wikipedia.org/wiki/West_Virginia","iso_a2":"US","adm0_sr":1,"name":"West Virginia","name_alt":"WV|W.Va.","name_local":"","type":"State","type_en":"State","code_local":"US54","code_hasc":"US.WV","note":"","hasc_maybe":"","region":"South","region_cod":"","provnum_ne":0,"gadm_level":1,"check_me":20,"datarank":1,"abbrev":"W.Va.","postal":"WV","area_sqkm":0,"sameascity":-99,"labelrank":0,"name_len":13,"mapcolor9":1,"mapcolor13":1,"fips":"US54","fips_alt":"","woe_id":2347607,"woe_label":"West Virginia, US, United States","woe_name":"West Virginia","latitude":38.6422,"longitude":-80.7128,"sov_a3":"US1","adm0_a3":"USA","adm0_label":2,"admin":"United States of America","geonunit":"United States of America","gu_a3":"USA","gn_id":4826850,"gn_name":"West Virginia","gns_id":-1,"gns_name":"","gn_level":1,"gn_region":"","gn_a1_code":"US.WV","region_sub":"South Atlantic","sub_code":"","gns_level":-1,"gns_lang":"","gns_adm1":"","gns_region":"","min_label":3.5,"max_label":7.5,"min_zoom":2,"wikidataid":"Q1371","name_ar":"فيرجينيا الغربية","name_bn":"পশ্চিম ভার্জিনিয়া","name_de":"West Virginia","name_en":"West Virginia","name_es":"Virginia Occidental","name_fr":"Virginie-Occidentale","name_el":"Δυτική Βιρτζίνια","name_hi":"पश्चिमी वर्जीनिया","name_hu":"Nyugat-Virginia","name_id":"Virginia Barat","name_it":"Virginia Occidentale","name_ja":"ウェストバージニア州","name_ko":"웨스트버지니아","name_nl":"West Virginia","name_pl":"Wirginia Zachodnia","name_pt":"Virgínia Ocidental","name_ru":"Западная Виргиния","name_sv":"West Virginia","name_tr":"Batı Virginia","name_vi":"Tây Virginia","name_zh":"西維吉尼亞州","ne_id":1159315323,"name_he":"וירג'יניה המערבית","name_uk":"Західна Вірджинія","name_ur":"مغربی ورجینیا","name_fa":"ویرجینیای غربی","name_zht":"西維吉尼亞州","FCLASS_ISO":"","FCLASS_US":"","FCLASS_FR":"","FCLASS_RU":"","FCLASS_ES":"","FCLASS_CN":"","FCLASS_TW":"","FCLASS_IN":"","FCLASS_NP":"","FCLASS_PK":"","FCLASS_DE":"","FCLASS_GB":"","FCLASS_BR":"","FCLASS_IL":"","FCLASS_PS":"","FCLASS_SA":"","FCLASS_EG":"","FCLASS_MA":"","FCLASS_PT":"","FCLASS_AR":"","FCLASS_JP":"","FCLASS_KO":"","FCLASS_VN":"","FCLASS_TR":"","FCLASS_ID":"","FCLASS_PL":"","FCLASS_GR":"","FCLASS_IT":"","FCLASS_NL":"","FCLASS_SE":"","FCLASS_BD":"","FCLASS_UA":"","FCLASS_TLC":""}},
{"type":"Feature","geometry":{"type":"Polygon","coordinates":[[[-104,41],[-104,41.8],[-104,43],[-104,43.8],[-104,45],[-105.4,45],[-107.3,45],[-108.9,45],[-111.1,45],[-111.1,44.5],[-111.1,42.8],[-111.1,42],[-111,41],[-109,41],[-107.8,41],[-105.9,41],[-104,41]]]},"properties":{"featurecla":"Admin-1 scale rank","scalerank":2,"adm1_code":"USA-3527","diss_me":3527,"iso_3166_2":"US-WY","wikipedia":"http://en.wikipedia.org/wiki/Wyoming","iso_a2":"US","adm0_sr":1,"name":"Wyoming","name_alt":"WY|Wyo.","name_local":"","type":"State","type_en":"State","code_local":"US56","code_hasc":"US.WY","note":"","hasc_maybe":"","region":"West","region_cod":"","provnum_ne":0,"gadm_level":1,"check_me":20,"datarank":1,"abbrev":"Wyo.","postal":"WY","area_sqkm":0,"sameascity":-99,"labelrank":0,"name_len":7,"mapcolor9":1,"mapcolor13":1,"fips":"US56","fips_alt":"","woe_id":2347609,"woe_label":"Wyoming, US, United States","woe_name":"Wyoming","latitude":42.9999,"longitude":-107.552,"sov_a3":"US1","adm0_a3":"USA","adm0_label":2,"admin":"United States of America","geonunit":"United States of America","gu_a3":"USA","gn_id":5843591,"gn_name":"Wyoming","gns_id":-1,"gns_name":"","gn_level":1,"gn_region":"","gn_a1_code":"US.WY","region_sub":"Mountain","sub_code":"","gns_level":-1,"gns_lang":"","gns_adm1":"","gns_region":"","min_label":3.5,"max_label":7.5,"min_zoom":2,"wikidataid":"Q1214","name_ar":"وايومنغ","name_bn":"ওয়াইয়োমিং","name_de":"Wyoming","name_en":"Wyoming","name_es":"Wyoming","name_fr":"Wyoming","name_el":"Ουαϊόμινγκ","name_hi":"वायोमिंग","name_hu":"Wyoming","name_id":"Wyoming","name_it":"Wyoming","name_ja":"ワイオミング州","name_ko":"와이오밍","name_nl":"Wyoming","name_pl":"Wyoming","name_pt":"Wyoming","name_ru":"Вайоминг","name_sv":"Wyoming","name_tr":"Wyoming","name_vi":"Wyoming","name_zh":"怀俄明州","ne_id":1159315351,"name_he":"ויומינג","name_uk":"Вайомінг","name_ur":"وائیومنگ","name_fa":"وایومینگ","name_zht":"懷俄明州","FCLASS_ISO":"","FCLASS_US":"","FCLASS_FR":"","FCLASS_RU":"","FCLASS_ES":"","FCLASS_CN":"","FCLASS_TW":"","FCLASS_IN":"","FCLASS_NP":"","FCLASS_PK":"","FCLASS_DE":"","FCLASS_GB":"","FCLASS_BR":"","FCLASS_IL":"","FCLASS_PS":"","FCLASS_SA":"","FCLASS_EG":"","FCLASS_MA":"","FCLASS_PT":"","FCLASS_AR":"","FCLASS_JP":"","FCLASS_KO":"","FCLASS_VN":"","FCLASS_TR":"","FCLASS_ID":"","FCLASS_PL":"","FCLASS_GR":"","FCLASS_IT":"","FCLASS_NL":"","FCLASS_SE":"","FCLASS_BD":"","FCLASS_UA":"","FCLASS_TLC":""}}
]}